patent_id,title,snippet,assignee,inventor,publication_date,filing_date,priority_date,grant_date,publication_number,patent_link,pdf,tier,type,search_assignee,keyword,base_query,cpcs_used
patent/US10713955B2/en,Method and system for providing artificial intelligence analytic (AIA) services …,"… a teen driver, elderly driver, professional race driver, fleet driver(s), and the like. The fleet drivers can be, but not limited to, UPS (United Parcel Service) drivers, police officers, Federal Express drivers, taxi drivers, Uber drivers, Lyft drivers, delivery drivers, bus drivers, and the like.",Xevo Inc.,Richard Chia Tsing Tong,2020-07-14,2017-12-22,2016-12-22,2020-07-14,US10713955B2,https://patents.google.com/patent/US10713955B2/en,https://patentimages.storage.googleapis.com/d6/05/65/65316d25a450df/US10713955.pdf,A-Baseline,Carrier Infrastructure,United Parcel Service,customs automation,customs automation,None (fallback)
patent/US11657364B1/en,Logistical management system,"Such logistical management systems can improve consistency by standardizing what tasks are created for certain orders, reduce human error by offloading the creation of tasks from handlers, can automatically assign tasks to handlers based on their expertise, and can improve accountability handlers …","Airspace Technologies, Inc.",Sergio CAPOZZI,2023-05-23,2021-11-23,2021-11-23,2023-05-23,US11657364B1,https://patents.google.com/patent/US11657364B1/en,https://patentimages.storage.googleapis.com/3f/4f/80/12eb900e1082ca/US11657364.pdf,A-Baseline,Carrier Infrastructure,United Parcel Service,customs automation,customs automation,None (fallback)
patent/US7937294B1/en,"System, and associated method, for configuring a buying club and a coop order","… purchasing has also evolved to include direct purchasing of products or services from or through remote vendors such as Amazon™, E-Bay™, Yahoo™, Expedia™, and Travelocity™. Products are often shipped through third party delivery companies, such as United Parcel Service™ or Federal Express™.","Telegrow, Llc",Thomas G. Murray,2011-05-03,2006-08-30,2002-01-12,2011-05-03,US7937294B1,https://patents.google.com/patent/US7937294B1/en,https://patentimages.storage.googleapis.com/42/59/3d/5b3e49173d0ff7/US7937294.pdf,A-Baseline,Carrier Infrastructure,United Parcel Service,customs automation,customs automation,None (fallback)
patent/US20190187690A1/en,Systems and methods for data communication over a plurality of data paths,"Systems and methods for data communication over a plurality of data paths are disclosed. Messages between a first node and a second node may be transmitted, wherein some of the messages are transmitted over a first data path using a first communication protocol, and some of the messages are …","Strong Force Iot Portfolio 2016, Llc",Charles Howard Cella,2019-06-20,2018-12-28,2016-05-09,,US20190187690A1,https://patents.google.com/patent/US20190187690A1/en,https://patentimages.storage.googleapis.com/20/40/f7/9aad447ce260c1/US20190187690A1.pdf,A-Baseline,General Infrastructure,ALL,customs automation,customs automation,None (fallback)
patent/US11644834B2/en,Systems and methods for safe and reliable autonomous vehicles,"at least one central processing unit (CPU) cluster or CPU complex supporting virtualization, wherein the CPU cluster or CPU complex is configured to perform serial work, and includes multiple CPU cores and associated L2 caches and comprises processing cores that support simplified power state entry …",Nvidia Corporation,Michael Alan DITTY,2023-05-09,2018-11-09,2017-11-10,2023-05-09,US11644834B2,https://patents.google.com/patent/US11644834B2/en,https://patentimages.storage.googleapis.com/90/bd/29/77d50efb802bf7/US11644834.pdf,A-Baseline,General Infrastructure,ALL,customs automation,customs automation,None (fallback)
patent/US11539591B2/en,Distributed network control system with one master controller per logical …,"Networks have traditionally been managed through low-level configuration of individual components. Network configurations often depend on the underlying network: for example, blocking a user's access with an access control list (“ACL”) entry requires knowing the user's current IP address. More …","Nicira, Inc.",W. Andrew Lambeth,2022-12-27,2019-06-09,2010-07-06,2022-12-27,US11539591B2,https://patents.google.com/patent/US11539591B2/en,https://patentimages.storage.googleapis.com/be/e8/a8/6cf33c2b5e87f8/US11539591.pdf,A-Baseline,General Infrastructure,ALL,customs automation,customs automation,None (fallback)
patent/US11593400B1/en,Automatic triage model execution in machine data driven monitoring automation …,Machine data of an operating environment is conveyed by a network to a data intake and query system (DIQS) which reflects the machine data as timestamped entries of a field-searchable datastore. Monitoring functionality may search the machine data to identify notable event instances. A notable …,Splunk Inc.,Adam Jamison Oliner,2023-02-28,2021-01-26,2016-09-26,2023-02-28,US11593400B1,https://patents.google.com/patent/US11593400B1/en,https://patentimages.storage.googleapis.com/d6/45/86/f80c6bba00ed63/US11593400B1.pdf,A-Baseline,General Infrastructure,ALL,customs automation,customs automation,None (fallback)
patent/US10942960B2/en,Automatic triage model execution in machine data driven monitoring automation …,Network connections are established between machines of an operating environment to be monitored and a server group of a data intake and query system (DIQS). Data reflecting machine and component operations of the environment is conveyed via the network to the DIQS where it is reflected as …,Splunk Inc.,Adam Jamison Oliner,2021-03-09,2018-07-30,2016-09-26,2021-03-09,US10942960B2,https://patents.google.com/patent/US10942960B2/en,https://patentimages.storage.googleapis.com/56/75/b1/235d2e156c51b0/US10942960.pdf,A-Baseline,General Infrastructure,ALL,customs automation,customs automation,None (fallback)
patent/US11039889B2/en,Patient-matched apparatus and methods for performing surgical procedures,"A system and method for developing customized apparatus, such as guides, for use in one or more surgical procedures is disclosed. The system and method incorporates a patient's unique anatomical features or morphology, which may be derived from capturing MRI data or CT data, to fabricate at least …","Mighty Oak Medical, Inc.",George Frey,2021-06-22,2018-06-04,2010-06-29,2021-06-22,US11039889B2,https://patents.google.com/patent/US11039889B2/en,https://patentimages.storage.googleapis.com/c2/b3/c4/e1884d1d2fd556/US11039889.pdf,A-Baseline,General Infrastructure,ALL,customs automation,customs automation,None (fallback)
patent/US20250271829A1/en,Method for establishing a building automation system including installing a …,"A control system configurable by a configuration application and comprising one or more control processors, one or more gateways, a communication network, a portable electronic device executing the configuration application and one or more controllable devices wherein the controllable device is …","Crestron Electronics, Inc.",Evan Robert Ackmann,2025-08-28,2025-05-14,2014-09-10,,US20250271829A1,https://patents.google.com/patent/US20250271829A1/en,,A-Baseline,General Infrastructure,ALL,customs automation,customs automation,None (fallback)
patent/JP7440651B2/en,Music content generation,"A method, generating, by a computer system, a plurality of image representations of a plurality of audio files, wherein the image representation of a particular audio file includes data for playback of music in the particular audio file and the particular audio file; steps, which are generated …",エーアイエムアイ インコーポレイテッド,バラッサニアン，エドワード,2024-02-28,2021-02-11,2020-02-11,2024-02-28,JP7440651B2,https://patents.google.com/patent/JP7440651B2/en,https://patentimages.storage.googleapis.com/89/06/14/0dda4db278c062/JP7440651B2.pdf,A-Baseline,General Infrastructure,ALL,customs automation,customs automation,None (fallback)
patent/US11810060B2/en,Systems and methods for facilitating e-commerce product returns using orders …,"A merchant can use an e-commerce platform to sell products to customers, and customers can use the e-commerce platform to return items that they are unsatisfied with back to the merchant. These product returns have an associated cost. Embodiments of the present disclosure relate to computer- …",Shopify Inc.,Anthony Nicholas Kentris,2023-11-07,2022-03-22,2019-11-18,2023-11-07,US11810060B2,https://patents.google.com/patent/US11810060B2/en,https://patentimages.storage.googleapis.com/87/0d/69/a64ebc461bcb73/US11810060.pdf,A-Baseline,General Infrastructure,ALL,customs automation,customs automation,None (fallback)
patent/CA3018186C/en,Genetic variant-phenotype analysis system and methods of use,"… absence of the at least one variant site for each of the plurality of variant data files, wherein the variant data file index data structure comprises a row for each variant of the plurality of variants and a column for each variant data file of the plurality of variant data files, wherein an entry …","Regeneron Pharmaceuticals, Inc.",Jeffrey Reid,2023-06-13,2017-03-29,2016-03-29,2023-06-13,CA3018186C,https://patents.google.com/patent/CA3018186C/en,https://patentimages.storage.googleapis.com/89/f0/66/0ff1ef3be143fa/CA3018186C.pdf,A-Baseline,General Infrastructure,ALL,customs automation,customs automation,None (fallback)
patent/US9642633B2/en,Patient-matched apparatus and methods for performing surgical procedures,"A system and method for developing customized apparatus for use in one or more surgical procedures is disclosed. The system and method incorporates a patient's unique anatomical features or morphology, which may be derived from capturing MRI data or CT data, to fabricate at least one custom …","Mighty Oak Medical, Inc.",George Frey,2017-05-09,2015-10-14,2010-06-29,2017-05-09,US9642633B2,https://patents.google.com/patent/US9642633B2/en,https://patentimages.storage.googleapis.com/16/4c/a5/b0f4f3add94592/US9642633.pdf,A-Baseline,General Infrastructure,ALL,customs automation,customs automation,None (fallback)
patent/CN107820695B/en,Method and apparatus for automatic determination of a formal response,"The client-to-enterprise service 110 may include a client portal 150. The customer portal 150 may be a uniform entry point into the customer to enterprise service 110 for the client application used by the customer. Customer portal 150 may serve as a general user portal for non-business entities, …",Facebook Inc.,马修·洛根·施米德,2021-06-29,2015-07-22,2015-03-25,2021-06-29,CN107820695B,https://patents.google.com/patent/CN107820695B/en,https://patentimages.storage.googleapis.com/7d/14/15/3b55fa7c7450c3/CN107820695B.pdf,A-Baseline,General Infrastructure,ALL,customs automation,customs automation,None (fallback)
patent/US12361032B2/en,Extraction rule generation using clustering,"Determining a set of extraction rules include clustering event segments into at least a first group of event segments, and determining, using first field data in the first group of event segments, a first set of extraction rules for extracting the first field data from each event segment of the …",Splunk Inc.,Li Li,2025-07-15,2021-11-30,2016-03-31,2025-07-15,US12361032B2,https://patents.google.com/patent/US12361032B2/en,,A-Baseline,General Infrastructure,ALL,customs automation,customs automation,None (fallback)
patent/US20220224777A1/en,System and method for data compression based on data position in frames …,"Method and system for lossless and stateless compression scheme is used with a fixed-length data such as frames. Frames having a payload of M bits length are mapped into a payload of N bits length, where N<M. The N bits payload of each received frame is extracted, and mapped using a memory, PLD, …",Arilou Information Security Technologies Ltd.,Avraham Entelis,2022-07-14,2022-03-19,2019-01-20,,US20220224777A1,https://patents.google.com/patent/US20220224777A1/en,https://patentimages.storage.googleapis.com/22/99/62/00c92fec584655/US20220224777A1.pdf,A-Baseline,General Infrastructure,ALL,customs automation,customs automation,None (fallback)
patent/US11055478B1/en,Systems and user interfaces for dynamic and interactive report generation and …,Various systems and methods are provided for accessing and traversing one or more complex data structures and generating a functional user interface that can enable non-technical users to quickly and dynamically edit and generate detailed reports. The user interfaces are interactive such that a …,"Addepar, Inc.",Christopher Thomas Bisignani,2021-07-06,2020-01-06,2014-09-05,2021-07-06,US11055478B1,https://patents.google.com/patent/US11055478B1/en,https://patentimages.storage.googleapis.com/34/ee/68/612ba090aaf5aa/US11055478.pdf,A-Baseline,General Infrastructure,ALL,customs automation,customs automation,None (fallback)
patent/US11775321B2/en,Robotic process automation with resilient playback capabilities,"Robotic process automation (RPA) systems with improved playback capabilities. Certain embodiments can provide resilient playback of software automation processes by providing enhanced capability to locate user interface controls within a screen image of a user interface. In some embodiments, one …","Automation Anywhere, Inc.",Sudhir Kumar Singh,2023-10-03,2020-12-31,2020-08-03,2023-10-03,US11775321B2,https://patents.google.com/patent/US11775321B2/en,https://patentimages.storage.googleapis.com/37/21/8e/70927862d69bf2/US11775321.pdf,A-Baseline,General Infrastructure,ALL,customs automation,customs automation,None (fallback)
patent/JP6568143B2/en,Medical monitoring system,"A medical patient monitoring device for monitoring physiological information, An interface configured to receive physiological information associated with at least one patient; A detector for detecting the physical presence of one or more clinician tokens within a detection range in the vicinity …",Masimo Corporation,ムーシン、バイラル,2019-08-28,2017-05-10,2009-03-04,2019-08-28,JP6568143B2,https://patents.google.com/patent/JP6568143B2/en,https://patentimages.storage.googleapis.com/8f/2f/c4/b79710c2c60278/JP6568143B2.pdf,A-Baseline,General Infrastructure,ALL,customs automation,customs automation,None (fallback)
patent/US10769724B1/en,Vehicle loan generation system: multiple vehicle loan offer generation,"The system and method allows a vehicle loan organization to generate multiple, customized vehicle loan offers to an applicant for different types of vehicles in an automated fashion. The system and method calculates an acquisition score to better determine the riskiness of offering a vehicle loan …",State Farm Mutual Automobile Insurance Company,Adam T. Shapley,2020-09-08,2018-10-25,2013-09-13,2020-09-08,US10769724B1,https://patents.google.com/patent/US10769724B1/en,https://patentimages.storage.googleapis.com/5b/78/99/a36e3324c535b6/US10769724.pdf,A-Baseline,General Infrastructure,ALL,customs automation,customs automation,None (fallback)
patent/US12265863B2/en,Technology add-on interface,The operation of an automatic data input and query system is controlled by well-defined control data. The system exposes user interfaces enabling an administrator to interact with control data to modify the ongoing operation of the system. Certain control data determines the collection and …,Splunk Inc.,Li Li,2025-04-01,2021-12-29,2016-03-31,2025-04-01,US12265863B2,https://patents.google.com/patent/US12265863B2/en,https://patentimages.storage.googleapis.com/23/57/5b/ba5de248833cc0/US12265863.pdf,A-Baseline,General Infrastructure,ALL,customs automation,customs automation,None (fallback)
patent/US11379508B1/en,User interface with automated condensation,Machine data reflecting operation of a monitored system is ingested and made available for search by a data intake and query system (DIQS). Ingested data includes log data entries produced by an application that represent low-level instances of user interface or interaction events. Inference …,Splunk Inc.,Sara Alspaugh,2022-07-05,2021-01-26,2019-02-22,2022-07-05,US11379508B1,https://patents.google.com/patent/US11379508B1/en,https://patentimages.storage.googleapis.com/2f/ad/1a/1397350488ef21/US11379508.pdf,A-Baseline,General Infrastructure,ALL,customs automation,customs automation,None (fallback)
patent/US20200007677A1/en,"Multi-level control, variable access, multi-user contextual intelligent …","… illustrates the communication flow in the system of the FIG. 25 example. FIG. 26 depicts a floor plan of a venue with hallways, individual rooms with separate entrances from the hallway, stairways and entry point such as a section of a hospital with three movable assets. FIG. 27 depicts the FIG. 26",Bernt Erik Bjontegard,Bernt Erik Bjontegard,2020-01-02,2019-09-06,2016-04-18,,US20200007677A1,https://patents.google.com/patent/US20200007677A1/en,https://patentimages.storage.googleapis.com/f5/d1/7a/f307d04b1ad325/US20200007677A1.pdf,A-Baseline,General Infrastructure,ALL,customs automation,customs automation,None (fallback)
patent/US9760871B1/en,"Event-triggered business-to-business electronic payment processing apparatuses, …","show data flow diagrams illustrating an example purchase transaction clearance procedure in some embodiments of the B2B-PAY; FIGS. 20A-B show logic flow diagrams illustrating example aspects of purchase transaction clearance in some embodiments of the B2B-PAY, e.g., a Purchase Transaction Clearance …",Visa International Service Association,Stacy Pourfallah,2017-09-12,2013-03-14,2011-04-01,2017-09-12,US9760871B1,https://patents.google.com/patent/US9760871B1/en,https://patentimages.storage.googleapis.com/72/43/c7/155c97f4c65084/US9760871.pdf,A-Baseline,General Infrastructure,ALL,customs automation,customs automation,None (fallback)
patent/US11893626B2/en,Method for creating commodity assets from unrefined commodity reserves …,… receives a higher-scoring version (usually the old version with a single new block added) they extend or overwrite their own database and retransmit the improvement to their peers. There is never an absolute guarantee that any particular entry will remain in the best version of the history forever.,Stichting Ip-Oversight,Christopher Youb,2024-02-06,2021-11-29,2017-03-08,2024-02-06,US11893626B2,https://patents.google.com/patent/US11893626B2/en,https://patentimages.storage.googleapis.com/e2/8e/1b/6ee3275a789753/US11893626.pdf,A-Baseline,General Infrastructure,ALL,customs automation,customs automation,None (fallback)
patent/US10664928B2/en,Computer implemented methods and apparatus for informing a user of social …,"… , updates to the status of a record, as well as the creation of the record itself. Some records are publicly accessible, such that any user can follow the record, while other records are private, for which appropriate security clearance/permissions are a prerequisite to a user following the record.","Salesforce.Com, Inc.",Elena Schneider,2020-05-26,2017-06-30,2011-10-10,2020-05-26,US10664928B2,https://patents.google.com/patent/US10664928B2/en,https://patentimages.storage.googleapis.com/cf/56/1b/8d665335fa6ec2/US10664928.pdf,A-Baseline,General Infrastructure,ALL,customs automation,customs automation,None (fallback)
patent/RU2755308C2/en,Automated multi-module tool for editing cells (options),"FIELD: biotechnology.SUBSTANCE: automated multi-module tool is proposed for editing specific target regions of the cell genome using RNA-guided nuclease (options). The tool contains a case, a container for receiving cells, a container for receiving nucleic acids, a module for growing cells, a …","Инскрипта, Инк.",Дон МАСКЕЛЬЕ,2021-09-15,2018-06-30,2017-06-30,2021-09-15,RU2755308C2,https://patents.google.com/patent/RU2755308C2/en,https://patentimages.storage.googleapis.com/ed/fc/b5/bfcefd613c5cb7/RU2755308C2.pdf,A-Baseline,General Infrastructure,ALL,customs automation,customs automation,None (fallback)
patent/US20240119463A1/en,System and method for managing transactions in dynamic digital documents,"… programmatically coded and encrypted based on computer-executable instructions or computer-readable instructions associated, mapped to and secured by unique cryptographic hash based on one of consumed items, unconsumed items, states, document term matrix, data table, hash-table entry, and entries …",Christian Gunther,Christian Gunther,2024-04-11,2023-09-29,2016-12-02,,US20240119463A1,https://patents.google.com/patent/US20240119463A1/en,https://patentimages.storage.googleapis.com/3e/48/cb/64c780528e8add/US20240119463A1.pdf,A-Baseline,General Infrastructure,ALL,customs automation,customs automation,None (fallback)
patent/US11803548B1/en,Automated generation of metrics from log data,"A log-to-metrics transformation system includes a log-to-metrics application executing on a processor. The log-to-metrics transformation system receives a format associated with machine data, and further receives, via a first graphical control, a first set of metric identifiers corresponding to a …",Splunk Inc.,Kieran Nicholas Cairney,2023-10-31,2022-01-18,2018-09-28,2023-10-31,US11803548B1,https://patents.google.com/patent/US11803548B1/en,https://patentimages.storage.googleapis.com/a6/29/cb/be15c9562682eb/US11803548.pdf,A-Baseline,General Infrastructure,ALL,customs automation,customs automation,None (fallback)
patent/US11170177B2/en,Computational linguistic analysis of learners' discourse in computer-mediated …,"13. The method of claim 12 , wherein an individual entry in the matrix r w (a, b) comprises the responsivity of participant a to b across w. 14. The method of claim 13 , wherein internal cohesion of a participant a comprises diagonal entry r w (a, a) in the w-spanning responsivity matrix, wherein the …",Nia Marcia Maria Dowell,Nia Marcia Maria Dowell,2021-11-09,2018-07-30,2017-07-28,2021-11-09,US11170177B2,https://patents.google.com/patent/US11170177B2/en,https://patentimages.storage.googleapis.com/e8/8f/18/91153f09036519/US11170177.pdf,A-Baseline,General Infrastructure,ALL,customs automation,customs automation,None (fallback)
patent/US10362057B1/en,Enterprise DNS analysis,"Provided are methods, network devices, and computer-program products for a domain name system (DNS) threat detection engine for analyzing DNS traffic for potential threats. In various implementations, the DNS threat detection engine can include threat profiles that include characteristics of …","Acalvio Technologies, Inc.",Erik Wu,2019-07-23,2017-06-06,2017-06-06,2019-07-23,US10362057B1,https://patents.google.com/patent/US10362057B1/en,https://patentimages.storage.googleapis.com/63/31/58/0893998586b8c4/US10362057.pdf,A-Baseline,General Infrastructure,ALL,customs automation,customs automation,None (fallback)
patent/US11061908B2/en,Triggering actions in an information feed system,"The system may suggest or recommend keywords to users based similarity or relevance to existing keywords. Keyword entry may employ an auto-complete or selection mechanism to enforce usage of existing keywords, which may help in avoiding the creation of many variations of one term. The system may …","Salesforce.Com, Inc.",Christopher A. Kemp,2021-07-13,2018-11-08,2010-10-25,2021-07-13,US11061908B2,https://patents.google.com/patent/US11061908B2/en,https://patentimages.storage.googleapis.com/c4/cb/57/8070c69f2ec5da/US11061908.pdf,A-Baseline,General Infrastructure,ALL,customs automation,customs automation,None (fallback)
patent/CN110325929B/en,System and method for signal waveform analysis for detecting changes in wired …,"The invention discloses an analyzer for monitoring the configuration of a wired network medium and for communication among multiple devices. The configuration change includes an additional device for listening to the medium for listening, or in place of one of the devices. The analyzer is …",阿瑞路资讯安全科技股份有限公司,吉儿·利堤起弗,2021-05-25,2017-11-18,2016-12-07,2021-05-25,CN110325929B,https://patents.google.com/patent/CN110325929B/en,https://patentimages.storage.googleapis.com/1d/97/f8/866bebe880b720/CN110325929B.pdf,A-Baseline,General Infrastructure,ALL,customs automation,customs automation,None (fallback)
patent/US11601498B2/en,Reconciliation of data stored on permissioned database storage across …,"generating a first data entry to be stored on the first ledger instance, wherein the first data entry represents the transaction from a point of view of the first settlement client; and generating a second data entry to be stored on the second ledger instance, wherein the second data entry …","Baton Systems, Inc.",Arjun Jayaram,2023-03-07,2021-03-30,2016-09-12,2023-03-07,US11601498B2,https://patents.google.com/patent/US11601498B2/en,https://patentimages.storage.googleapis.com/5e/3b/78/5962e28f981504/US11601498.pdf,A-Baseline,General Infrastructure,ALL,customs automation,customs automation,None (fallback)
patent/US12098356B2/en,Effects of space travel on human brain cells,"The invention generally relates to a microfluidic platforms or “chips” for testing and conducting experiments on the International Space Station (ISS). More specifically, microfluidic Brain-On-Chip, comprising neuronal and vascular endothelial cells, will be analyzed in both healthy and inflamed …","EMULATE, Inc.",Christopher David Hinojosa,2024-09-24,2022-09-27,2017-06-14,2024-09-24,US12098356B2,https://patents.google.com/patent/US12098356B2/en,https://patentimages.storage.googleapis.com/3a/be/8f/8abac68b66170d/US12098356.pdf,A-Baseline,General Infrastructure,ALL,customs automation,customs automation,None (fallback)
patent/US12217282B1/en,Advertiser campaign scripting,an entity selection menu from which a campaign management entity can be selected from a plurality of campaign management entities of advertising campaign data; a variable declaration menu from which a variable type from a plurality of variable types can be selected; a script editing environment in …,Google Llc,Varouj A. Chitilian,2025-02-04,2023-06-26,2011-08-19,2025-02-04,US12217282B1,https://patents.google.com/patent/US12217282B1/en,https://patentimages.storage.googleapis.com/c9/60/bc/407ce8a85a0032/US12217282.pdf,A-Baseline,General Infrastructure,ALL,customs automation,customs automation,None (fallback)
patent/US12182014B2/en,Cost effective storage management,"The table is scanned to determine if an identical hash was previously stored in the table. If it was not, the received data is stored in the Cloud Object Store, and a location pointer for the received data is stored in an entry within the table along with hash of the received data. When a duplicate …","Pure Storage, Inc.",Chad Monteith,2024-12-31,2022-04-28,2015-11-02,2024-12-31,US12182014B2,https://patents.google.com/patent/US12182014B2/en,https://patentimages.storage.googleapis.com/fd/fc/90/1ff3b8a767d9a5/US12182014.pdf,A-Baseline,General Infrastructure,ALL,customs automation,customs automation,None (fallback)
patent/US12062437B2/en,Method and apparatus to account for transponder tagged objects used during …,wherein updating the inventory based on the response signals detected includes updating at least one item entry of the inventory based on the response signals detected to identify a status of a corresponding item with a value that represents the corresponding item as accounted for outside a …,Covidien Lp,Bryan Hansen,2024-08-13,2023-04-26,2016-07-11,2024-08-13,US12062437B2,https://patents.google.com/patent/US12062437B2/en,https://patentimages.storage.googleapis.com/be/f2/34/6a13e2a9592954/US12062437.pdf,A-Baseline,General Infrastructure,ALL,customs automation,customs automation,None (fallback)
patent/US20220414418A1/en,"System and method for predictive curation, production infrastructure, and …","wherein the trigger set comprises system trigger events. 7 . The computer-implemented method of claim 1 , wherein the trigger events are adapted to accommodate different cultural customs. 8 . The computer-implemented method of claim 1 , further comprising the interactive curator engaging the user to …",Kodak Alaris Inc.,Kenneth Ruck,2022-12-29,2022-08-25,2016-06-02,,US20220414418A1,https://patents.google.com/patent/US20220414418A1/en,https://patentimages.storage.googleapis.com/33/20/7c/ca2a7d8b0d9b0a/US20220414418A1.pdf,A-Baseline,General Infrastructure,ALL,customs automation,customs automation,None (fallback)
patent/US20220126445A1/en,Machine learning model for task and motion planning,"Apparatuses, systems, and techniques are described that solve task and motion planning problems. In at least one embodiment, a task and motion planning problem is modeled using a geometric scene graph that records positions and orientations of objects within a playfield, and a symbolic scene graph …",Nvidia Corporation,Yuke Zhu,2022-04-28,2020-10-28,2020-10-28,,US20220126445A1,https://patents.google.com/patent/US20220126445A1/en,https://patentimages.storage.googleapis.com/87/83/9e/dd74a130b72308/US20220126445A1.pdf,A-Baseline,General Infrastructure,ALL,customs automation,customs automation,None (fallback)
patent/US10691512B1/en,Notifying entities of relevant events,The present invention extends to systems and methods for notifying entities of relevant events. An entity defines a rule formula that is triggered when one or more detected events match the rule formula including defining one or more event types and one or more locations types. A boundary …,"Banjo, Inc.",Damien Patton,2020-06-23,2020-01-23,2018-04-13,2020-06-23,US10691512B1,https://patents.google.com/patent/US10691512B1/en,https://patentimages.storage.googleapis.com/fb/cb/82/c5b7e5411489b1/US10691512.pdf,A-Baseline,General Infrastructure,ALL,customs automation,customs automation,None (fallback)
patent/EP3593254B1/en,Editing a database during preview of a virtual web page,"A computer-implemented method for updating a back-end database (124) containing data sets that populate a plurality of dynamic web pages of a website, the method comprising: receiving (2602) via a user interface (3531), a plurality of data elements (211, 2710, 2714, 2718, 2906, 3212), the data …",Wix.com Ltd.,Uval A. BLUMENFELD,2023-08-02,2018-07-24,2017-07-24,2023-08-02,EP3593254B1,https://patents.google.com/patent/EP3593254B1/en,https://patentimages.storage.googleapis.com/fc/aa/0d/def8dff374f764/EP3593254B1.pdf,A-Baseline,General Infrastructure,ALL,customs automation,customs automation,None (fallback)
patent/US11687413B1/en,Data snapshots for configurable screen on a wearable device,"Various embodiments of the present application set forth a computer-implemented method that includes receiving at a mobile device from a first data source, a plurality of live data snapshots, each live data snapshot included in the plurality of live data snapshots being associated with a different …",Splunk Inc.,Mingyuan CHEN,2023-06-27,2021-03-29,2019-01-31,2023-06-27,US11687413B1,https://patents.google.com/patent/US11687413B1/en,https://patentimages.storage.googleapis.com/02/cf/d9/0259b330513024/US11687413.pdf,A-Baseline,General Infrastructure,ALL,customs automation,customs automation,None (fallback)
patent/US10979559B2/en,Management of calls on mobile computing devices based on call participants,"A call community contact firewall may include a caller ID capture function retrieving caller ID data for a call to a recipient who is a member of the call community, and a caller ID lookup function configured to retrieve a firewall status based on the retrieved caller ID data, where a firewall …","Vyng, Inc.",Paul Kats,2021-04-13,2019-10-21,2015-05-01,2021-04-13,US10979559B2,https://patents.google.com/patent/US10979559B2/en,https://patentimages.storage.googleapis.com/09/18/93/870449f5b23a8a/US10979559.pdf,A-Baseline,General Infrastructure,ALL,customs automation,customs automation,None (fallback)
patent/AU2015215965B2/en,Secure short-distance-based communication and access control system,"[0030] A secure short-distance-based communication and access control system controls access to a geographic area. The system may be employed in an entry to a restricted area to control physical access to the area. The system employs low-powered beacons, such as Bluetooth beacons, IBEACON, …",Accenture Global Services Limited,Douglas Arthur Michael Archibald,2016-12-22,2015-08-22,2014-08-25,2016-12-22,AU2015215965B2,https://patents.google.com/patent/AU2015215965B2/en,https://patentimages.storage.googleapis.com/e3/96/8c/26e9b76a79d9a1/AU2015215965B2.pdf,A-Baseline,General Infrastructure,ALL,customs automation,customs automation,None (fallback)
patent/US20230250437A1/en,Oligonucleotide probes and uses thereof,"CROSS REFERENCE This application is a continuation of U.S. Application No. 16/897,976, filed Jun. 10, 2020, which is a continuation of U.S. Application No. 16/084,504, filed Sep. 12, 2018, which is the national stage entry of International Patent Application No. PCT/US2017/023108, filed Mar. 18, …","Caris Science, Inc.",Valeriy Domenyuk,2023-08-10,2022-04-22,2016-03-18,,US20230250437A1,https://patents.google.com/patent/US20230250437A1/en,https://patentimages.storage.googleapis.com/51/8d/75/79e2bd2fadb82f/US20230250437A1.pdf,A-Baseline,General Infrastructure,ALL,customs automation,customs automation,None (fallback)
patent/US11005990B2/en,Methods and systems for contact firewalls on mobile computing devices,"Generating a contact firewall for protecting participants of a sender-controlled media (SCM) platform may include receiving an indication that a non-participant sender of the SCM platform has initiated contact with a participant recipient, using sender information associated with the contact …","Vyng, Inc.",Paul Kats,2021-05-11,2019-10-21,2015-05-01,2021-05-11,US11005990B2,https://patents.google.com/patent/US11005990B2/en,https://patentimages.storage.googleapis.com/10/df/3a/914268f72aa5c9/US11005990.pdf,A-Baseline,General Infrastructure,ALL,customs automation,customs automation,None (fallback)
patent/US11096519B2/en,Automatic food preparation apparatus,"In an embodiment, an automatic food preparation and serving apparatus comprises: a digital electronics storage controller configured to send signals representing an order input; a storage apparatus comprising a plurality of temperature-control regions and configured to hold one or more magazines …","Keenwawa, Inc.",Adam HIATT,2021-08-24,2019-05-06,2017-03-06,2021-08-24,US11096519B2,https://patents.google.com/patent/US11096519B2/en,https://patentimages.storage.googleapis.com/7b/15/e9/79db4b55f2347b/US11096519.pdf,A-Baseline,General Infrastructure,ALL,customs automation,customs automation,None (fallback)
patent/US10938984B2/en,Management of media content associated with ending a call on mobile computing …,"Responsive to receiving an indication that a call in process is ending, a post-call application of a call-participant device may be activated. The post-call application may cause a screen update of the call-participant device that includes at least one of a call to action by the call-participant …","Vyng, Inc.",Paul Kats,2021-03-02,2019-10-21,2015-05-01,2021-03-02,US10938984B2,https://patents.google.com/patent/US10938984B2/en,https://patentimages.storage.googleapis.com/d3/d1/71/f6e9e07719256a/US10938984.pdf,A-Baseline,General Infrastructure,ALL,customs automation,customs automation,None (fallback)
patent/US20200053214A1/en,Management of calls and media content associated with a caller on mobile …,"What is claimed is: 1 . A method comprising: for each call originator originating a call to members of a call group, gathering call originator feedback from the members; storing the feedback from the members in a contact firewall data structure indexed by call originator identification information;","Vyng, Inc.",Paul Kats,2020-02-13,2019-10-21,2015-05-01,,US20200053214A1,https://patents.google.com/patent/US20200053214A1/en,https://patentimages.storage.googleapis.com/24/0d/34/0c1da1bca59f8f/US20200053214A1.pdf,A-Baseline,General Infrastructure,ALL,customs automation,customs automation,None (fallback)
patent/US10965809B2/en,Management of media content associated with a call participant on mobile …,"A method may include receiving an indication of a call from a caller who is not a participant in a sender-controlled media (SCM) platform to a recipient who is a participant, using caller ID information of the call to gather content pertaining to the caller (e.g., from data stores of the platform …","Vyng, Inc.",Paul Kats,2021-03-30,2019-10-21,2015-05-01,2021-03-30,US10965809B2,https://patents.google.com/patent/US10965809B2/en,https://patentimages.storage.googleapis.com/b4/d0/38/66d884652c9a6c/US10965809.pdf,A-Baseline,General Infrastructure,ALL,customs automation,customs automation,None (fallback)
patent/US10951755B2/en,Management of media content for caller IDs on mobile computing devices,"A method may include detecting initiation of a call that causes visual caller ID content to be accessible on a call-receiving device of the recipient, and pausing delivery of the call. While pausing delivery of the call, the method may further include presenting a visual caller ID configuration …","Vyng, Inc.",Paul Kats,2021-03-16,2019-10-21,2015-05-01,2021-03-16,US10951755B2,https://patents.google.com/patent/US10951755B2/en,https://patentimages.storage.googleapis.com/c8/b7/33/ecb81b0210a7fd/US10951755.pdf,A-Baseline,General Infrastructure,ALL,customs automation,customs automation,None (fallback)
patent/US10931819B2/en,Management of media content associated with a user of a mobile computing device,"A sender-controlled media (SCM) platform may capture live content by a call-originating device (such as audio, video, and text input by a caller), process the live content to determine an intent, select a visual element based on the intent, and present the visual element on the call-originating …","Vyng, Inc.",Paul Kats,2021-02-23,2019-10-21,2015-05-01,2021-02-23,US10931819B2,https://patents.google.com/patent/US10931819B2/en,https://patentimages.storage.googleapis.com/8a/47/3d/2e53fb134bd061/US10931819.pdf,A-Baseline,General Infrastructure,ALL,customs automation,customs automation,None (fallback)
patent/US11381679B2/en,Management of media content associated with call context on mobile computing …,"A method may include receiving an indication of a call from a caller who is not a participant in a sender-controlled media (SCM) platform to a recipient who is a participant, using caller ID information to gather content pertaining to the caller (e.g., from data stores of the platform and public …","Vyng, Inc.",Paul Kats,2022-07-05,2019-10-21,2015-05-01,2022-07-05,US11381679B2,https://patents.google.com/patent/US11381679B2/en,https://patentimages.storage.googleapis.com/13/56/51/d0c21ab7cf3ec4/US11381679.pdf,A-Baseline,General Infrastructure,ALL,customs automation,customs automation,None (fallback)
patent/US10944863B2/en,Management of media content derived from natural language processing on mobile …,"A system may facilitate communication between a messaging platform associating a hash tag with a message and a content matching platform. A natural language processing (NLP) facility may produce at least one of an understanding, theme, emotion, and intent of a message. A metadata matching facility …","Vyng, Inc.",Paul Kats,2021-03-09,2019-10-21,2015-05-01,2021-03-09,US10944863B2,https://patents.google.com/patent/US10944863B2/en,https://patentimages.storage.googleapis.com/77/1f/3a/987f91158d52d5/US10944863.pdf,A-Baseline,General Infrastructure,ALL,customs automation,customs automation,None (fallback)
patent/US20220215944A1/en,Medical monitoring system,Medical patient monitoring devices that have the capability of detecting the physical proximity of a clinician token are disclosed. The medical patient monitoring devices may be configured to perform a selected action when the presence of a clinician is detected. The selected action may be …,Masimo Corporation,Ammar Al-Ali,2022-07-07,2021-08-10,2009-03-04,,US20220215944A1,https://patents.google.com/patent/US20220215944A1/en,https://patentimages.storage.googleapis.com/a5/5e/0e/a5b3ba940e1c6b/US20220215944A1.pdf,A-Baseline,General Infrastructure,ALL,customs automation,customs automation,None (fallback)
patent/KR102506249B1/en,Drug delivery system and method of use,"Drug delivery system and method of use {DRUG DELIVERY SYSTEM AND METHOD OF USE} Cross-Reference to Related Applications Priority is claimed to U.S. Provisional Patent Application No. 62/007,007, filed on June 3, 2014, the entire contents of which are expressly incorporated herein by reference.",Amgen Inc.,페리 탐토로,2023-03-03,2015-06-03,2014-06-03,2023-03-03,KR102506249B1,https://patents.google.com/patent/KR102506249B1/en,https://patentimages.storage.googleapis.com/fd/25/22/c89ed87815e3be/KR102506249B1.pdf,A-Baseline,General Infrastructure,ALL,customs automation,customs automation,None (fallback)
patent/US11816973B2/en,Health care sanitation monitoring system,A medical sanitation device may include a detector for detecting the physical presence of a clinician token within a detection area in the vicinity of the medical sanitation device. The clinician token may be indicative of the identity of a clinician. The medical sanitation device also includes a …,Masimo Corporation,Massi Joe Kiani,2023-11-14,2021-10-12,2011-08-19,2023-11-14,US11816973B2,https://patents.google.com/patent/US11816973B2/en,https://patentimages.storage.googleapis.com/d1/c2/d3/d6b47fc3b825c1/US11816973.pdf,A-Baseline,General Infrastructure,ALL,customs automation,customs automation,None (fallback)
patent/US20220237700A1/en,Artificial intelligence investment platform,illustrates an investment account generation and/or linkage GUI according to one embodiment of the present invention. FIG. 49 illustrates a brokerage account generation GUI including a type of account entry page according to one embodiment of the present invention. FIG. 50 illustrates a brokerage …,"Quantel AI, Inc.",Shyam Sreenivasan,2022-07-28,2022-01-18,2021-01-25,,US20220237700A1,https://patents.google.com/patent/US20220237700A1/en,https://patentimages.storage.googleapis.com/aa/1d/29/df22e68cb3dca4/US20220237700A1.pdf,A-Baseline,General Infrastructure,ALL,customs automation,customs automation,None (fallback)
patent/US11708392B2/en,Peptide conjugates,"Methods and compositions related to the selective, specific disruption of multiple ligand-receptor signaling interactions, such as ligand-receptor interactions implicated in disease, are disclosed. These interactions may involve multiple cytokines in a single receptor family or multiple ligand …","Bioniz, Llc",Yutaka Tagaya,2023-07-25,2020-09-04,2011-01-18,2023-07-25,US11708392B2,https://patents.google.com/patent/US11708392B2/en,https://patentimages.storage.googleapis.com/a9/17/97/46c5d42af4cea4/US11708392.pdf,A-Baseline,General Infrastructure,ALL,customs automation,customs automation,None (fallback)
patent/US11501374B1/en,Systems and user interfaces for dynamic and interactive table generation and …,"… efficiently import, validate, and/or convert large amounts of data for use in the system, as described herein. The data import tool may enable a user to manage the import of hundreds, thousands, and even millions of data items in a fraction of the time that manual entry of such data items may take.","Addepar, Inc.",Benjamin J. Cohen,2022-11-15,2020-06-25,2015-11-06,2022-11-15,US11501374B1,https://patents.google.com/patent/US11501374B1/en,https://patentimages.storage.googleapis.com/8b/9d/78/7aaa49bce2f764/US11501374.pdf,A-Baseline,General Infrastructure,ALL,customs automation,customs automation,None (fallback)
patent/US11133105B2/en,Medical monitoring system,"Medical patient monitoring devices that have the capability of detecting the physical proximity of a clinician are disclosed. The medical patient monitoring devices may be configured to perform a first selected action when the presence of a clinician is detected in a first detection area, and to …",Masimo Corporation,Anand Sampath,2021-09-28,2018-07-23,2009-03-04,2021-09-28,US11133105B2,https://patents.google.com/patent/US11133105B2/en,https://patentimages.storage.googleapis.com/7e/2e/9f/322807d15d3e79/US11133105.pdf,A-Baseline,General Infrastructure,ALL,customs automation,customs automation,None (fallback)
patent/US20250156717A1/en,Gaze detection using one or more neural networks,"Apparatuses, systems, and techniques are described to determine locations of objects using images including digital representations of those objects. In at least one embodiment, a gaze of one or more occupants of a vehicle is determined independently of a location of one or more sensors used to …",Nvidia Corporation,Feng Hu,2025-05-15,2025-01-15,2019-08-19,,US20250156717A1,https://patents.google.com/patent/US20250156717A1/en,https://patentimages.storage.googleapis.com/40/d8/fe/fad24ca33e68d1/US20250156717A1.pdf,A-Baseline,General Infrastructure,ALL,customs automation,customs automation,None (fallback)
patent/US9943116B2/en,Electronic vapor device warning system,"Provided are systems, methods and/or electronic vapor devices configured to analyze matter of at least one of smoke, vapor or other material in order to at least one of analyze, classify, compare, validate, refute and catalog said matter, then reference conditions in order to send system alerts …","Lunatech, Llc",John Cameron,2018-04-17,2016-11-16,2015-11-17,2018-04-17,US9943116B2,https://patents.google.com/patent/US9943116B2/en,https://patentimages.storage.googleapis.com/15/d4/c5/c0c98d23539635/US9943116.pdf,A-Baseline,General Infrastructure,ALL,customs automation,customs automation,None (fallback)
patent/US12113856B1/en,Systems and methods for detecting associated webpages and initiating an …,"A computerized method is disclosed that includes operations of detecting user input to a first webpage rendered within a web browser, the user input corresponds to closure of the first webpage, providing an indication of the user input corresponding to the closure of the first webpage to a web …",Splunk Inc.,Jonathan Ng,2024-10-08,2022-05-13,2018-01-31,2024-10-08,US12113856B1,https://patents.google.com/patent/US12113856B1/en,https://patentimages.storage.googleapis.com/fc/24/74/ba277cd59bfc06/US12113856.pdf,A-Baseline,General Infrastructure,ALL,customs automation,customs automation,None (fallback)
patent/CA2947887C/en,Process control systems and methods for use with filters and filtration …,"Systems and methods used to control tangential flow filtration are provided, including control systems and methods for use with connected systems with upstream processing units, such as chromatography processing units, in fluid communication with a tangential flow filtration processing unit. Also …",Amgen Inc.,Eva Fan Gefroh,2023-04-04,2015-05-13,2014-05-13,2023-04-04,CA2947887C,https://patents.google.com/patent/CA2947887C/en,https://patentimages.storage.googleapis.com/ab/96/33/b2cdc260a739c3/CA2947887C.pdf,A-Baseline,General Infrastructure,ALL,customs automation,customs automation,None (fallback)
patent/US12341624B2/en,Building management system with identity management,"A building system for identity management of a building, the building system including one or more storage devices configured to store instructions thereon, that, when executed by one or more processors, cause the one or more processors to receive a request to determine whether an entity has a …",Johnson Controls Technology Company,Youngchoon Park,2025-06-24,2023-09-12,2017-02-10,2025-06-24,US12341624B2,https://patents.google.com/patent/US12341624B2/en,https://patentimages.storage.googleapis.com/5f/58/de/e34856a6b9835f/US12341624B2.pdf,A-Baseline,General Infrastructure,ALL,customs automation,customs automation,None (fallback)
patent/US20200241031A1/en,Automated solution dispenser,"Provided herein are methods and systems of the invention that include the use of an automated solution dispenser to form a solution according to at least one target characteristic. A controller may be operatively connected to the automated solution dispenser, wherein the controller is programmed …",Labminds Ltd,Ville Lehtonen,2020-07-30,2019-12-17,2015-02-06,,US20200241031A1,https://patents.google.com/patent/US20200241031A1/en,https://patentimages.storage.googleapis.com/1e/cb/4c/d44c4792a9f1bd/US20200241031A1.pdf,A-Baseline,General Infrastructure,ALL,customs automation,customs automation,None (fallback)
patent/EP3600668B1/en,Modular organ microphysiological system with microbiome,"One or more features in the entry, the conduit, and/or the exit of the spillway are provided to ensure spontaneous capillary flow across the spillway for unidirectional self-leveling of fluid amount in MPS chambers. Some embodiments provide entry geometry that eliminates a step or V-cut to minimize …",Massachusetts Institute of Technology,Linda G. Griffith,2022-01-26,2018-03-20,2017-03-21,2022-01-26,EP3600668B1,https://patents.google.com/patent/EP3600668B1/en,https://patentimages.storage.googleapis.com/32/44/0b/dd1a0ef23f8e90/EP3600668B1.pdf,A-Baseline,General Infrastructure,ALL,customs automation,customs automation,None (fallback)
patent/US11390301B2/en,Tensor-based driving scenario characterization,Techniques to characterize driving scenarios for autonomous vehicles characterize a path in a driving scenario according to metrics such as narrowness and effort. The scenarios may be characterized using a tree-based or tensor-based approach.,Nvidia Corporation,Siva Kumar Sastry Hari,2022-07-19,2020-06-10,2020-06-10,2022-07-19,US11390301B2,https://patents.google.com/patent/US11390301B2/en,https://patentimages.storage.googleapis.com/21/b8/70/f39650d717a7ed/US11390301.pdf,A-Baseline,General Infrastructure,ALL,customs automation,customs automation,None (fallback)
patent/US20250030602A1/en,"System, method, and apparatus for extra vehicle communications control","… accepted policy input values; and a policy application engine structured to communicate the policy to the CND. 15 . The system of claim 14 , wherein the policy interaction code comprises at least one of: a header file; a parameter definition; or an application programming interface (API) declaration.","Sonatus, Inc.",Yu Fang,2025-01-23,2024-10-07,2019-09-20,,US20250030602A1,https://patents.google.com/patent/US20250030602A1/en,https://patentimages.storage.googleapis.com/97/3c/7f/c6837db8590fb6/US20250030602A1.pdf,A-Baseline,General Infrastructure,ALL,customs automation,customs automation,None (fallback)
patent/US10740353B2/en,Systems and methods for managing distributed database deployments,"2. The system of claim 1 , wherein the at least one processor is configured to provision the cloud resources responsive to user entry of naming information, architecture information, database subsystem version, database geographic region, instance size, and database management information. 3. The …","Mongodb, Inc.",Eliot Horowitz,2020-08-11,2017-06-20,2010-12-23,2020-08-11,US10740353B2,https://patents.google.com/patent/US10740353B2/en,https://patentimages.storage.googleapis.com/05/29/6f/85a00c0e500ef3/US10740353.pdf,A-Baseline,General Infrastructure,ALL,customs automation,customs automation,None (fallback)
patent/US11544288B2/en,Systems and methods for managing distributed database deployments,"According to one embodiment, the provisioning component is configured to provision the cloud resources responsive to user entry of naming information, architecture information, database subsystem version, database geographic region, instance size, and database management information. According to …","Mongodb, Inc.",Eliot Horowitz,2023-01-03,2017-06-20,2010-12-23,2023-01-03,US11544288B2,https://patents.google.com/patent/US11544288B2/en,https://patentimages.storage.googleapis.com/f5/93/af/bfab0bbe069d35/US11544288.pdf,A-Baseline,General Infrastructure,ALL,customs automation,customs automation,None (fallback)
patent/US20240259412A1/en,Deobfuscating and decloaking web-based malware with abstract execution,"Techniques for deobfuscating and decloaking web-based malware with abstract execution is disclosed. In some embodiments, a system/process/computer program product for deobfuscating and decloaking web-based malware with abstract execution includes receiving a sample; performing an abstract …","Palo Alto Networks, Inc.",William Russell Melicher,2024-08-01,2024-03-19,2020-10-14,,US20240259412A1,https://patents.google.com/patent/US20240259412A1/en,https://patentimages.storage.googleapis.com/17/17/1c/2546bb2f17d115/US20240259412A1.pdf,A-Baseline,General Infrastructure,ALL,customs automation,customs automation,None (fallback)
patent/US11615115B2/en,Systems and methods for managing distributed database deployments,"According to one embodiment, the provisioning component is configured to provision the cloud resources responsive to user entry of naming information, architecture information, database subsystem version, database geographic region, instance size, and database management information. According to …","Mongodb, Inc.",Eliot Horowitz,2023-03-28,2017-06-20,2010-12-23,2023-03-28,US11615115B2,https://patents.google.com/patent/US11615115B2/en,https://patentimages.storage.googleapis.com/2a/9a/c8/90eabf0ccbc581/US11615115.pdf,A-Baseline,General Infrastructure,ALL,customs automation,customs automation,None (fallback)
patent/US10713280B2/en,Systems and methods for managing distributed database deployments,"According to one embodiment, the provisioning component is configured to provision the cloud resources responsive to user entry of naming information, architecture information, database subsystem version, database geographic region, instance size, and database management information. According to …","Mongodb, Inc.",Eliot Horowitz,2020-07-14,2017-06-20,2010-12-23,2020-07-14,US10713280B2,https://patents.google.com/patent/US10713280B2/en,https://patentimages.storage.googleapis.com/34/f1/ef/5e6d45e444ae1b/US10713280B2.pdf,A-Baseline,General Infrastructure,ALL,customs automation,customs automation,None (fallback)
patent/US10599313B2/en,System for high volume data analytic integration and channel-independent …,"A system and user interface capable of effectively manipulating high volumes of data is provided. The system and/or user interface is specially-configured to aggregate large data volumes and translate the large data volumes into summary information associated with navigable categorizations (e.g., …","Nanigans, Inc.",Ric Calvillo,2020-03-24,2016-10-11,2015-05-29,2020-03-24,US10599313B2,https://patents.google.com/patent/US10599313B2/en,https://patentimages.storage.googleapis.com/4c/4f/f8/849fb834197c8f/US10599313.pdf,A-Baseline,General Infrastructure,ALL,customs automation,customs automation,None (fallback)
patent/US11334063B2/en,Systems and methods for policy automation for a data collection system,"Methods and systems for policy automation for a data collection system in an industrial environment are disclosed. A policy input interface may be structured to receive policy inputs relating to definition of at least one parameter of at least one of a rule, a policy, or a protocol, wherein the at …","Strong Force Iot Portfolio 2016, Llc",Charles Howard Cella,2022-05-17,2018-12-18,2016-05-09,2022-05-17,US11334063B2,https://patents.google.com/patent/US11334063B2/en,https://patentimages.storage.googleapis.com/12/c3/d0/4f77e71910cee8/US11334063.pdf,A-Baseline,General Infrastructure,ALL,customs automation,customs automation,None (fallback)
patent/US20210274958A1/en,Portable beverage brewing and beverage analyte tracking devices and systems,"Disclosed are systems, devices and methods for providing a beverage brewing and analyte tracking portable platform. In some embodiments of the disclosed portable beverage brewing and analyte tracking technology, an intelligent beverage management system includes a portable brewing device in …",Bruvida Inc.,Alexander BOONE,2021-09-09,2021-05-21,2016-12-20,,US20210274958A1,https://patents.google.com/patent/US20210274958A1/en,https://patentimages.storage.googleapis.com/ca/59/4d/164e303fd47171/US20210274958A1.pdf,A-Baseline,General Infrastructure,ALL,customs automation,customs automation,None (fallback)
patent/US12384410B2/en,Task-motion planning for safe and efficient urban driving,"Autonomous vehicles plan at a task level to compute a sequence of symbolic actions to fulfill service requests, where efficiency is the main concern. The vehicle computes continuous trajectories to perform actions at the motion level, where safety is important. Task-motion planning in autonomous …",The Research Foundation For The State University Of New York,Shiqi ZHANG,2025-08-12,2022-03-05,2021-03-05,2025-08-12,US12384410B2,https://patents.google.com/patent/US12384410B2/en,,A-Baseline,General Infrastructure,ALL,customs automation,customs automation,None (fallback)
patent/US12017352B2/en,Transformation of joint space coordinates using machine learning,"Apparatuses, systems, and techniques to map coordinates in task space to a set of joint angles of an articulated robot. In at least one embodiment, a neural network is trained to map task-space coordinates to joint space coordinates of a robot by simulating a plurality of robots at various joint …",Nvidia Corporation,Visak Chadalavada Vijay Kumar,2024-06-25,2021-02-16,2020-10-29,2024-06-25,US12017352B2,https://patents.google.com/patent/US12017352B2/en,https://patentimages.storage.googleapis.com/92/07/25/a2712302641808/US12017352.pdf,A-Baseline,General Infrastructure,ALL,customs automation,customs automation,None (fallback)
patent/US20220160309A1/en,Multiple partially redundant biometric sensing devices,"The present invention relates to a system and method for acquiring and analyzing physiological data from a user. The system includes a plurality of interconnected devices, which may communicate sensor data to a personal mobile electronic device. Each interconnected device includes at least one …",Poltorak Technologies Llc,Alexander Poltorak,2022-05-26,2021-11-22,2020-11-20,,US20220160309A1,https://patents.google.com/patent/US20220160309A1/en,https://patentimages.storage.googleapis.com/e6/65/af/409e36bdd74c91/US20220160309A1.pdf,A-Baseline,General Infrastructure,ALL,customs automation,customs automation,None (fallback)
patent/US11587032B2/en,Flame retardant storage cabinet with inventory control,"… is not limited to, a portion of biometric data, a code, a number, a letter, a barcode, a proximity sensor via wireless data transfer (e.g., Radio Frequency Identification (RFID), Near Field Communication (NFC), wireless communication via a transmitter and a receiver, among others), a keypad entry, …","3 Strike, Llc",Leonard M. Bashkin,2023-02-21,2020-11-24,2017-10-20,2023-02-21,US11587032B2,https://patents.google.com/patent/US11587032B2/en,https://patentimages.storage.googleapis.com/f0/93/5a/f904d07a8c1134/US11587032B2.pdf,A-Baseline,General Infrastructure,ALL,customs automation,customs automation,None (fallback)
patent/RU2734788C2/en,Methods and system for developing an application for managing hierarchical …,"FIELD: technological processes. SUBSTANCE: invention relates process control. In the method of developing a hierarchical asset management application, executed by the system controller, determining an input equipment list and associated parameters; selecting template of customized assets from …",Schneider Electric Systems Usa Inc.,Ричард Л. ЛИНСКОТТ,2020-10-23,2016-10-12,2015-10-13,2020-10-23,RU2734788C2,https://patents.google.com/patent/RU2734788C2/en,https://patentimages.storage.googleapis.com/49/90/a0/fb4dff52507ae6/RU2734788C2.pdf,A-Baseline,General Infrastructure,ALL,customs automation,customs automation,None (fallback)
patent/US11701771B2/en,Grasp generation using a variational autoencoder,"In at least one embodiment, a system determines a set of possible grasp poses that allow a robot to successfully grasp an object by generating a set of potential grasp poses, and then evaluating the performance of each potential grasp pose. In at least one embodiment, the system performs a …",Nvidia Corporation,Arsalan Mousavian,2023-07-18,2020-03-04,2019-05-15,2023-07-18,US11701771B2,https://patents.google.com/patent/US11701771B2/en,https://patentimages.storage.googleapis.com/2a/bd/3e/8212c7586a9abd/US11701771.pdf,A-Baseline,General Infrastructure,ALL,customs automation,customs automation,None (fallback)
patent/AU2015346343B2/en,Macrocyclic peptides useful as immunomodulators,"Interference with the PD-1/PD-L1 interaction causes enhanced T cell activity in systems with chronic infection. Blockade of PD-L1 caused improved viral clearance and restored immunity in mice with chromoic lymphocytic chorio meningitis virus infection (Barber, D.L. et al., Restoring function in …",Bristol-Myers Squibb Company,Kenneth M. Boy,2020-05-14,2015-11-12,2014-11-14,2020-05-14,AU2015346343B2,https://patents.google.com/patent/AU2015346343B2/en,https://patentimages.storage.googleapis.com/cb/34/28/91d42ccc173495/AU2015346343B2.pdf,A-Baseline,General Infrastructure,ALL,customs automation,customs automation,None (fallback)
patent/US11682390B2/en,Interactive interface for analytics,"Method, systems, and apparatus, including computer-readable media, for an interactive interface for analytics. In some implementations, the data is accessed identifying an information card configured to present data objects of a data set. User input data is received indicating user input to enable …",Microstrategy Incorporated,Charlie Temkin,2023-06-20,2020-02-06,2019-02-06,2023-06-20,US11682390B2,https://patents.google.com/patent/US11682390B2/en,https://patentimages.storage.googleapis.com/e9/92/9b/42caa9c5c689fe/US11682390.pdf,A-Baseline,General Infrastructure,ALL,customs automation,customs automation,None (fallback)
patent/US12232457B1/en,Robotic transport for grow systems,"… the produce we grow?” Traditional methods of tracking labor/materials often rely on immediate data entry that is challenging for farmers that are out in the field, wearing gloves, around lots of water, and unable to regularly interact with electronic devices like phones or computers while working.",Hippo Harvest Inc.,Eitan Marder-Eppstein,2025-02-25,2024-02-07,2020-02-20,2025-02-25,US12232457B1,https://patents.google.com/patent/US12232457B1/en,https://patentimages.storage.googleapis.com/30/6d/15/16b1dbc379b683/US12232457.pdf,A-Baseline,General Infrastructure,ALL,customs automation,customs automation,None (fallback)
patent/US20250313891A1/en,Method of in situ gene sequencing,"Provided herein are devices, methods, and systems for in situ gene sequencing of a target nucleic acid in a cell in an intact tissue. Methods of screening a candidate agent to determine whether the candidate agent modulates gene expression of a nucleic acid in a cell in an intact tissue are also …",The Board Of Trustees Of The Leland Stanford Junior University,Xiao Wang,2025-10-09,2025-06-05,2018-04-09,,US20250313891A1,https://patents.google.com/patent/US20250313891A1/en,,A-Baseline,General Infrastructure,ALL,customs automation,customs automation,None (fallback)
patent/US9791839B2/en,User-relocatable self-learning environmental control device capable of adapting …,A thermostat device may include a processing system configured to learn a heating schedule at a first location according to an automated schedule learning algorithm that processes inputs including user inputs and occupancy sensing inputs and derives schedule-affecting parameters therefrom that are …,Google Inc.,Yoky Matsuoka,2017-10-17,2014-03-28,2014-03-28,2017-10-17,US9791839B2,https://patents.google.com/patent/US9791839B2/en,https://patentimages.storage.googleapis.com/e0/8a/a4/006d492ec00151/US9791839.pdf,A-Baseline,General Infrastructure,ALL,customs automation,customs automation,None (fallback)
patent/US12265849B2/en,Use of nested hypervisors by a resource-exchange system to enhance data and …,"The current document is directed a resource-exchange system that facilitates resource exchange and sharing among computing facilities. The currently disclosed methods and systems employ efficient, distributed-search methods and subsystems within distributed computer systems that include large …",VMware LLC,Daniel James BEVERIDGE,2025-04-01,2018-05-16,2016-08-28,2025-04-01,US12265849B2,https://patents.google.com/patent/US12265849B2/en,https://patentimages.storage.googleapis.com/b0/33/43/4a731adc0c99a0/US12265849.pdf,A-Baseline,General Infrastructure,ALL,customs automation,customs automation,None (fallback)
patent/US12153629B1/en,Systems and user interfaces for dynamic and interactive table generation and …,"… efficiently import, validate, and/or convert large amounts of data for use in the system, as described herein. The data import tool may enable a user to manage the import of hundreds, thousands, and even millions of data items in a fraction of the time that manual entry of such data items may take.","Addepar, Inc.",Maurizio Caló Caligaris,2024-11-26,2022-07-19,2015-11-06,2024-11-26,US12153629B1,https://patents.google.com/patent/US12153629B1/en,https://patentimages.storage.googleapis.com/2f/3f/bc/0e3c999c9cbe4c/US12153629.pdf,A-Baseline,General Infrastructure,ALL,customs automation,customs automation,None (fallback)
patent/US20230247027A1/en,Networking techniques for enabling communication between multiple cloud …,"… the request is targeted to an endpoint of the service in the first cloud environment, and wherein the causing further comprising: configuring, within the second cloud environment, a DNS entry mapping the endpoint to an address associated with the first resource of the set of one or more resources.",Oracle International Corporation,Jagwinder Singh Brar,2023-08-03,2023-02-01,2022-02-02,,US20230247027A1,https://patents.google.com/patent/US20230247027A1/en,https://patentimages.storage.googleapis.com/e8/d1/0b/42782ae73e3fc9/US20230247027A1.pdf,A-Baseline,General Infrastructure,ALL,customs automation,customs automation,None (fallback)
patent/US20210093730A1/en,Biomarkers for antibody-drug conjugate monotherapy or combination therapy,"The present invention relates to biomarkers of use in cancer therapy, wherein the therapy comprises treatment with anti-Trop-2, anti-CEACAM5 or anti-HLA-DR ADCs (antibody-drug conjugates), alone or in combination with and one or more anti-cancer agents, such as a DDR inhibitor, an ABCG2 inhibitor, …","Immunomedics, Inc.",Thorsten RJ Sperber,2021-04-01,2020-09-30,2019-10-01,,US20210093730A1,https://patents.google.com/patent/US20210093730A1/en,https://patentimages.storage.googleapis.com/4b/6d/b5/974c20565efb61/US20210093730A1.pdf,A-Baseline,General Infrastructure,ALL,customs automation,customs automation,None (fallback)
patent/US9993166B1/en,Monitoring device using radar and measuring motion with a non-contact device,illustrates one embodiment of a voice recognition system for identifying voice commands. FIG. 47 shows a data entry system able to perform speech recognition on data received from remote audio or text entering devices according to one implementation. FIG. 48 is a schematic diagram of a search …,"Fitbit, Inc.",Chris Johnson,2018-06-12,2016-09-27,2013-06-21,2018-06-12,US9993166B1,https://patents.google.com/patent/US9993166B1/en,https://patentimages.storage.googleapis.com/d8/a1/ba/58090bb26f6f96/US9993166.pdf,A-Baseline,General Infrastructure,ALL,customs automation,customs automation,None (fallback)
patent/US10041690B2/en,Detection-facilitating mounting stand for multi-sensing smart home device,"An electronic device may include an occupancy sensor that is configured to detect presence within a responsive range of the occupancy sensor and a stand configured to physically support the electronic device, where the stand comprises a reflective surface positioned to reflect energy emissions …",Google Llc,Eric B. Daniels,2018-08-07,2017-02-27,2014-03-28,2018-08-07,US10041690B2,https://patents.google.com/patent/US10041690B2/en,https://patentimages.storage.googleapis.com/64/06/4c/152c53bc06aff6/US10041690.pdf,A-Baseline,General Infrastructure,ALL,customs automation,customs automation,None (fallback)
patent/US9609462B2/en,Facilitating radio frequency communications among environmental control system …,A boiler control device may include a housing and a wireless communication module for receiving coded control signals from the thermostat device. The boiler control device may also include boiler control circuitry for selectively controlling activation of the boiler-based heating system according …,Google Inc.,Daniel A. Warren,2017-03-28,2014-03-28,2014-03-28,2017-03-28,US9609462B2,https://patents.google.com/patent/US9609462B2/en,https://patentimages.storage.googleapis.com/0d/5b/48/c93204d2d68c67/US9609462.pdf,A-Baseline,General Infrastructure,ALL,customs automation,customs automation,None (fallback)
patent/US11859246B2/en,Methods and compositions for enrichment of amplification products,"In some aspects, the present disclosure provides methods for enriching amplicons, or amplification products, comprising a concatemer of at least two or more copies of a target polynucleotide. In some embodiments, a method comprises sequencing the amplicons comprising at least two or more copies of …",Accuragen Holdings Limited,Li Weng,2024-01-02,2019-11-19,2013-12-11,2024-01-02,US11859246B2,https://patents.google.com/patent/US11859246B2/en,https://patentimages.storage.googleapis.com/e5/1a/43/3a4130801e6fef/US11859246.pdf,A-Baseline,General Infrastructure,ALL,customs automation,customs automation,None (fallback)
patent/US9568201B2/en,Environmental control system retrofittable with multiple types of boiler-based …,A control system may include a thermostat device and boiler control device. The thermostat device may be configured to receive electrical power from second wiring terminals and provide control signals to boiler control device using a second radio when wires are not present in first wiring …,Google Inc.,Anthony M. Fadell,2017-02-14,2014-03-28,2014-03-28,2017-02-14,US9568201B2,https://patents.google.com/patent/US9568201B2/en,https://patentimages.storage.googleapis.com/21/d0/33/ec75a983652a24/US9568201.pdf,A-Baseline,General Infrastructure,ALL,customs automation,customs automation,None (fallback)
patent/US11915795B2/en,Method and device for digital high resolution melt,"Methods are provided for nucleic acid analysis via a platform which incorporates a digital sample partitioning platform such as a microfluidic chip or digital droplet platform and instrumentation to accomplish universal amplification, High Resolution Melting (HRM), and machine learning within …",The Regents Of The University Of California,Stephanie I. Fraley,2024-02-27,2017-12-22,2016-12-23,2024-02-27,US11915795B2,https://patents.google.com/patent/US11915795B2/en,https://patentimages.storage.googleapis.com/47/71/1d/9ef21ebf72b90c/US11915795.pdf,A-Baseline,General Infrastructure,ALL,customs automation,customs automation,None (fallback)
patent/US11410403B1/en,Precise scaling of virtual objects in an extended reality environment,"A mobile device is fitted with a camera and an extended reality (XR) software application program executing on a processor within an XR system. Via the XR software application program, various techniques are performed for manipulating virtual objects in an XR environment. In a first technique, the …",Splunk Inc.,Devin BHUSHAN,2022-08-09,2021-01-29,2018-07-31,2022-08-09,US11410403B1,https://patents.google.com/patent/US11410403B1/en,https://patentimages.storage.googleapis.com/90/9e/b9/09f7a2bb8e9278/US11410403.pdf,A-Baseline,General Infrastructure,ALL,customs automation,customs automation,None (fallback)
patent/US11893703B1/en,Precise manipulation of virtual object position in an extended reality …,"A mobile device is fitted with a camera and an extended reality (XR) software application program executing on a processor within an XR system. Via the XR software application program, various techniques are performed for manipulating virtual objects in an XR environment. In a first technique, the …",Splunk Inc.,Devin BHUSHAN,2024-02-06,2022-08-29,2018-07-31,2024-02-06,US11893703B1,https://patents.google.com/patent/US11893703B1/en,https://patentimages.storage.googleapis.com/90/3c/f0/44a5213b8f661a/US11893703.pdf,A-Baseline,General Infrastructure,ALL,customs automation,customs automation,None (fallback)
patent/US11388292B2/en,Monitoring voice-over-IP performance over the internet,"Techniques for monitoring Voice-over-IP (VoIP) network services over the Internet are disclosed. In some embodiments, a system, process, and/or computer program product for monitoring and/or troubleshooting VoIP network services over the Internet includes performing VoIP call initiation testing …","Cisco Technology, Inc.",Joao Antunes,2022-07-12,2020-09-29,2015-06-15,2022-07-12,US11388292B2,https://patents.google.com/patent/US11388292B2/en,https://patentimages.storage.googleapis.com/04/fe/dc/74a901aff41913/US11388292.pdf,A-Baseline,General Infrastructure,ALL,customs automation,customs automation,None (fallback)
patent/US9838479B2/en,Method and apparatus for collecting and disseminating information over a …,"100 illustrated in FIG. 1 is generally represented by a network cloud with a plurality of connected Internet Service Providers (ISPs) 102 . Each ISP 102 serves as the entry point for users of the Internet. Connected to the ISPs 102 , the Network 100 includes Computer Work Stations 104 , Personal …","mBLAST, Inc.",Daniel D. Briere,2017-12-05,2017-04-28,2000-09-07,2017-12-05,US9838479B2,https://patents.google.com/patent/US9838479B2/en,https://patentimages.storage.googleapis.com/15/02/69/8b60852e46c1d1/US9838479.pdf,A-Baseline,General Infrastructure,ALL,customs automation,customs automation,None (fallback)
patent/US20230239300A1/en,Central user management in a distributed healthcare information management …,"Centralized support user management in a distributed healthcare information management system is disclosed. Support user management may include generation of permission data that may be distributed from a central server to one or more remote access terminals, which may execute a healthcare …",Baxter Corporation Englewood,Bhavesh S. Padmani,2023-07-27,2023-02-06,2014-09-30,,US20230239300A1,https://patents.google.com/patent/US20230239300A1/en,https://patentimages.storage.googleapis.com/03/a1/cb/cadf37fbd509db/US20230239300A1.pdf,A-Baseline,General Infrastructure,ALL,customs automation,customs automation,None (fallback)
patent/US10004451B1/en,User monitoring system,illustrates one embodiment of a voice recognition system for identifying voice commands. FIG. 47 shows a data entry system able to perform speech recognition on data received from remote audio or text entering devices according to one implementation. FIG. 48 is a schematic diagram of a search …,"Fitbit, Inc.",James Proud,2018-06-26,2016-09-27,2013-06-21,2018-06-26,US10004451B1,https://patents.google.com/patent/US10004451B1/en,https://patentimages.storage.googleapis.com/06/b0/8e/c3fc9b6d2a603f/US10004451.pdf,A-Baseline,General Infrastructure,ALL,customs automation,customs automation,None (fallback)
patent/US20250012822A1/en,High throughput system for perfoming assays using electrochemiluminescence …,"CROSS-REFERENCE TO RELATED APPLICATION The present application is a divisional of U.S. application Ser. No. 16/938,284, filed Jul. 24, 2020, which is a continuation of U.S. application Ser. No. 15/564,581, filed Oct. 5, 2017, now U.S. Pat. No. 10,725,059, which is a National Stage Entry of …","Meso Scale Technologies, Llc.",Eli N. Glezer,2025-01-09,2024-09-24,2015-04-06,,US20250012822A1,https://patents.google.com/patent/US20250012822A1/en,https://patentimages.storage.googleapis.com/09/82/9d/ad924b4e600718/US20250012822A1.pdf,A-Baseline,General Infrastructure,ALL,customs automation,customs automation,None (fallback)
patent/US20240089301A1/en,Method and system for capture of visited links from encrypted and non-encrypted …,"A system and method are described for information extraction from network traffic traces that are both encrypted and non-encrypted. The system includes a client computer and a remote computer, where the client computer communicates data over a network. The client computer sets a session key log …",King Fahd University Of Petroleum And Minerals,Ahmad AMRO,2024-03-14,2023-11-09,2017-12-20,,US20240089301A1,https://patents.google.com/patent/US20240089301A1/en,https://patentimages.storage.googleapis.com/35/0f/f3/5ba79d0f03a643/US20240089301A1.pdf,A-Baseline,General Infrastructure,ALL,customs automation,customs automation,None (fallback)
patent/US20250272533A1/en,Machine-learning-based architecture search method for a neural network,"In at least one embodiment, differentiable neural architecture search and reinforcement learning are combined under one framework to discover network architectures with desired properties such as high accuracy, low latency, or both. In at least one embodiment, an objective function for search …",Nvidia Corporation,Arash Vahdat,2025-08-28,2024-11-06,2019-09-10,,US20250272533A1,https://patents.google.com/patent/US20250272533A1/en,,A-Baseline,General Infrastructure,ALL,customs automation,customs automation,None (fallback)
patent/US10058290B1/en,Monitoring device with voice interaction,illustrates one embodiment of a voice recognition system for identifying voice commands. FIG. 47 shows a data entry system able to perform speech recognition on data received from remote audio or text entering devices according to one implementation. FIG. 48 is a schematic diagram of a search …,"Fitbit, Inc.",James Proud,2018-08-28,2016-09-26,2013-06-21,2018-08-28,US10058290B1,https://patents.google.com/patent/US10058290B1/en,https://patentimages.storage.googleapis.com/d5/e1/3e/23c4f426a7582d/US10058290.pdf,A-Baseline,General Infrastructure,ALL,customs automation,customs automation,None (fallback)
patent/US11843577B2/en,Fingerprinting to identify devices and applications for use in management and …,Systems and methods include obtaining a plurality of parameters associated with a host; determining a fingerprint of the host utilizing the plurality of parameters; and providing the fingerprint to cloud service for enrollment and management of the host in the cloud service. The cloud service can …,"Zscaler, Inc.",Ajit Singh,2023-12-12,2021-08-16,2016-12-13,2023-12-12,US11843577B2,https://patents.google.com/patent/US11843577B2/en,https://patentimages.storage.googleapis.com/4f/6d/23/2e65c082b9c627/US11843577.pdf,A-Baseline,General Infrastructure,ALL,customs automation,customs automation,None (fallback)
patent/CN110827388B/en,Methods for advancing tree traversal mechanisms in hardware and programmable …,"The present invention provides a method for advancement and programmable timeout of a tree traversal mechanism in hardware. In a ray tracer, to prevent any long-running queries from hanging the graphics processing unit, the traversal coprocessor provides a preemption mechanism that allows rays to …",Nvidia Corporation,G·穆特乐,2024-05-31,2019-06-06,2018-08-10,2024-05-31,CN110827388B,https://patents.google.com/patent/CN110827388B/en,https://patentimages.storage.googleapis.com/e9/c3/60/f30b5b69dfbace/CN110827388B.pdf,A-Baseline,General Infrastructure,ALL,customs automation,customs automation,None (fallback)
patent/US12165753B2/en,Systems and methods for interrogating clinical documents for characteristic …,"… sets of data values comprising the subset of values of a valueset or other sets of values. 26. The method of claim 25 , further comprising: validating the field by comparing an abstraction entry to a list of data values selected from the one or more sets of data values. 27. The method of claim 24 , …","Tempus Ai, Inc.",Jonathan Ozeran,2024-12-10,2022-06-10,2019-04-17,2024-12-10,US12165753B2,https://patents.google.com/patent/US12165753B2/en,https://patentimages.storage.googleapis.com/0c/fa/13/32bfadbf4f29e4/US12165753.pdf,A-Baseline,General Infrastructure,ALL,customs automation,customs automation,None (fallback)
patent/US9774906B2/en,Entertainment server and associated social networking services,Certain exemplary embodiments relate to entertainment systems that interact with users so as to provide for social networking and/or other services. An entertainment system is configured to provide jukebox-related and entertainment system mediated services that are accessible from within and from …,Touchtunes Music Corporation,Dominique Dion,2017-09-26,2015-05-11,2009-03-18,2017-09-26,US9774906B2,https://patents.google.com/patent/US9774906B2/en,https://patentimages.storage.googleapis.com/3a/84/1e/daec977ade7f31/US9774906.pdf,A-Baseline,General Infrastructure,ALL,customs automation,customs automation,None (fallback)
patent/US11663574B2/en,System and method for providing secure identification solutions,"The present invention provides a method and system for verifying and tracking identification information. In an embodiment of the invention, a system for delivering security solutions is provided that includes at least one of the following: a radio frequency (RF) identification device, an …","Neology, Inc.",Francisco Martinez de Velasco Cortina,2023-05-30,2021-04-05,2002-07-09,2023-05-30,US11663574B2,https://patents.google.com/patent/US11663574B2/en,https://patentimages.storage.googleapis.com/7e/b6/52/6f68e71ec1ab2b/US11663574.pdf,A-Baseline,General Infrastructure,ALL,customs automation,customs automation,None (fallback)
patent/US11597973B2/en,Compositions and methods for detecting rare sequence variants,"CROSS-REFERENCE This application is a continuation of U.S. application Ser. No. 15/102,241, filed on Jun. 6, 2016, which is the National Stage Entry of International Application No. PCT/US2014/069848 filed on Dec. 11, 2014, which claims the benefit of U.S. Provisional Application No. 61/914,907, …",Accuragen Holdings Limited,Paul Ling-Fung TANG,2023-03-07,2020-07-31,2013-12-11,2023-03-07,US11597973B2,https://patents.google.com/patent/US11597973B2/en,https://patentimages.storage.googleapis.com/d4/19/6a/70d2dc131fe960/US11597973.pdf,A-Baseline,General Infrastructure,ALL,customs automation,customs automation,None (fallback)
patent/RU2716171C2/en,Methods and systems for biological instrument calibration,"FIELD: measurement. SUBSTANCE: group of inventions relates to measurement equipment. Method for calibrating an apparatus which includes an optical system capable of imaging fluorescent radiation from a plurality of reaction areas, such as wells of a sample holder, includes: performing calibration …",Лайф Текнолоджиз Корпорейшн,Йонг ЧУ,2020-03-06,2016-02-05,2015-02-06,2020-03-06,RU2716171C2,https://patents.google.com/patent/RU2716171C2/en,https://patentimages.storage.googleapis.com/83/c0/63/de3de3dee05715/RU2716171C2.pdf,A-Baseline,General Infrastructure,ALL,customs automation,customs automation,None (fallback)
patent/US9083628B2/en,Content service aggregation system,"A network content service apparatus includes a set of compute elements adapted to perform a set of network services; and a switching fabric coupling compute elements in said set of compute elements. The set of network services includes firewall protection, Network Address Translation, Internet …","Juniper Networks, Inc.",Mark Bryers,2015-07-14,2013-02-04,2001-07-06,2015-07-14,US9083628B2,https://patents.google.com/patent/US9083628B2/en,https://patentimages.storage.googleapis.com/63/11/dd/2a36a3f29bb2d5/US9083628.pdf,A-Baseline,General Infrastructure,ALL,customs automation,customs automation,None (fallback)
patent/US10853536B1/en,Automatic requirement verification engine and analytics,"The design oversights are identified through proper structuring of the engineering design requirements, extraction of relevant design parameters through application program interfaces provided by the pertinent design tools, and mapping against the requirements. Big data analytics are applied to …",Imagars Llc,Baldur Andrew Steingrimsson,2020-12-01,2017-06-03,2014-12-11,2020-12-01,US10853536B1,https://patents.google.com/patent/US10853536B1/en,https://patentimages.storage.googleapis.com/92/6f/95/6aee50db85ec57/US10853536.pdf,A-Baseline,General Infrastructure,ALL,customs automation,customs automation,None (fallback)
patent/US10778659B2/en,System and method for protecting communications,"CROSS REFERENCE TO RELATED APPLICATION The present application is a continuation-in-part of U.S. patent application Ser. No. 15/115,209, filed on Jul. 28, 2016, resulting from the national stage entry of PCT/US15/13433, filed on Jan. 29, 2015, which in turn claims the benefit of U.S. provisional …",Smart Security Systems Llc,Kenneth C. TOLA,2020-09-15,2018-05-30,2012-05-24,2020-09-15,US10778659B2,https://patents.google.com/patent/US10778659B2/en,https://patentimages.storage.googleapis.com/11/b9/71/d378a708b56706/US10778659.pdf,A-Baseline,General Infrastructure,ALL,customs automation,customs automation,None (fallback)
patent/EP3455684B1/en,Methods and systems for the industrial internet of things,"A system for data collection, processing, and utilization of signals from a first machine in an industrial environment, the system comprising: a platform including a computing environment (104) and a local data collection system (102), wherein the computing environment (104) is connected to the …","Strong Force Iot Portfolio 2016, LLC",Charles Howard CELLA,2024-07-17,2017-05-09,2016-05-09,2024-07-17,EP3455684B1,https://patents.google.com/patent/EP3455684B1/en,https://patentimages.storage.googleapis.com/6b/59/b9/38064ce44922a8/EP3455684B1.pdf,A-Baseline,General Infrastructure,ALL,customs automation,customs automation,None (fallback)
patent/US10448209B2/en,Wireless network and method with communications error trend analysis,Another object of the invention is to provide a user control setting comprising a means for a privacy flag in the ULD 900 database entry for a device to be activated/deactivated/semi-active for privacy reasons so that the user's location is not monitored or monitored anonymously. A further object …,Traxcell Technologies Llc,Mark Jefferson Reed,2019-10-15,2018-08-29,2001-10-04,2019-10-15,US10448209B2,https://patents.google.com/patent/US10448209B2/en,https://patentimages.storage.googleapis.com/33/ba/8f/38048f3a955e1d/US10448209.pdf,A-Baseline,General Infrastructure,ALL,customs automation,customs automation,None (fallback)
patent/US12332455B2/en,Wearable near-to-eye vision systems,"… and strain during use, ease of attachment, minimizing intrusiveness and aesthetics should be concurrently balanced with providing an optical vision system that provides the user with a wide field of view, high image resolution, and a large exit pupil for eye placement with sufficient eye clearance.",Gentex Corporation,Mark Harris,2025-06-17,2021-05-03,2020-05-01,2025-06-17,US12332455B2,https://patents.google.com/patent/US12332455B2/en,https://patentimages.storage.googleapis.com/e6/82/73/77965e35e30a99/US12332455B2.pdf,A-Baseline,General Infrastructure,ALL,customs automation,customs automation,None (fallback)
patent/US12079451B2/en,"Digital jukebox device with improved karaoke-related user interfaces, and …","… a manner that resembles a book having multiple pages, each page of the book including at most a predefined maximum number of entries corresponding to a subset of instances of said media, and each said entry indicating at least an identifier associated with the corresponding instance of said media;","Touchtunes Music Company, Llc",Ed Rivera,2024-09-03,2023-10-02,2009-03-18,2024-09-03,US12079451B2,https://patents.google.com/patent/US12079451B2/en,https://patentimages.storage.googleapis.com/11/de/e3/68467bd4c3727a/US12079451.pdf,A-Baseline,General Infrastructure,ALL,customs automation,customs automation,None (fallback)
patent/CN111770706B/en,A bed with a snore detection feature,"The first bed includes a first mattress, a first pressure sensor, a first acoustic sensor, and a first controller in data communication with the first pressure sensor and the first acoustic sensor. The first controller is configured to receive a first pressure reading and a first acoustic reading.",Sleep Number Corporation,奥米德·萨阿迪,2023-06-02,2018-12-27,2017-12-28,2023-06-02,CN111770706B,https://patents.google.com/patent/CN111770706B/en,https://patentimages.storage.googleapis.com/75/83/f9/57694b2a90a5ed/CN111770706B.pdf,A-Baseline,General Infrastructure,ALL,customs automation,customs automation,None (fallback)
patent/US10467468B2/en,System and method for identity proofing and knowledge based authentication,is a figure representing a user interface illustrating a national provider identifier (NPI) entry user interface that may be used in accordance with an illustrative embodiment. FIG. 16 is a figure representing a user interface illustrating an identity information entry user interface that may be …,Michigan Health Information Network Shared Services,Jeff Livesay,2019-11-05,2017-06-21,2015-03-09,2019-11-05,US10467468B2,https://patents.google.com/patent/US10467468B2/en,https://patentimages.storage.googleapis.com/e8/02/a1/12473db1b2d401/US10467468.pdf,A-Baseline,General Infrastructure,ALL,customs automation,customs automation,None (fallback)
patent/CA2817652C/en,Controlled creation of reports from table views,"A method comprising creating and storing, in memory of a computer, a graph having nodes and edges, wherein the nodes represent financial assets and any one or more of: accounts in which one or more of the assets are held; individuals who own one or more of the assets; or legal entities who own one …","Addepar, Inc.",Michael Paulus,2023-08-15,2013-06-05,2012-06-06,2023-08-15,CA2817652C,https://patents.google.com/patent/CA2817652C/en,https://patentimages.storage.googleapis.com/07/40/fa/a1cc4d4116acfc/CA2817652C.pdf,A-Baseline,General Infrastructure,ALL,customs automation,customs automation,None (fallback)
patent/US11563728B2/en,System and method for identity management,"9. The computer system of claim 1 , wherein the operations further comprise: logging, at an identity database associated with the authenticating server, an entry of the received access eligibility determination as well as the determined trustworthiness of the transaction request. 10. The computer …",Idemia Identity & Security USA LLC,Stephen Miu,2023-01-24,2021-05-26,2013-08-23,2023-01-24,US11563728B2,https://patents.google.com/patent/US11563728B2/en,https://patentimages.storage.googleapis.com/d9/9d/39/d4e539e8fb961a/US11563728.pdf,A-Baseline,General Infrastructure,ALL,customs automation,customs automation,None (fallback)
patent/US10580284B2/en,Wearable interactive notification device and interactive notification system,"A notification system includes a database network, the database network configured to store a medication schedule of a patient; a voice translation service in communication with the database network; and a notification device comprising a processor configured to wirelessly communicate with at …","Elements of Genius, Inc.",Jonathan E. Ramaci,2020-03-03,2018-01-24,2017-01-26,2020-03-03,US10580284B2,https://patents.google.com/patent/US10580284B2/en,https://patentimages.storage.googleapis.com/bc/82/cc/f063dd0067fba5/US10580284.pdf,A-Baseline,General Infrastructure,ALL,customs automation,customs automation,None (fallback)
patent/US20210052658A1/en,Point-of-care and/or portable platform for gene therapy,"A platform for ex vivo isolation, production, and formulation of genetically-modified cells is described. The platform utilizes a software-enabled point-of-care and/or portable device making gene therapy more widely available.",Fred Hutchinson Cancer Research Center,Jennifer E. Adair,2021-02-25,2020-07-07,2015-01-21,,US20210052658A1,https://patents.google.com/patent/US20210052658A1/en,https://patentimages.storage.googleapis.com/04/b4/eb/ca8e5085cea32a/US20210052658A1.pdf,A-Baseline,General Infrastructure,ALL,customs automation,customs automation,None (fallback)
patent/US10552969B2/en,"System, method and computer-accessible medium for texture analysis of …","An exemplary system, method and computer-accessible medium for determining the pixel variation of a tissue(s) in an image(s) can be provided, which can include, for example, receiving first imaging information related to the image(s), segmenting a region(s) of interest from the image(s), …",Memorial Sloan-Kettering Cancer Center,Amber Lea SIMPSON,2020-02-04,2016-05-26,2015-05-26,2020-02-04,US10552969B2,https://patents.google.com/patent/US10552969B2/en,https://patentimages.storage.googleapis.com/e9/e8/9a/719abe11e9255c/US10552969.pdf,A-Baseline,General Infrastructure,ALL,customs automation,customs automation,None (fallback)
patent/US10846308B2/en,Prioritized detection and classification of clusters of anomalous samples on …,"… inability to reliably prioritize and cogently represent anomalies is a major problem which hampers many AD systems. Furthermore, if each flow is measured by a high-dimensional feature vector, an anomaly may only manifest on a very small subset of the measured features, and hence evade detection.",Anomalee Inc.,David Jonathan Miller,2020-11-24,2017-07-26,2016-07-27,2020-11-24,US10846308B2,https://patents.google.com/patent/US10846308B2/en,https://patentimages.storage.googleapis.com/18/be/7e/1dbbd046f48c6d/US10846308.pdf,A-Baseline,General Infrastructure,ALL,customs automation,customs automation,None (fallback)
patent/US10229090B2/en,Systems and methods for consumer-generated media reputation management,"A computing system configured to gather social media content includes a memory; a content collection and ingestion system, stored in the memory and configured, when executed on a computer processor, to communicate with one or more computing systems to direct a search of a content source using a …",Cision Us Inc.,Clifford Mosley,2019-03-12,2016-11-08,2010-09-10,2019-03-12,US10229090B2,https://patents.google.com/patent/US10229090B2/en,https://patentimages.storage.googleapis.com/9f/79/8d/54b198aa1f3dff/US10229090.pdf,A-Baseline,General Infrastructure,ALL,customs automation,customs automation,None (fallback)
patent/US10884995B2/en,Methods and apparatus for discontinuing the following of records in an on- …,"Updates to the record, also referred to herein as changes, can occur and be noted on the record's information feed. With the disclosed embodiments, updates are often presented as an item or entry in the feed. Types of such updates can include field changes in a data record, posts such as explicit …","Salesforce.Com, Inc.",John Kucera,2021-01-05,2018-07-09,2010-10-15,2021-01-05,US10884995B2,https://patents.google.com/patent/US10884995B2/en,https://patentimages.storage.googleapis.com/23/1b/24/24bc8ae2154a7f/US10884995.pdf,A-Baseline,General Infrastructure,ALL,customs automation,customs automation,None (fallback)
patent/EP2874736B1/en,Automated solution dispenser,"A system for preparing a solution, comprising: a) at least one mixing chamber (40); b) an automated solution dispenser capable of mixing at least one solid and one liquid in the at least one mixing chamber (40); c) at least one controllable inlet port operably linked to the at least one mixing …",accroma labtec Ltd.,Ville Lehtonen,2023-04-19,2013-07-18,2012-07-18,2023-04-19,EP2874736B1,https://patents.google.com/patent/EP2874736B1/en,https://patentimages.storage.googleapis.com/93/94/67/393960a213ae21/EP2874736B1.pdf,A-Baseline,General Infrastructure,ALL,customs automation,customs automation,None (fallback)
patent/US9161156B2/en,Tiles in a mobile application framework,The sixth type of configuration files may be called “ext.” This may include configuration files required by the application. The entry names may be defined by the application. The developer can place any kinds of files in this directory. Although the framework does not process files in the ext …,Sap Se,Sanjeet Mall,2015-10-13,2013-10-24,2013-07-31,2015-10-13,US9161156B2,https://patents.google.com/patent/US9161156B2/en,https://patentimages.storage.googleapis.com/b8/6b/4c/7210baf20f6d59/US9161156.pdf,A-Baseline,General Infrastructure,ALL,customs automation,customs automation,None (fallback)
patent/JP7365382B2/en,Compositions and methods for detecting rare sequence variants,"A method of identifying sequence variants in a nucleic acid sample comprising a plurality of polynucleotides each having a 5' end and a 3' end, the method comprising: The method is (a) circularizing, in a reaction mixture, an individual polynucleotide of said plurality of polynucleotides to form a …",アキュラーゲン ホールディングス リミテッド,サン，ザオフイ,2023-10-19,2021-10-11,2016-08-15,2023-10-19,JP7365382B2,https://patents.google.com/patent/JP7365382B2/en,https://patentimages.storage.googleapis.com/8b/60/cb/afdb3f85a679a2/JP7365382B2.pdf,A-Baseline,General Infrastructure,ALL,customs automation,customs automation,None (fallback)
patent/US11291920B2/en,Interaction interleaver,"… according to the predicted outcome; and providing an indicator of a time limit for the user to enter the predicted outcome; and responsive to entry of the predicted outcome by the user, and confirmation of validity or invalidity of the predicted outcome by the user, adjusting accounts of the user. …",David S. Thompson,David S. Thompson,2022-04-05,2018-11-13,2013-05-22,2022-04-05,US11291920B2,https://patents.google.com/patent/US11291920B2/en,https://patentimages.storage.googleapis.com/57/66/e4/1e588c126f5658/US11291920.pdf,A-Baseline,General Infrastructure,ALL,customs automation,customs automation,None (fallback)
patent/US11315194B2/en,Surveillance and positioning system,"A position determining system includes a surveillance and monitoring special purpose computer, one or more sensors in electrical communication with the surveillance and monitoring special purpose computer, one or more surveillance cameras in electrical communication with the surveillance and …","B3, Llc",Paul Bradford Blessman,2022-04-26,2020-04-24,2012-02-24,2022-04-26,US11315194B2,https://patents.google.com/patent/US11315194B2/en,https://patentimages.storage.googleapis.com/e6/71/a6/e194aa22021807/US11315194.pdf,A-Baseline,General Infrastructure,ALL,customs automation,customs automation,None (fallback)
patent/JP7617344B2/en,Automated tagging and moderation of chat stream messages,"1. A computer-implemented method, comprising: processing multiple messages between members and agents simultaneously by a server computer including one or more processors; receiving, at the server computer, one or more pre-filtering inputs from members, wherein the one or more pre-filtering inputs …",ヨハナ・エルエルシー,マツオカ、ヨーキー,2025-01-17,2022-09-02,2021-09-02,2025-01-17,JP7617344B2,https://patents.google.com/patent/JP7617344B2/en,https://patentimages.storage.googleapis.com/a2/ef/f2/b67714f4f2e103/JP7617344B2.pdf,A-Baseline,General Infrastructure,ALL,customs automation,customs automation,None (fallback)
patent/CN110446580B/en,Methods and systems for coherent imaging and feedback control for material …,"Methods and systems are provided for using optical interferometry in the context of material modification processes such as surgical laser, sintering, and welding applications. An imaging light source that produces imaging light. The feedback controller controls at least one processing parameter …",Ipg Photonics Corporation,乔丹·坎科,2022-07-22,2018-01-18,2017-01-18,2022-07-22,CN110446580B,https://patents.google.com/patent/CN110446580B/en,https://patentimages.storage.googleapis.com/1b/f7/40/994e523507700a/CN110446580B.pdf,A-Baseline,General Infrastructure,ALL,customs automation,customs automation,None (fallback)
patent/EP3843013A1/en,Systems and methods for quantizing a neural network,Systems and methods quantize an application having a trained Deep Neural Network (DNN) for deployment on target hardware. The application may be instrumented to observe data values generated during execution of the application. Statistics may be generated for the observed data values and presented …,"The MathWorks, Inc.",Vaidehi Venkatesan,2021-06-30,2020-12-10,2019-12-10,,EP3843013A1,https://patents.google.com/patent/EP3843013A1/en,https://patentimages.storage.googleapis.com/1f/98/b2/99eb679de8658c/EP3843013A1.pdf,A-Baseline,General Infrastructure,ALL,customs automation,customs automation,None (fallback)
patent/US20200270610A1/en,Oligonucleotide probes and uses thereof,"Methods and compositions are provided for oligonucleotide probes and oligonucleotide probe libraries that recognize targets of interest. The targets include circulating biomarkers such as microvesicles, including those derived from various diseases.","Caris Science, Inc.",Valeriy Domenyuk,2020-08-27,2019-11-25,2015-03-09,,US20200270610A1,https://patents.google.com/patent/US20200270610A1/en,https://patentimages.storage.googleapis.com/97/56/c7/19c4d7c67ef801/US20200270610A1.pdf,A-Baseline,General Infrastructure,ALL,customs automation,customs automation,None (fallback)
patent/US20230281527A1/en,User interface for industrial digital twin providing conditions of interest …,"User interfaces configured to provide a list of conditions of interest to at least one entity associated with a role type stored within a role taxonomy, and to select a condition of interest in response to a user selection from the list of conditions; and a controller configured to determine a …","Strong Force Iot Portfolio 2016, Llc",Charles H. Cella,2023-09-07,2022-12-14,2019-01-13,,US20230281527A1,https://patents.google.com/patent/US20230281527A1/en,https://patentimages.storage.googleapis.com/93/04/df/f5e454da5cc2ae/US20230281527A1.pdf,A-Baseline,General Infrastructure,ALL,customs automation,customs automation,None (fallback)
patent/US20230196229A1/en,Data collection in industrial environment with role-based reporting to …,Systems for data collection in an industrial environment having a self-sufficient data acquisition box for capturing and analyzing data in an industrial process generally including a data circuit for analyzing a plurality of sensor inputs; and a network control circuit for sending and receiving …,"Strong Force Iot Portfolio 2016, Llc",Charles H. Cella,2023-06-22,2022-12-14,2016-05-09,,US20230196229A1,https://patents.google.com/patent/US20230196229A1/en,https://patentimages.storage.googleapis.com/00/15/54/5c6b2bfbd5ff89/US20230196229A1.pdf,A-Baseline,General Infrastructure,ALL,customs automation,customs automation,None (fallback)
patent/US20230186200A1/en,Data collection in industrial environment using machine learning to forecast …,"Method for data collection in an industrial environment generally including receiving, at a switch, data from one or more variable groups of sensor inputs; monitoring the data from the one or more variable groups of sensor inputs; adaptively scheduling data collection at the switch; determining …","Strong Force Iot Portfolio 2016, Llc",Charles H. Cella,2023-06-15,2022-12-14,2020-10-04,,US20230186200A1,https://patents.google.com/patent/US20230186200A1/en,https://patentimages.storage.googleapis.com/7f/e1/6b/dfa0ada840a806/US20230186200A1.pdf,A-Baseline,General Infrastructure,ALL,customs automation,customs automation,None (fallback)
patent/US20230196230A1/en,User interface for industrial digital twin system analyzing data to determine …,"Methods generally including determining a structure in the data; by the controller, determining a relevance of the determined structure in the data to at least one role type stored within a role taxonomy; by the controller, determining a reduced dimensionality view of the data in response to the …","Strong Force Iot Portfolio 2016, Llc",Charles H. Cella,2023-06-22,2022-12-14,2017-08-02,,US20230196230A1,https://patents.google.com/patent/US20230196230A1/en,https://patentimages.storage.googleapis.com/ae/e8/a8/ef607dd09633eb/US20230196230A1.pdf,A-Baseline,General Infrastructure,ALL,customs automation,customs automation,None (fallback)
patent/US11731618B2/en,Vehicle communication with connected objects in proximity to the vehicle using …,Methods and systems are provided. One system is of a vehicle for processing communication with connected objects. The processing by the system uses a processor of the vehicle and processing and data from one or more servers of a cloud system. The connected objects include objects having …,"Emerging Automotive, Llc",Angel A. Penilla,2023-08-22,2021-02-23,2011-04-22,2023-08-22,US11731618B2,https://patents.google.com/patent/US11731618B2/en,https://patentimages.storage.googleapis.com/73/f4/cb/70a48e7f688e72/US11731618.pdf,A-Baseline,General Infrastructure,ALL,customs automation,customs automation,None (fallback)
patent/US11294664B2/en,Version control system,A version control system implemented in software and executed by one or more processors that provides for change set integration for diverse types of objects. The system may be configured to handle a wide range of objects of different types committed to the version system by storing and/or …,"CrossVista, Inc.",Anatole Sagal,2022-04-05,2020-06-05,2020-06-05,2022-04-05,US11294664B2,https://patents.google.com/patent/US11294664B2/en,https://patentimages.storage.googleapis.com/17/2d/a4/eea0fea3b86a28/US11294664.pdf,A-Baseline,General Infrastructure,ALL,customs automation,customs automation,None (fallback)
patent/US20240235984A1/en,Traffic engineering in fabric topologies with deterministic services,"claim 59 , wherein execution of the instructions is to cause the compute node to: form an NH entry for the PPR-ID route, the computed NH, and the alternative NH, wherein the NH entry is a double barrel NH entry in the routing table or the forwarding table; and add or insert the NH entry to a routing …",Intel Corporation,Uma S. Chunduri,2024-07-11,2022-10-21,2021-10-22,,US20240235984A1,https://patents.google.com/patent/US20240235984A1/en,https://patentimages.storage.googleapis.com/7c/62/7e/d0bcefc6354b3d/US20240235984A1.pdf,A-Baseline,General Infrastructure,ALL,customs automation,customs automation,None (fallback)
patent/US10021138B2/en,"Policy/rule engine, multi-compliance framework and risk remediation","Risk analysis across all three domains: IT, physical, and Operation Technology/industrial control systems Detect, identify and eliminate risks before they manifest True prevention of threats from thefts, sabotage and terrorism Incident management & Situational Awareness with built-in programmed …","Alert Enterprise, Inc.",Jasvir Singh Gill,2018-07-10,2015-05-27,2009-11-20,2018-07-10,US10021138B2,https://patents.google.com/patent/US10021138B2/en,https://patentimages.storage.googleapis.com/40/23/95/bd71cb267b48d4/US10021138.pdf,A-Baseline,General Infrastructure,ALL,customs automation,customs automation,None (fallback)
patent/EP3097534B1/en,"Dynamic adaptable environment resource management controller apparatuses, …","A dynamic adaptable environment resource processor (824) implemented method, comprising: receiving a request (808) to initiate a heat blast or a cool blast at a resource management device; creating a temporary blast schedule (810) based on the request; overriding a current environment schedule ( …","Schneider Electric Usa, Inc.",Yann Kulp,2021-05-05,2015-01-23,2014-01-24,2021-05-05,EP3097534B1,https://patents.google.com/patent/EP3097534B1/en,https://patentimages.storage.googleapis.com/d7/6e/2e/2d1178b7ff5bd9/EP3097534B1.pdf,A-Baseline,General Infrastructure,ALL,customs automation,customs automation,None (fallback)
patent/US12043166B2/en,Method and apparatus for vehicular light fixtures,A lighting device is provided for controlling the photometric distribution of light emitted by two or more LEDs. The lighting device may be integrated with a control system of the vehicle and may be controlled by a remote controller. The lighting device may be capable of being operated in one or …,"JST Performance, LLC",Edgar A. Madril,2024-07-23,2023-06-09,2016-05-21,2024-07-23,US12043166B2,https://patents.google.com/patent/US12043166B2/en,https://patentimages.storage.googleapis.com/1b/20/ef/732b190d437fa2/US12043166.pdf,A-Baseline,General Infrastructure,ALL,customs automation,customs automation,None (fallback)
patent/US11501068B2/en,Message sentiment analyzer and feedback,"This disclosure describes systems, methods, and apparatus for monitoring keystrokes and determining whether to pass those keystrokes to a target application, for instance, to prevent compliance violations. Keystrokes or other inputs can be analyzed to determine if a non-compliant message is to be …","Fairwords, Inc.",Anish Parikh,2022-11-15,2020-08-26,2013-12-16,2022-11-15,US11501068B2,https://patents.google.com/patent/US11501068B2/en,https://patentimages.storage.googleapis.com/2c/da/57/38695764c89245/US11501068.pdf,A-Baseline,General Infrastructure,ALL,customs automation,customs automation,None (fallback)
patent/US20210109958A1/en,"Conceptual, contextual, and semantic-based research system and method","Systems are described in the field of machine learning such as natural language processing for use in researching and searching a corpus of documents in various topical areas such as physical and social sciences. The systems may utilize training, testing, and deployment of models representing a …",Stacks LLC,Alireza Behtash,2021-04-15,2020-10-14,2019-10-14,,US20210109958A1,https://patents.google.com/patent/US20210109958A1/en,https://patentimages.storage.googleapis.com/c8/dc/ae/02c9bfa60bc41f/US20210109958A1.pdf,A-Baseline,General Infrastructure,ALL,customs automation,customs automation,None (fallback)
patent/US11314494B2/en,"Systems and methods for exporting, publishing, browsing and installing on- …","In accordance with embodiments, there are provided mechanisms and methods for creating, exporting, viewing and testing, and importing custom applications in a multitenant database environment. These mechanisms and methods can enable embodiments to provide a vehicle for sharing applications across …","Salesforce.Com, Inc.",David Brooks,2022-04-26,2019-11-20,2005-09-09,2022-04-26,US11314494B2,https://patents.google.com/patent/US11314494B2/en,https://patentimages.storage.googleapis.com/0e/09/de/8e9ff0218cc44d/US11314494.pdf,A-Baseline,General Infrastructure,ALL,customs automation,customs automation,None (fallback)
patent/US20240341773A1/en,Patient-specific surgical methods and instrumentation,A patient specific instrument is disclosed for correcting a condition present in a patient. The patient specific instrument includes a body that includes an inferior side having a bone engagement surface shaped to match a first surface of a first bone and a second surface of a second bone of a …,"Treace Medical Concepts, Inc.",Adam D. Perler,2024-10-17,2024-06-25,2019-09-13,,US20240341773A1,https://patents.google.com/patent/US20240341773A1/en,https://patentimages.storage.googleapis.com/57/a2/7d/2f41b6562c172d/US20240341773A1.pdf,A-Baseline,General Infrastructure,ALL,customs automation,customs automation,None (fallback)
patent/US11641391B2/en,Integrated cloud system with lightweight gateway for premises automation,"Systems and methods include a system comprising a cloud hub located in a premises. The cloud hub comprises adapters coupled to premises devices, and the cloud hub is configured as a gateway for the premises devices. A virtual gateway is located in a cloud server environment and coupled to the …",Icontrol Networks Inc.,Jim KITCHEN,2023-05-02,2019-11-19,2008-08-11,2023-05-02,US11641391B2,https://patents.google.com/patent/US11641391B2/en,https://patentimages.storage.googleapis.com/8f/89/06/0d305a8680f09f/US11641391.pdf,A-Baseline,General Infrastructure,ALL,customs automation,customs automation,None (fallback)
patent/ES2969671T3/en,"Multiplex Imaging Using MERFISH, Expansion Microscopy, and Related Technologies","The present invention generally relates to microscopy and to systems and methods for imaging or determining nucleic acids or other desired targets, for example, within cells. In certain aspects, a sample is contained within an expandable material, which is expanded and represented in some way. The …",Harvard College,Xiaowei Zhuang,2024-05-21,2017-11-08,2016-11-08,2024-05-21,ES2969671T3,https://patents.google.com/patent/ES2969671T3/en,https://patentimages.storage.googleapis.com/ca/6b/de/ae7097df84202e/ES2969671T3.pdf,A-Baseline,General Infrastructure,ALL,customs automation,customs automation,None (fallback)
patent/US20230217195A1/en,Bluetooth enabled intercom with hearing aid functionality,"A hearing aid, comprising a microphone configured to produce a microphone output signal representing sounds transduced by the microphone; an earphone speaker configured to convert an equalized output electrical signal into acoustic waves; a Bluetooth wireless transceiver; and an automated …",Poltorak Technologies Llc,Alexander I. Poltorak,2023-07-06,2023-01-02,2022-01-02,,US20230217195A1,https://patents.google.com/patent/US20230217195A1/en,https://patentimages.storage.googleapis.com/b7/15/d9/8e40dc720c18c0/US20230217195A1.pdf,A-Baseline,General Infrastructure,ALL,customs automation,customs automation,None (fallback)
patent/US20200225655A1/en,"Methods, systems, kits and apparatuses for monitoring and managing industrial …","The present disclosure includes a method for receiving, by the processing system, reporting packets from one or more respective sensors of the plurality of sensors. Each reporting packet is sent from a respective sensor and indicates sensor data captured by the respective sensor; performing, by …","Strong Force Iot Portfolio 2016, Llc",Charles Cella,2020-07-16,2020-01-13,2016-05-09,,US20200225655A1,https://patents.google.com/patent/US20200225655A1/en,https://patentimages.storage.googleapis.com/81/f8/ec/ecb1b7c1c30d3e/US20200225655A1.pdf,A-Baseline,General Infrastructure,ALL,customs automation,customs automation,None (fallback)
patent/US10577574B2/en,Interconnections of multiple perfused engineered tissue constructs and …,"9, 2012, Sep. 5, 2012 and Oct. 23, 2012, respectively. The '300 application, now U.S. Pat. No. 9,874,285, is a national stage entry of PCT Application Serial No. PCT/US2013/071026, filed Nov. 20, 2013, which claims priority to and the benefit of U.S. Provisional Patent Application Ser. Nos.",Vanderbilt University,John P. Wikswo,2020-03-03,2018-06-20,2010-10-07,2020-03-03,US10577574B2,https://patents.google.com/patent/US10577574B2/en,https://patentimages.storage.googleapis.com/a8/a7/4c/b438d46b5f9e9a/US10577574.pdf,A-Baseline,General Infrastructure,ALL,customs automation,customs automation,None (fallback)
patent/US12022143B2/en,"Digital jukebox device with karaoke and/or photo booth features, and associated …","CROSS-REFERENCES TO RELATED APPLICATIONS This application is a continuation of U.S. application Ser. No. 17/079,706, filed Oct. 26, 2020, which is a continuation of U.S. application Ser. No. 16/774,323 filed Jan. 28, 2020, which is a continuation of U.S. application Ser. No. 16/293,524 filed Mar.","Touchtunes Music Company, Llc",Ed Rivera,2024-06-25,2022-06-17,2011-09-18,2024-06-25,US12022143B2,https://patents.google.com/patent/US12022143B2/en,https://patentimages.storage.googleapis.com/f0/37/71/12b39f488174fb/US12022143.pdf,A-Baseline,General Infrastructure,ALL,customs automation,customs automation,None (fallback)
patent/US10721237B2/en,Hierarchical processing for a virtual directory system for LDAP to SCIM proxy …,"providing a SCIM directory including a plurality of SCIM resource entries that describe SCIM users and groups, each SCIM resource entry including a plurality of SCIM attributes including an externalID and a resource type identifying the SCIM resource entry as belonging to a user or a group, each …",Oracle International Corporation,Kanika VATS,2020-07-21,2017-07-31,2016-08-05,2020-07-21,US10721237B2,https://patents.google.com/patent/US10721237B2/en,https://patentimages.storage.googleapis.com/36/98/26/6c329ac70852df/US10721237.pdf,A-Baseline,General Infrastructure,ALL,customs automation,customs automation,None (fallback)
patent/US20250181889A1/en,Api for recurrent neural networks,"Apparatuses, systems, and techniques to implement a recurrent neural network. In at least one embodiment, an application programming interface receives one or more API calls comprising a graph definition and a recurrence attribute, and executes a recurrent neural network based on the graph …",Nvidia Corporation,Bastiaan Joannes Matheus Aarts,2025-06-05,2025-02-03,2019-12-18,,US20250181889A1,https://patents.google.com/patent/US20250181889A1/en,https://patentimages.storage.googleapis.com/d6/34/a8/de14f24bee0cc5/US20250181889A1.pdf,A-Baseline,General Infrastructure,ALL,customs automation,customs automation,None (fallback)
patent/CN109415724B/en,Timing of logged molecular events,"A log of molecular events experienced by a cell and indicators of the timing of those events is stored in an existing polynucleotide by the process of creating a double strand break (""DSB"") in the polynucleotide and inserting a new polynucleotide sequence by repairing the DSB using homology …",Microsoft Technology Licensing Llc,K·K·甘贾姆,2022-07-15,2017-06-23,2016-07-01,2022-07-15,CN109415724B,https://patents.google.com/patent/CN109415724B/en,https://patentimages.storage.googleapis.com/f2/04/f3/91edb0a5dab225/CN109415724B.pdf,A-Baseline,General Infrastructure,ALL,customs automation,customs automation,None (fallback)
patent/US20200061811A1/en,Robotic control system,"In at least one embodiment, under the control of a robotic control system, a gripper on a robot is positioned to grasp a 3-dimensional object. In at least one embodiment, the relative position of the object and the gripper is determined, at least in part, by using a camera mounted on the gripper.",Nvidia Corporation,Shariq Iqbal,2020-02-27,2019-08-23,2018-08-24,,US20200061811A1,https://patents.google.com/patent/US20200061811A1/en,https://patentimages.storage.googleapis.com/1d/27/ea/872164eda23fda/US20200061811A1.pdf,A-Baseline,General Infrastructure,ALL,customs automation,customs automation,None (fallback)
patent/US20240157168A1/en,Devices and methods for light delivery,"No. 17/056,094, filed Nov. 17, 2020, now U.S. Pat. No. 11,571,586, which is a U.S. national entry of PCT Patent Application Serial No. PCT/US2019/032831, filed May 17, 2019, which itself claims priority to and the benefit of U.S. Provisional Patent Application Ser. No. 62/673,305 filed May 18, 2018 …",Northwestern University,Shuai Xu,2024-05-16,2024-01-04,2018-05-18,,US20240157168A1,https://patents.google.com/patent/US20240157168A1/en,https://patentimages.storage.googleapis.com/51/5e/f9/83d3e174434f70/US20240157168A1.pdf,A-Baseline,General Infrastructure,ALL,customs automation,customs automation,None (fallback)
patent/US11625738B2/en,Methods and systems that generated resource-provision bids in an automated …,11. The automated resource-exchange system of claim 4 wherein one or more additional fees are added to the estimated hosting fee to generate a final hosting fee for entry into a bid-response message. 12. The automated resource-exchange system of claim 11 wherein an additional uplift fee is added to …,"Vmware, Inc.",Daniel Beveridge,2023-04-11,2017-06-29,2016-08-28,2023-04-11,US11625738B2,https://patents.google.com/patent/US11625738B2/en,https://patentimages.storage.googleapis.com/ae/ed/e2/aa49d307550bc7/US11625738.pdf,A-Baseline,General Infrastructure,ALL,customs automation,customs automation,None (fallback)
patent/US11604665B2/en,Multi-tiered-application distribution to resource-provider hosts by an …,"The invention claimed is: 1. An automated resource-exchange system comprising: multiple resource-exchange-system participants, each comprising a computing facility that includes multiple computers, each having one or more processors and one or more memories, and a local cloud-exchange instance;","Vmware, Inc.",Jivan Madtha,2023-03-14,2017-08-24,2016-08-28,2023-03-14,US11604665B2,https://patents.google.com/patent/US11604665B2/en,https://patentimages.storage.googleapis.com/23/a9/48/a924e2ce275976/US11604665.pdf,A-Baseline,General Infrastructure,ALL,customs automation,customs automation,None (fallback)
patent/US11843528B2/en,Lower-tier application deployment for higher-tier system,"One or more lower-tier system monitoring components are installed and operated prior to installing a higher-tier system monitoring component. A lower-tier system may be an individual server, network device, or local area network. A higher-tier system may include an enterprise or organization wide …",Splunk Inc.,Alan Vincent Hardin,2023-12-12,2021-10-22,2017-09-25,2023-12-12,US11843528B2,https://patents.google.com/patent/US11843528B2/en,https://patentimages.storage.googleapis.com/1e/5e/0d/8ac67ecd745c8b/US11843528.pdf,A-Baseline,General Infrastructure,ALL,customs automation,customs automation,None (fallback)
patent/CN113473896B/en,Analysis subject,"In one aspect, a system 10 for analyzing a subject 14 using a device 12 is disclosed. In one arrangement and embodiment, the device 12 includes: a controller 18; a storage device 20 storing electronic program instructions for controlling the controller 18; and an input component. In one form, the …",躯体构成技术私人有限公司,A·埃尔-萨拉姆,2024-12-10,2019-12-19,2018-12-24,2024-12-10,CN113473896B,https://patents.google.com/patent/CN113473896B/en,https://patentimages.storage.googleapis.com/a4/6c/87/0b6b1306f7e583/CN113473896B.pdf,A-Baseline,General Infrastructure,ALL,customs automation,customs automation,None (fallback)
patent/US10819776B2/en,Automated resource-price calibration and recalibration by an automated resource …,"The invention claimed is: 1. An automated resource-exchange system comprising: multiple resource-exchange-system participants, each comprising a computing facility that includes multiple computers, each having one or more processors and one or more memories, and a local cloud-exchange instance;","Vmware, Inc.",Daniel Beveridge,2020-10-27,2017-10-11,2016-08-28,2020-10-27,US10819776B2,https://patents.google.com/patent/US10819776B2/en,https://patentimages.storage.googleapis.com/c4/a5/fb/2b561e06cccb4f/US10819776.pdf,A-Baseline,General Infrastructure,ALL,customs automation,customs automation,None (fallback)
patent/US11419932B2/en,Nucleic acid nanostructure platform for antigen presentation and vaccine …,"… -epitopes (Burton, et al., Science, 337(6091):183-186 (2012); Burnett, et al., Science, 360(6385):223-226 (2018)). Given the high mutation rate of HIV genomes, it is thought that prophylactic HIV vaccines that can induce immunity at the portal of entry would valuable in controlling HIV infection. …",Massachusetts Institute Of Technology,Mark Bathe,2022-08-23,2020-01-24,2019-01-24,2022-08-23,US11419932B2,https://patents.google.com/patent/US11419932B2/en,https://patentimages.storage.googleapis.com/79/33/ab/d3cfc2f9c368f0/US11419932.pdf,A-Baseline,General Infrastructure,ALL,customs automation,customs automation,None (fallback)
patent/US10592310B2/en,"System and method for detecting, collecting, analyzing, and communicating event …","The Pre-Trip Health section is described as also including information about immunizations, health risks, and the like. One of the travel categories is described as “Social Customs,” and includes information about “Public Holidays & Events.” The TIR is also described as including “a rating (such as …",Georgetown University,Peter Chao-Yuan Li,2020-03-17,2018-04-18,2008-02-25,2020-03-17,US10592310B2,https://patents.google.com/patent/US10592310B2/en,https://patentimages.storage.googleapis.com/e6/2c/79/3e9f7c4d8f7d9c/US10592310.pdf,A-Baseline,General Infrastructure,ALL,customs automation,customs automation,None (fallback)
patent/US12194632B2/en,Robotic control system,"In at least one embodiment, under the control of a robotic control system, a gripper on a robot is positioned to grasp a 3-dimensional object. In at least one embodiment, the relative position of the object and the gripper is determined, at least in part, by using a camera mounted on the gripper.",Nvidia Corporation,Shariq Iqbal,2025-01-14,2023-10-10,2018-08-24,2025-01-14,US12194632B2,https://patents.google.com/patent/US12194632B2/en,https://patentimages.storage.googleapis.com/c3/1d/57/88a9fca65c78bc/US12194632.pdf,A-Baseline,General Infrastructure,ALL,customs automation,customs automation,None (fallback)
patent/US11409504B1/en,Variant modeling elements in graphical programs,"Systems and methods provide, as part of an executable graphical model, a region for providing variants that includes one or more computational choices defining alternative execution implementations of the region. Conditions assigned to the one or more computational choices indicate which of the …","The Mathworks, Inc.",Vaibhav Awale,2022-08-09,2021-01-25,2016-12-02,2022-08-09,US11409504B1,https://patents.google.com/patent/US11409504B1/en,https://patentimages.storage.googleapis.com/27/61/52/dc7a0f0cc09ff3/US11409504.pdf,A-Baseline,General Infrastructure,ALL,customs automation,customs automation,None (fallback)
patent/US11100643B2/en,Training strategy search using reinforcement learning,"In at least one embodiment, a reinforcement-learning-based searching approach is used to produce a training configuration for a machine-learning model. In at least one embodiment, 3D medical image segmentation is performed using learned image preprocessing parameters.",Nvidia Corporation,Dong Yang,2021-08-24,2019-09-11,2019-09-11,2021-08-24,US11100643B2,https://patents.google.com/patent/US11100643B2/en,https://patentimages.storage.googleapis.com/b5/67/97/d810ef4b5d8cfa/US11100643.pdf,A-Baseline,General Infrastructure,ALL,customs automation,customs automation,None (fallback)
patent/EP3428860B1/en,Dynamically reconfigurable data collection agent for fracking pump asset,"The method of claim 9, further comprising generating, by the system and based on information contained in the subset of the asset models, manifest data (502) that configures the on-premise cloud agent device to collect the telemetry data from the telemetry data points defined by the telemetry data …","Rockwell Automation Technologies, Inc.",Bijan Sayyarrodsari,2023-01-11,2018-07-11,2017-07-11,2023-01-11,EP3428860B1,https://patents.google.com/patent/EP3428860B1/en,https://patentimages.storage.googleapis.com/80/dc/bf/6773c8b4993771/EP3428860B1.pdf,A-Baseline,General Infrastructure,ALL,customs automation,customs automation,None (fallback)
patent/US20240005409A1/en,"Systems, methods, and storage media for managing digital liquidity tokens in a …","The Matrix Conversion component adds the source wallet address as a first row and a column entry to a stored distance matrix representing the plurality of transactions, adds the destination wallet address as a second row and column entry to the stored distance matrix representing the plurality of …","Securrency, Inc.",George Daniel Doney,2024-01-04,2023-09-18,2019-04-17,,US20240005409A1,https://patents.google.com/patent/US20240005409A1/en,https://patentimages.storage.googleapis.com/02/7d/db/ff7618fc5da312/US20240005409A1.pdf,A-Baseline,General Infrastructure,ALL,customs automation,customs automation,None (fallback)
patent/US10571642B1/en,"Additive manufacturing of active devices using dielectric, conductive and …",An apparatus for segmenting and feeding a fiber includes at least one capillary having a lumen therethrough configured to deliver a fiber segment. An advancing advances a fiber through the capillary. Tensioning means applies tension to the fiber to induce it to break. Damaging means locally …,Southern Methodist University,Adam Cohen,2020-02-25,2019-02-19,2016-08-05,2020-02-25,US10571642B1,https://patents.google.com/patent/US10571642B1/en,https://patentimages.storage.googleapis.com/10/e3/6e/03f3b5019b9511/US10571642.pdf,A-Baseline,General Infrastructure,ALL,customs automation,customs automation,None (fallback)
patent/US10096537B1/en,"Thermal management systems, methods for making, and methods for using","Embodiments of the present invention are directed to heat transfer arrays, cold plates including heat transfer arrays along with inlets and outlets, and thermal management systems including cold-plates, pumps and heat exchangers. These devices and systems may be used to provide thermal management …",Microfabrica Inc.,Richard T. Chen,2018-10-09,2017-03-30,2015-12-31,2018-10-09,US10096537B1,https://patents.google.com/patent/US10096537B1/en,https://patentimages.storage.googleapis.com/7a/18/0a/2cbade3f42516a/US10096537.pdf,A-Baseline,General Infrastructure,ALL,customs automation,customs automation,None (fallback)
patent/US11237546B2/en,Method and system of modifying a data collection trajectory for vehicles,"Systems, methods and apparatus for data monitoring are disclosed. A system may include a data acquisition circuit structured to interpret a plurality of detection values, each of the plurality of detection values corresponding to at least one of a plurality of input sensors communicatively coupled …","Strong Force loT Portfolio 2016, LLC",Charles Howard Cella,2022-02-01,2018-12-21,2016-06-15,2022-02-01,US11237546B2,https://patents.google.com/patent/US11237546B2/en,https://patentimages.storage.googleapis.com/6a/c6/c1/50fc48999f4e6d/US11237546.pdf,A-Baseline,General Infrastructure,ALL,customs automation,customs automation,None (fallback)
patent/US11194318B2/en,Systems and methods utilizing noise analysis to determine conveyor performance,"Systems and methods utilizing noise analysis to analyze conveyor performance are disclosed. An example system for monitoring a plurality of components of a conveyor in an industrial environment may include a data acquisition circuit to interpret a plurality of detection values, each detection …","Strong Force Iot Portfolio 2016, Llc",Charles Howard Cella,2021-12-07,2019-11-26,2016-05-09,2021-12-07,US11194318B2,https://patents.google.com/patent/US11194318B2/en,https://patentimages.storage.googleapis.com/0c/2f/c7/001b1df89ca5b8/US11194318.pdf,A-Baseline,General Infrastructure,ALL,manifest generation,manifest generation,None (fallback)
patent/US11431561B2/en,Internet of things,"The Internet can be configured to provide communications to a large number of Internet-of-Things (IoT) devices. Devices can be designed to address the need for network layers, from central servers, through gateways, down to edge devices, to grow unhindered, to discover and make accessible …",Intel Corporation,Ned M. Smith,2022-08-30,2017-12-28,2016-12-30,2022-08-30,US11431561B2,https://patents.google.com/patent/US11431561B2/en,https://patentimages.storage.googleapis.com/22/bf/1b/d13a3c325304c8/US11431561.pdf,A-Baseline,General Infrastructure,ALL,manifest generation,manifest generation,None (fallback)
patent/US12440208B2/en,Powered surgical instrument,A method of operating a surgical instrument is disclosed. The surgical instrument includes an electronic system comprising an electric motor coupled to the end effector; a motor controller coupled to the motor; a parameter threshold detection module configured to monitor multiple parameter …,Cilag Gmbh International,"Frederick E. Shelton, IV",2025-10-14,2023-08-23,2015-03-06,2025-10-14,US12440208B2,https://patents.google.com/patent/US12440208B2/en,,A-Baseline,General Infrastructure,ALL,manifest generation,manifest generation,None (fallback)
patent/US12321422B2/en,Methods and apparatus for secondary content management and fraud prevention,"Methods and apparatus for secondary content management, including preventing viewing fraud, are disclosed. In one embodiment, apparatus of the present disclosure includes an Advertisement Decisioning Service (ADS) and Manifest Manipulator (MM) configured cooperate to receive client requests for …",Time Warner Cable Enterprises Llc,Kenneth Gould,2025-06-03,2023-06-05,2016-04-21,2025-06-03,US12321422B2,https://patents.google.com/patent/US12321422B2/en,https://patentimages.storage.googleapis.com/e4/e9/cd/bce3c114916f28/US12321422B2.pdf,A-Baseline,General Infrastructure,ALL,manifest generation,manifest generation,None (fallback)
patent/US9710673B2/en,Conflict resolution for keychain syncing,Some embodiments provide a program that synchronizes a keychain stored on a device with a set of other devices. The keychain includes a set of keychain items. The program receives (1) a list of keychain items for updating the keychain stored on the device and (2) data representing the keychain …,Apple Inc.,Michael Brouwer,2017-07-18,2016-09-23,2013-01-18,2017-07-18,US9710673B2,https://patents.google.com/patent/US9710673B2/en,https://patentimages.storage.googleapis.com/cb/63/5f/55ff66c4d755c9/US9710673.pdf,A-Baseline,General Infrastructure,ALL,manifest generation,manifest generation,None (fallback)
patent/CN111655716B/en,IL-15 based fusion with IL-7 and IL-21,The present invention provides multi-specific fusion protein complexes having a domain comprising IL-15 or a functional variant and a binding domain specific for IL-7 or IL-21.,艾尔特生物科技公司,H·C·王,2024-03-08,2018-08-28,2017-08-28,2024-03-08,CN111655716B,https://patents.google.com/patent/CN111655716B/en,https://patentimages.storage.googleapis.com/6c/72/5b/8b3ccb8118f09b/CN111655716B.pdf,A-Baseline,General Infrastructure,ALL,manifest generation,manifest generation,None (fallback)
patent/US20230190913A1/en,Vectors for eliciting immune responses to non-dominant epitopes in the …,"Methods of preparing influenza viruses having altered immunodominant epitopes in HA, e.g., having one or more residues in one or more of antigenic sites A-E in HA altered, and viral vectors, e.g., influenza virus VLPs or non-influenza viruses or VLPs thereof expressing or having influenza HAs with …",Wisconsin Alumni Research Foundation (Warf),Yoshihiro Kawaoka,2023-06-22,2022-07-18,2018-08-20,,US20230190913A1,https://patents.google.com/patent/US20230190913A1/en,https://patentimages.storage.googleapis.com/18/f0/f5/396e4a0c34935e/US20230190913A1.pdf,A-Baseline,General Infrastructure,ALL,manifest generation,manifest generation,None (fallback)
patent/US10579875B2/en,Systems and methods for object identification using a three-dimensional …,"wherein the one or more objects are components of an order to be shipped, and wherein the method further comprises: retrieving a shipping manifest comprising a list of one or more items expected to be included in the order to be shipped; comparing the metadata identifying the one or more objects to …","Aquifi, Inc.",Carlo Dal Mutto,2020-03-03,2018-10-11,2017-10-11,2020-03-03,US10579875B2,https://patents.google.com/patent/US10579875B2/en,https://patentimages.storage.googleapis.com/30/fa/92/7901fee2f1ab9f/US10579875.pdf,A-Baseline,General Infrastructure,ALL,manifest generation,manifest generation,None (fallback)
patent/US12233094B2/en,Interaction of fibroblasts and immune cells for activation and uses thereof,"The present disclosure is directed to systems, methods, and compositions for functional interaction of fibroblasts with one or more types of immune cells such that the interaction results in modification to the fibroblasts, the one or more types of immune cells, or both. In some embodiments, one …","Spinalcyte, Llc",Pete O'Heeron,2025-02-25,2018-11-29,2017-11-29,2025-02-25,US12233094B2,https://patents.google.com/patent/US12233094B2/en,https://patentimages.storage.googleapis.com/af/1b/96/22c741dfdfa50c/US12233094.pdf,A-Baseline,General Infrastructure,ALL,manifest generation,manifest generation,None (fallback)
patent/US12097222B2/en,Methods for attenuating viral infection and for treating lung injury,"However, several significant differences in the pathogenesis exist among SARS-CoV, MERS-CoV and the other HCoVs. Cell Entry and Receptors The critical first step for HCoV infection is entry into the susceptible host cells by combining with a specific receptor. Spike proteins (S proteins) of HCoVs …","Spiritus Therapeutics, Inc.",Jodi Gurney,2024-09-24,2020-06-04,2019-06-06,2024-09-24,US12097222B2,https://patents.google.com/patent/US12097222B2/en,https://patentimages.storage.googleapis.com/5e/b6/ff/86325e927e7214/US12097222.pdf,A-Baseline,General Infrastructure,ALL,manifest generation,manifest generation,None (fallback)
patent/US11676719B2/en,Subtyping heterogeneous disorders using functional random forest models,An example method includes identifying training data indicating features of a sample population and clinical outcomes of the sample population. The clinical outcomes are associated with a heterogeneous condition. The method further includes generating decision trees in a Random Forest (RF) based …,Oregon Health & Science University,Eric Feczko,2023-06-13,2019-12-19,2018-12-20,2023-06-13,US11676719B2,https://patents.google.com/patent/US11676719B2/en,https://patentimages.storage.googleapis.com/03/ca/26/5e4df6b4c76793/US11676719.pdf,A-Baseline,General Infrastructure,ALL,manifest generation,manifest generation,None (fallback)
patent/AU2016216574B2/en,Policy enforcement in cloud-platform infrastructure layouts,"In some cases, the layout logic 700 may output the resulting mappings of how southbound services fulfill offered northbound services in a manifest. For example, a manifest may include a file that lists southbound services and accompanying configurations used to support a particular northbound …",Accenture Global Services Limited,Karthik Gomadam,2016-12-01,2016-08-16,2014-09-04,2016-12-01,AU2016216574B2,https://patents.google.com/patent/AU2016216574B2/en,https://patentimages.storage.googleapis.com/76/40/51/fe2b7e3a389c12/AU2016216574B2.pdf,A-Baseline,General Infrastructure,ALL,manifest generation,manifest generation,None (fallback)
patent/AU2016282790B2/en,VMAT2 inhibitors for treating neurological diseases or disorders,Methods are provided herein for treating mania in mood disorders and other neurological diseases or disorders. The methods provided herein comprise administering a VMAT2 inhibitor to a subject in need thereof. A VMAT2 inhibitor useful in the methods provided herein includes (S)-2-Amino-3-methyl- …,"Neurocrine Biosciences, Inc.",Dimitri E. Grigoriadis,2019-10-03,2016-06-23,2015-06-23,2019-10-03,AU2016282790B2,https://patents.google.com/patent/AU2016282790B2/en,https://patentimages.storage.googleapis.com/a5/b9/6e/7dacc35d63792c/AU2016282790B2.pdf,A-Baseline,General Infrastructure,ALL,manifest generation,manifest generation,None (fallback)
patent/AU2019377141B2/en,Enhanced systems for cell-mediated oncolytic viral therapy,"RECTIFIED SHEET (RULE 91) ISA/EP another agent to inhibit cell growth or promote cell death. Optionally, the therapeutic agent can exhibit or manifest additional properties, such as, properties that permit its use as an imaging agent, as described elsewhere herein. Exemplary therapeutic gene …","Calidi Biotherapeutics (Nevada), Inc.",Dobrin Draganov,2024-06-06,2019-11-06,2018-11-06,2024-06-06,AU2019377141B2,https://patents.google.com/patent/AU2019377141B2/en,https://patentimages.storage.googleapis.com/90/b5/eb/06eb6e47607201/AU2019377141B2.pdf,A-Baseline,General Infrastructure,ALL,manifest generation,manifest generation,None (fallback)
patent/US10681097B2/en,Methods and systems for data transmission,"17. The non-transitory computer-readable storage medium of claim 14 , wherein the operations further comprise: modifying the manifest to generate a second manifest; receiving, from the server, a third manifest that identifies a second set of segments of data of the video stream; modifying the third …","Opentv, Inc.",John Tinsman,2020-06-09,2017-07-13,2006-09-14,2020-06-09,US10681097B2,https://patents.google.com/patent/US10681097B2/en,https://patentimages.storage.googleapis.com/ca/01/dd/0b8d13cc08c323/US10681097.pdf,A-Baseline,General Infrastructure,ALL,manifest generation,manifest generation,None (fallback)
patent/US12284260B2/en,Control in a content delivery network,A content delivery network (CDN) includes a plurality of CDN components including at least one CDN rendezvous mechanism and at least one control core. The CDN components are controlled by control core data from the at least one control core. Some CDN components obtain CDN resources including …,"Sandpiper Cdn, Llc",Laurence R. Lipstone,2025-04-22,2023-11-30,2011-12-14,2025-04-22,US12284260B2,https://patents.google.com/patent/US12284260B2/en,https://patentimages.storage.googleapis.com/9a/c0/02/188a81cb741897/US12284260B2.pdf,A-Baseline,General Infrastructure,ALL,manifest generation,manifest generation,None (fallback)
patent/US10577403B2/en,Modified polynucleotides for the production of secreted proteins,"Provided herein, in part, are polynucleotides, primary constructs and/or mmRNA encoding polypeptides of interest which have been designed to improve one or more of the stability and/or clearance in tissues, receptor uptake and/or kinetics, cellular access by the compositions, engagement with …","Modernatx, Inc.",Antonin de Fougerolles,2020-03-03,2019-06-12,2012-04-02,2020-03-03,US10577403B2,https://patents.google.com/patent/US10577403B2/en,https://patentimages.storage.googleapis.com/3b/b3/a0/983604f6e9e573/US10577403.pdf,A-Baseline,General Infrastructure,ALL,manifest generation,manifest generation,None (fallback)
patent/US10652087B2/en,Content delivery framework having fill services,"A framework supporting content delivery and comprising a plurality of devices, each device configured to run at least one content delivery (CD) service of a plurality of CD services, wherein the plurality of CD services comprise: collector services, reducer services, fill services, and control …","Level 3 Communications, Llc",Lewis Robert Varney,2020-05-12,2014-06-17,2012-12-13,2020-05-12,US10652087B2,https://patents.google.com/patent/US10652087B2/en,https://patentimages.storage.googleapis.com/07/61/cd/7820933403414e/US10652087.pdf,A-Baseline,General Infrastructure,ALL,manifest generation,manifest generation,None (fallback)
patent/US10701149B2/en,Content delivery framework having origin services,"A framework supporting content delivery and comprising a plurality of devices, each device configured to run at least one content delivery (CD) service of a plurality of CD services, wherein the plurality of CD services comprise: collector services, reducer services, origin services, and control …","Level 3 Communications, Llc",Lewis Robert Varney,2020-06-30,2014-06-17,2012-12-13,2020-06-30,US10701149B2,https://patents.google.com/patent/US10701149B2/en,https://patentimages.storage.googleapis.com/3f/b7/fe/e74c73192b703a/US10701149.pdf,A-Baseline,General Infrastructure,ALL,manifest generation,manifest generation,None (fallback)
patent/US10701148B2/en,Content delivery framework having storage services,"A framework supporting content delivery and comprising a plurality of devices, each device configured to run at least one content delivery (CD) service of a plurality of CD services, wherein the plurality of CD services comprise: collector services, reducer services, storage services, and control …","Level 3 Communications, Llc",Lewis Robert Varney,2020-06-30,2014-06-17,2012-12-13,2020-06-30,US10701148B2,https://patents.google.com/patent/US10701148B2/en,https://patentimages.storage.googleapis.com/90/f7/74/8a9820d2e57f41/US10701148.pdf,A-Baseline,General Infrastructure,ALL,manifest generation,manifest generation,None (fallback)
patent/US10715314B2/en,Cloud file system,"encrypting that chunk using the generated encryption key, generating a chunk identifier based on data within the encrypted chunk, including the encryption key and the chunk identifier in a file manifest, determining that the cloud storage system does not include the encrypted chunk, and …",Puccini World Limited,Anthony Francois Gauda,2020-07-14,2018-01-22,2011-05-14,2020-07-14,US10715314B2,https://patents.google.com/patent/US10715314B2/en,https://patentimages.storage.googleapis.com/74/31/98/ce5466b846bd84/US10715314.pdf,A-Baseline,General Infrastructure,ALL,manifest generation,manifest generation,None (fallback)
patent/US12178576B2/en,Early detection of neurodegenerative disease,"… (NDD). PD is a devastating progressive NDD often with delayed diagnosis due to detection methods that depend on the appearance of visible motor symptoms. By the time cardinal symptoms manifest, 60 to 80 percent or more of the dopamine-producing cells in the substantia nigra are irreversibly lost.",Newton Howard,Newton Howard,2024-12-31,2022-11-21,2016-02-12,2024-12-31,US12178576B2,https://patents.google.com/patent/US12178576B2/en,https://patentimages.storage.googleapis.com/a7/bd/e4/b9915a97d790dd/US12178576.pdf,A-Baseline,General Infrastructure,ALL,manifest generation,manifest generation,None (fallback)
patent/AU2016218981B2/en,Confidential communication management,"… including those based on RSA or elliptic curve cryptography (ECC). [0034] A digital signature may refer to the result of applying an algorithm based on a public/private key pair, which allows a signing party to manifest, and a verifying party to verify, the authenticity and integrity of a document.",Visa International Service Association,Soumendra Bhattacharya,2020-03-05,2016-02-16,2015-02-13,2020-03-05,AU2016218981B2,https://patents.google.com/patent/AU2016218981B2/en,https://patentimages.storage.googleapis.com/42/c3/34/7363610b358d80/AU2016218981B2.pdf,A-Baseline,General Infrastructure,ALL,manifest generation,manifest generation,None (fallback)
patent/US20240103012A1/en,Methods and compositions related to toxicity associated with cell therapy,"Provided are methods, kits and compositions related to toxicity associated with administration of cell therapy for the treatment of diseases or conditions, e.g., cancer, including methods for use in predicting and treating a toxicity. In some embodiments, the toxicity is a neurotoxicity or …","Juno Therapeutics, Inc.",He Li,2024-03-28,2023-09-27,2015-12-04,,US20240103012A1,https://patents.google.com/patent/US20240103012A1/en,https://patentimages.storage.googleapis.com/c2/3d/86/07951ad79ae3f5/US20240103012A1.pdf,A-Baseline,General Infrastructure,ALL,manifest generation,manifest generation,None (fallback)
patent/CA2968189C/en,Cloud-based digital content recorder apparatus and methods,"Apparatus and methods for the storage and delivery of content over a network. In one embodiment, the network comprises a managed content distribution network, and the apparatus comprises a ""cloud"" digital video recorder (cDVR) server which stores, processes and assembles content prior to its …",Time Warner Cable Enterprises Llc,Ranga Muvavarirwa,2021-03-23,2017-05-25,2016-06-01,2021-03-23,CA2968189C,https://patents.google.com/patent/CA2968189C/en,https://patentimages.storage.googleapis.com/44/83/53/09d6d0bdb1559d/CA2968189C.pdf,A-Baseline,General Infrastructure,ALL,manifest generation,manifest generation,None (fallback)
patent/AU2016210622B2/en,Compositions and methods for improving mitochondrial function and treating …,"Provided are compositions comprising compounds or precursors to compounds which may be used for a variety of therapeutic applications including, for example, treating and/or preventing a disease or disorder related to reduced or inadequate 5 mitochondrial activity, including aging or stress, …",Amazentis Sa,Penelope Andreux,2018-03-08,2016-08-02,2010-12-23,2018-03-08,AU2016210622B2,https://patents.google.com/patent/AU2016210622B2/en,https://patentimages.storage.googleapis.com/0e/6f/4d/2a488ba4a1fd55/AU2016210622B2.pdf,A-Baseline,General Infrastructure,ALL,manifest generation,manifest generation,None (fallback)
patent/JP2024038518A/en,Gene editing for autosomal dominant diseases,To provide methods for modifying an autosomal dominant disease-related gene in a cell.SOLUTION: The methods involve the use of a gene editing enzyme with a pair of unique guide RNA sequences that targets both mutant and wildtype forms of an autosomal dominant disease-related gene for destruction …,The Trustees Of Columbia University In The City Of New York,ウー，ウェン‐シュアン,2024-03-19,2024-02-02,2018-03-23,,JP2024038518A,https://patents.google.com/patent/JP2024038518A/en,https://patentimages.storage.googleapis.com/b1/39/67/eec363c4f18309/JP2024038518A.pdf,A-Baseline,General Infrastructure,ALL,manifest generation,manifest generation,None (fallback)
patent/AU2016204898B2/en,System and method for planning a patient-specific cardiac procedure,… . A. Model with GZ volume 64% of the original. B. and C. Activation maps of the two VT morphologies induced after PES; both manifest as breakthrough on the epicardium and are organized around a Utype filament with endpoints on the scar. [0016] Figures 4A and 4B show targeting filaments for ablation.,The Johns Hopkins University,Hermenegild AREVALO,2018-01-04,2016-07-13,2011-02-11,2018-01-04,AU2016204898B2,https://patents.google.com/patent/AU2016204898B2/en,https://patentimages.storage.googleapis.com/3d/f8/45/5bbe877350b026/AU2016204898B2.pdf,A-Baseline,General Infrastructure,ALL,manifest generation,manifest generation,None (fallback)
patent/ES2966045T3/en,Cell-based vehicles for the enhancement of viral therapy,"… encode and deliver anticancer agents. However, the efficacy of oncolytic viruses can be impeded by circulating neutralizing antibodies, innate and adaptive immune mechanisms, and other clearance mechanisms that interfere with the delivery and/or accumulation of the viruses in cancer cells/tumors.",Calidi Biotherapeutics Inc,Dobrin Draganov,2024-04-18,2019-06-04,2018-06-04,2024-04-18,ES2966045T3,https://patents.google.com/patent/ES2966045T3/en,https://patentimages.storage.googleapis.com/a9/5a/f5/ac6f0a998ce864/ES2966045T3.pdf,A-Baseline,General Infrastructure,ALL,manifest generation,manifest generation,None (fallback)
patent/US11457253B2/en,Apparatus and methods for presentation of key frames in encrypted content,"receive digitally rendered video data; generate a manifest data structure for the digitally rendered video data; provide the manifest data structure for delivery to a computerized client device; receive data representative of a request for at least one key frame, the request originating from the …",Time Warner Cable Enterprises Llc,John Chen,2022-09-27,2020-05-11,2016-07-07,2022-09-27,US11457253B2,https://patents.google.com/patent/US11457253B2/en,https://patentimages.storage.googleapis.com/0a/a8/70/c072a0e0169a72/US11457253.pdf,A-Baseline,General Infrastructure,ALL,manifest generation,manifest generation,None (fallback)
patent/US9572897B2/en,Modified polynucleotides for the production of cytoplasmic and cytoskeletal …,"Provided herein, in part, are polynucleotides, primary constructs and/or mmRNA encoding polypeptides of interest which have been designed to improve one or more of the stability and/or clearance in tissues, receptor uptake and/or kinetics, cellular access by the compositions, engagement with …","Modernatx, Inc.",Stephane Bancel,2017-02-21,2016-02-12,2012-04-02,2017-02-21,US9572897B2,https://patents.google.com/patent/US9572897B2/en,https://patentimages.storage.googleapis.com/30/58/69/3c139e76f715bc/US9572897.pdf,A-Baseline,General Infrastructure,ALL,manifest generation,manifest generation,None (fallback)
patent/US12369918B2/en,Interatrial shunt having physiologic sensor,"Interatrial shunts having incorporated physiologic sensors are provided for monitoring and treating cardiovascular syndromes, including heart failure and pulmonary hypertension, in which the one or more sensors are affixed to the shunt to measure a physiologic parameter within the interatrial …",V-Wave Ltd.,Neal Eigler,2025-07-29,2022-01-27,2020-11-13,2025-07-29,US12369918B2,https://patents.google.com/patent/US12369918B2/en,,A-Baseline,General Infrastructure,ALL,manifest generation,manifest generation,None (fallback)
patent/US11307787B2/en,Technologies for providing manifest-based asset representation,"4. The apparatus of claim 1 , wherein the update sent to the orchestrator server comprises an indication of the change to the manifest data. 5. The apparatus of claim 1 , wherein the manifest data includes at least one hardware manifest, firmware manifest, configuration manifest, or health manifest.",Intel Corporation,Murugasamy K. Nachimuthu,2022-04-19,2017-11-29,2016-11-29,2022-04-19,US11307787B2,https://patents.google.com/patent/US11307787B2/en,https://patentimages.storage.googleapis.com/27/0c/ff/f61f34a5a55416/US11307787.pdf,A-Baseline,General Infrastructure,ALL,manifest generation,manifest generation,None (fallback)
patent/US11770429B2/en,System and method for streaming content from multiple servers,"A system and a method for media streaming from multiple sources are disclosed. A content requesting client device accesses a server to receive a list of available sources that may include multiple Content Delivery Networks (CDNs) and independent servers. Based on a pre-set criteria, such as the …",Bright Data Ltd.,Derry Shribman,2023-09-26,2021-04-27,2015-05-14,2023-09-26,US11770429B2,https://patents.google.com/patent/US11770429B2/en,https://patentimages.storage.googleapis.com/2a/af/ff/2c2df718c455ae/US11770429.pdf,A-Baseline,General Infrastructure,ALL,manifest generation,manifest generation,None (fallback)
patent/AU2016200113B2/en,Wirelessly detectable objects for use in medical procedures and methods of …,"… surgical field, a third response signal that contains the identification information stored by such RFID transponder; and generating a second manifest of surgical objects removed from the surgical field based at least in part on the identification information included in each third response signal.",Covidien Lp,William A. Blair,2019-10-31,2016-01-08,2015-01-21,2019-10-31,AU2016200113B2,https://patents.google.com/patent/AU2016200113B2/en,https://patentimages.storage.googleapis.com/88/16/9f/c9620360e5d8d7/AU2016200113B2.pdf,A-Baseline,General Infrastructure,ALL,manifest generation,manifest generation,None (fallback)
patent/US11471523B2/en,Universal vaccines against immunogens of pathogenic organisms that provide …,"(2006) 87:2755-2766; Harrison, S C, Nat Commun. 2017; 8:14722; Gerold, G. et al. Mol Cell Proteomics. (2017) 16:S75-S91). However, the detailed process of the entry of the flavivirus into the host cell is not fully understood. C) Immune Response to Infection with Flaviviruses Human flavivirus …","Cn.Usa Biotech Holdings, Inc.",Jian Qing XU,2022-10-18,2020-01-08,2018-09-11,2022-10-18,US11471523B2,https://patents.google.com/patent/US11471523B2/en,https://patentimages.storage.googleapis.com/7e/7b/4d/f15da1536ed102/US11471523.pdf,A-Baseline,General Infrastructure,ALL,manifest generation,manifest generation,None (fallback)
patent/US20230230091A1/en,"Methods, systems, articles of manufacture and apparatus to control …","13 . A non-transitory machine readable storage medium comprising instructions that, when executed, cause processor circuitry to at least: generate an entry of encrypted input data to a first portion of a first data structure; generate an entry of an encryption key into a second portion of the first …",Intel Corporation,Robert Vaughn,2023-07-20,2023-01-12,2020-11-02,,US20230230091A1,https://patents.google.com/patent/US20230230091A1/en,https://patentimages.storage.googleapis.com/37/f2/a6/7adf6c7cf58452/US20230230091A1.pdf,A-Baseline,General Infrastructure,ALL,manifest generation,manifest generation,None (fallback)
patent/AU2022256090B2/en,Compositions and methods of inhibiting MASP-3 for the treatment of various …,The present invention relates to MASP-3 inhibitory antibodies and compositions comprising such antibodies for use in inhibiting the adverse effects of MASP-3 dependent complement activation.,Omeros Corporation,W. Jason Cummings,2024-08-01,2022-10-17,2016-08-01,2024-08-01,AU2022256090B2,https://patents.google.com/patent/AU2022256090B2/en,https://patentimages.storage.googleapis.com/15/59/dd/3f34ab23359d74/AU2022256090B2.pdf,A-Baseline,General Infrastructure,ALL,manifest generation,manifest generation,None (fallback)
patent/US11304355B2/en,Methods and systems for reducing fitness of weed,A method of weed control is provided. The method comprising: (a) determining development of flowers of at least one weed species of interest; and (b) artificially pollinating at flowering the flowers of the at least one weed species of interest with pollen that reduces fitness of the at least one …,Weedout Ltd.,Orly NOIVIRT-BRIK,2022-04-19,2019-05-06,2018-05-06,2022-04-19,US11304355B2,https://patents.google.com/patent/US11304355B2/en,https://patentimages.storage.googleapis.com/c4/1e/17/8ccc0bd8ca8629/US11304355.pdf,A-Baseline,General Infrastructure,ALL,manifest generation,manifest generation,None (fallback)
patent/CN109479158B/en,Retrieve and access segment blocks for media streaming,"determining a duration value for the segment from the manifest file; and The duration value is divided by the number of segment blocks to determine a duration value for the segment block. 47. A method of transmitting media data, the method comprising: generating a manifest file containing an …",Qualcomm Incorporated,托马斯·斯托克哈默,2021-06-18,2017-07-28,2016-07-28,2021-06-18,CN109479158B,https://patents.google.com/patent/CN109479158B/en,https://patentimages.storage.googleapis.com/9b/76/71/d13e2eccbbcb54/CN109479158B.pdf,A-Baseline,General Infrastructure,ALL,manifest generation,manifest generation,None (fallback)
patent/US11027127B2/en,Devices and methods for treating medical disorders with evoked potentials and …,"The hypersensitivity to external stimuli may manifest itself as photophobia, phonophobia, hyperosmia and cutaneous allodynia, corresponding respectively to heightened sensitivity to light, sound, odor, and touch (particularly of the scalp and face). Therefore, migraineurs often seek a dark, quiet …","Electrocore, Inc",Bruce J. Simon,2021-06-08,2019-07-15,2013-04-28,2021-06-08,US11027127B2,https://patents.google.com/patent/US11027127B2/en,https://patentimages.storage.googleapis.com/a5/47/a5/d05dc84d669079/US11027127.pdf,A-Baseline,General Infrastructure,ALL,manifest generation,manifest generation,None (fallback)
patent/AU2018385706B2/en,Compositions and methods for inhibiting T cell exhaustion,"The present invention relates to T cell compositions and methods of using the same in the context of therapy and treatment. In particular, the invention provides T cells that are modified (e.g., genetically and/or functionally) to maintain functionality under conditions in which unmodified T cells …",The Board Of Trustees Of The Leland Stanford Junior University,Rachel LYNN,2025-04-24,2018-12-14,2017-12-15,2025-04-24,AU2018385706B2,https://patents.google.com/patent/AU2018385706B2/en,https://patentimages.storage.googleapis.com/7e/41/59/30205a634f257f/AU2018385706B2.pdf,A-Baseline,General Infrastructure,ALL,manifest generation,manifest generation,None (fallback)
patent/AU2021261933B2/en,Use of mva or mvadeltae3l as immunotherapeutic agents against solid tumors,… of the tumor induces the immune system of a subject afflicted with a malignant solid tumor to mount an immune response against the tumor. Stimulation of the subject's immune system against the tumor can be manifest (and may indeed be tested) by one or more of the following immunological effects: • …,Memorial Sloan Kettering Cancer Center,Peihong DAI,2025-04-03,2021-11-04,2015-04-17,2025-04-03,AU2021261933B2,https://patents.google.com/patent/AU2021261933B2/en,https://patentimages.storage.googleapis.com/7b/61/3c/c9698dc76f1f37/AU2021261933B2.pdf,A-Baseline,General Infrastructure,ALL,manifest generation,manifest generation,None (fallback)
patent/US11363956B2/en,Methods and apparatuses for assessment and management of hemodynamic status,"JAMA. 1989; 261(6):884-888. Several studies have demonstrated that elevations in pulmonary artery pressure closely correlate with worsening heart failure and can increase several days or weeks before signs and symptoms manifest. Chaudhry S I, Wang Y, Concato J, Gill T M, Krumholz H M. Patterns of …",Medici Technologies Llc,Mark Ries Robinson,2022-06-21,2016-12-06,2015-12-07,2022-06-21,US11363956B2,https://patents.google.com/patent/US11363956B2/en,https://patentimages.storage.googleapis.com/b4/0d/03/7fb65ff3822440/US11363956.pdf,A-Baseline,General Infrastructure,ALL,manifest generation,manifest generation,None (fallback)
patent/US10706232B2/en,"Systems, methods, and apparatus for linguistic analysis and disabling of …","This disclosure describes systems, methods, and apparatus that monitor any manifestation of an idea, such as typed, written, or verbal message or document creation (e.g., while a user types an email or instant message, or makes a phone call) and analyze the manifestation in real-time to extract a …","Fairwords, Inc.",Anish Parikh,2020-07-07,2019-03-25,2013-12-16,2020-07-07,US10706232B2,https://patents.google.com/patent/US10706232B2/en,https://patentimages.storage.googleapis.com/28/37/01/44782aa89a68a2/US10706232.pdf,A-Baseline,General Infrastructure,ALL,manifest generation,manifest generation,None (fallback)
patent/US12333401B2/en,Systems for self-organizing data collection and storage in a power generation …,"Systems for self-organizing data collection and storage in a power generation environment are disclosed. A system may include a data collector for handling a plurality of sensor inputs from sensors in the power generation system, wherein the plurality of sensor inputs is configured to sense at …","Strong Force Iot Portfolio 2016, Llc",Charles Howard Cella,2025-06-17,2022-12-02,2016-05-09,2025-06-17,US12333401B2,https://patents.google.com/patent/US12333401B2/en,https://patentimages.storage.googleapis.com/de/04/04/6c3e3d704286d4/US12333401B2.pdf,A-Baseline,General Infrastructure,ALL,manifest generation,manifest generation,None (fallback)
patent/US10554771B2/en,Parallelized replay of captured database workload,"Technologies are described for facilitating replay of requests for database operations. A plurality of requests for database operations are received. Each of the plurality of requests includes a type, an access unit identifier, and a chronological identifier. Execution dependencies are determined …",Sap Se,Chang Gyoo Park,2020-02-04,2019-03-22,2016-07-05,2020-02-04,US10554771B2,https://patents.google.com/patent/US10554771B2/en,https://patentimages.storage.googleapis.com/b4/04/04/dab21874689b42/US10554771.pdf,A-Baseline,General Infrastructure,ALL,manifest generation,manifest generation,None (fallback)
patent/US20240293461A1/en,Methods of Treating T Cell Exhaustion by Inhibiting or Modulating T Cell …,"CROSS REFERENCE TO RELATED APPLICATIONS This application is a divisional of U.S. application Ser. No. 16/499,760, filed on Sep. 30, 2019, which is a 371 national phase entry of International Patent Application No. PCT/US2018/025459, filed Mar. 30, 2018, which claims the benefit of U.S. provisional …",The Board Of Trustees Of The Leland Stanford Junior University,Rachel Lynn,2024-09-05,2024-02-21,2017-03-31,,US20240293461A1,https://patents.google.com/patent/US20240293461A1/en,https://patentimages.storage.googleapis.com/59/df/7e/066b3697438317/US20240293461A1.pdf,A-Baseline,General Infrastructure,ALL,manifest generation,manifest generation,None (fallback)
patent/TWI796308B/en,Adaptive motion vector precision for video coding,"A method of decoding video data, including receiving an encoded block of video data that was encoded using an inter-prediction mode, receiving one or more syntax elements indicating a motion vector difference (MVD) associated with the encoded block of video data, determining a current MVD …",Qualcomm Incorporated,陳建樂,2023-03-21,2017-10-05,2016-10-04,2023-03-21,TWI796308B,https://patents.google.com/patent/TWI796308B/en,https://patentimages.storage.googleapis.com/bd/27/d7/5d05c3f6b1c294/TWI796308B.pdf,A-Baseline,General Infrastructure,ALL,manifest generation,manifest generation,None (fallback)
patent/AU2016203177B2/en,Navigation application,"Some embodiments provide a navigation application that presents a novel navigation presentation on a device. The application identifies a location of the device, and identifies a style of road signs associated with the identified location of the device. The application then generates navigation …",Apple Inc.,Christopher Blumenberg,2017-08-24,2016-05-16,2012-06-05,2017-08-24,AU2016203177B2,https://patents.google.com/patent/AU2016203177B2/en,https://patentimages.storage.googleapis.com/07/ee/61/2101e5dac360aa/AU2016203177B2.pdf,A-Baseline,General Infrastructure,ALL,manifest generation,manifest generation,None (fallback)
patent/US20210226812A1/en,Building management system with identity management,"A building system for identity management of a building, the building system including one or more storage devices configured to store instructions thereon, that, when executed by one or more processors, cause the one or more processors to receive a request to determine whether an entity has a …",Johnson Controls Technology Company,Youngchoon Park,2021-07-22,2021-04-05,2017-02-10,,US20210226812A1,https://patents.google.com/patent/US20210226812A1/en,https://patentimages.storage.googleapis.com/6d/f7/0e/a174aa8e43e752/US20210226812A1.pdf,A-Baseline,General Infrastructure,ALL,manifest generation,manifest generation,None (fallback)
patent/AU2023203084B2/en,Administration and dosage of diaminophenothiazines,"The invention provides novel regimens for treatment of neurodegenerative disorders utilising methylthioninium (MT)-containing compounds. The regimens are based on novel 5 findings in relation to the dosage of MT compounds, and their interaction with symptomatic treatments based on modulation of …",TauRx Therapeutics Management Ltd,Bjorn Olaf Schelter,2025-03-06,2023-05-17,2016-07-25,2025-03-06,AU2023203084B2,https://patents.google.com/patent/AU2023203084B2/en,https://patentimages.storage.googleapis.com/be/b8/9c/ef87b022864362/AU2023203084B2.pdf,A-Baseline,General Infrastructure,ALL,manifest generation,manifest generation,None (fallback)
patent/JP7536062B2/en,Compositions and Related Methods for Modulating Endosymbionts,"A composition for reducing the fitness of a Hemiptera insect, the composition comprising a polynucleotide comprising a dsRNA formulated for delivery to the insect, the dsRNA being complementary to 15-30 nucleotides of the ApGLNT1 gene encoded by SEQ ID NO:149 . A plant comprising a topical …",フラグシップ パイオニアリング イノベーションズ ブイ，インコーポレーテッド,マルティネス，イグナシオ,2024-08-19,2022-09-28,2017-02-24,2024-08-19,JP7536062B2,https://patents.google.com/patent/JP7536062B2/en,https://patentimages.storage.googleapis.com/57/c7/a2/f0288aaed91a1d/JP7536062B2.pdf,A-Baseline,General Infrastructure,ALL,manifest generation,manifest generation,None (fallback)
patent/AU2024200578A1/en,Engineered immunostimulatory bacterial strains and uses thereof,"… different or separate promoters and terminators control expression of each therapeutic product, or the nucleic acid encoding the therapeutic products is expressed from a single promoter and comprises a single terminator, and the sequence encoding each product comprises an Internal Ribosome Entry …","Actym Therapeutics, Inc.",Laura Hix Glickman,2024-02-22,2024-01-31,2018-07-11,,AU2024200578A1,https://patents.google.com/patent/AU2024200578A1/en,https://patentimages.storage.googleapis.com/71/05/59/aa3b98547c9766/AU2024200578A1.pdf,A-Baseline,General Infrastructure,ALL,manifest generation,manifest generation,None (fallback)
patent/US11758103B2/en,Video client optimization during pause,"A system and method for providing quality control in immersive video during pausing of a video streaming session. In one embodiment, a paused video frame may comprise a plurality of mixed quality video tiles depending on user gaze vector information. Under pause control, the video quality of all …",Telefonaktiebolaget Lm Ericsson (Publ),Chris Phillips,2023-09-12,2022-09-21,2018-10-01,2023-09-12,US11758103B2,https://patents.google.com/patent/US11758103B2/en,https://patentimages.storage.googleapis.com/12/7c/01/bd969bba49a180/US11758103.pdf,A-Baseline,General Infrastructure,ALL,manifest generation,manifest generation,None (fallback)
patent/CN109496217B/en,Construction and characterization of multimeric IL-15-based molecules with CD3 …,"The present application provides a soluble fusion protein complex comprising at least two soluble fusion proteins. For example, the first fusion protein is an anti-CD 3 antibody covalently linked to an interleukin-15 (IL-15) polypeptide or a functional fragment thereof. The second fusion protein …",阿尔托生物科学有限公司,刘白,2023-10-20,2017-05-26,2016-05-27,2023-10-20,CN109496217B,https://patents.google.com/patent/CN109496217B/en,https://patentimages.storage.googleapis.com/6d/ec/85/2336a4f4651164/CN109496217B.pdf,A-Baseline,General Infrastructure,ALL,manifest generation,manifest generation,None (fallback)
patent/US20210236053A1/en,System and method to maintain health using personal digital phenotypes,"A system and method for identifying and treating a disease in a patient collects one or more data streams from sensors configured to detect biological signals generated within a patient's tissue over time. Patient data elements including one or more of demographic, clinical, laboratory, pathology, …",The Board Of Trustees Of The Leland Stanford Junior University,Sanjiv M. Narayan,2021-08-05,2019-04-24,2018-04-30,,US20210236053A1,https://patents.google.com/patent/US20210236053A1/en,https://patentimages.storage.googleapis.com/af/89/ed/80701182ec9bc5/US20210236053A1.pdf,A-Baseline,General Infrastructure,ALL,manifest generation,manifest generation,None (fallback)
patent/CN112292864B/en,Tile selection and bandwidth optimization for providing 360 degree immersive …,"A tile selection and bandwidth optimization scheme for enabling an optimized 360 ° immersive video viewing experience. A stream manifest file is obtained that describes, for each tile encoded bitstream corresponding to a particular one of a plurality of bit rate representations of a media input …",Telefonaktiebolaget Lm Ericsson (Publ),克里斯·菲利普斯,2023-03-21,2019-05-08,2018-06-14,2023-03-21,CN112292864B,https://patents.google.com/patent/CN112292864B/en,https://patentimages.storage.googleapis.com/b8/74/ef/a50c0674d8ec44/CN112292864B.pdf,A-Baseline,General Infrastructure,ALL,manifest generation,manifest generation,None (fallback)
patent/US11071811B2/en,Portable dialysis machine,"CROSS REFERENCE The present application is a continuation application of U.S. patent application Ser. No. 15/341,953, entitled “Portable Dialysis Machine” and filed on Nov. 2, 2016, which is a continuation application of U.S. patent application Ser. No. 14/040,362, of the same title, filed on Sep.","Fresenius Medical Care Holdings, Inc.",Barry Neil Fulkerson,2021-07-27,2020-02-12,2007-09-13,2021-07-27,US11071811B2,https://patents.google.com/patent/US11071811B2/en,https://patentimages.storage.googleapis.com/40/91/bd/8306c58e382c3c/US11071811.pdf,A-Baseline,General Infrastructure,ALL,manifest generation,manifest generation,None (fallback)
patent/AU2015340300B2/en,Bicyclic peptide ligands specific for MT1-MMP,"The present invention relates to polypeptides which are covalently bound to molecular scaffolds such that two or more peptide loops are subtended between attachment points to the scaffold. In particular, the invention describes peptides which are high affinity binders of membrane type 1 …",Bicyclerd Limited,Leonardo Baldassarre,2019-12-05,2015-10-29,2014-10-29,2019-12-05,AU2015340300B2,https://patents.google.com/patent/AU2015340300B2/en,https://patentimages.storage.googleapis.com/8e/8e/13/e51236672eb3f0/AU2015340300B2.pdf,A-Baseline,General Infrastructure,ALL,manifest generation,manifest generation,None (fallback)
patent/US10979691B2/en,Circular fisheye video in virtual reality,"4. The method of claim 2 , wherein one or more of the parameter values are included in a restricted scheme information box that includes an original sample entry type, wherein the original sample entry type identifies an original format of the 360-degree video data as captured, and wherein the …",Qualcomm Incorporated,Bijan Forutanpour,2021-04-13,2017-04-24,2016-05-20,2021-04-13,US10979691B2,https://patents.google.com/patent/US10979691B2/en,https://patentimages.storage.googleapis.com/c7/09/dd/27cb1ec4d7e4eb/US10979691.pdf,A-Baseline,General Infrastructure,ALL,manifest generation,manifest generation,None (fallback)
patent/AU2016265993B2/en,Novel FXR (NR1H4) binding and activity modulating compounds,"… embodiments, the disease is selected from lipid and lipoprotein disorders; Type II Diabetes and clinical complications of Type I and Type II Diabetes, including diabetic nephropathy, diabetic neuropathy, diabetic retinopathy and other observed effects of clinically manifest long term Diabetes;","Gilead Sciences, Inc.",Olaf Kinzel,2018-03-15,2016-11-29,2011-07-13,2018-03-15,AU2016265993B2,https://patents.google.com/patent/AU2016265993B2/en,https://patentimages.storage.googleapis.com/d7/4c/da/7a1225519db241/AU2016265993B2.pdf,A-Baseline,General Infrastructure,ALL,manifest generation,manifest generation,None (fallback)
patent/US10356387B1/en,Bookmarking system and method in 360° immersive video based on gaze vector …,A system and method for facilitating bookmarks in a 360° immersive video network environment. Bookmarks may be set and recorded based on user gaze vector data for defining a spatial dimension component in a bookmark wherein multiple gaze locations in a video frame may be associated with a single …,Telefonaktiebolaget Lm Ericsson (Publ),Chris Phillips,2019-07-16,2018-07-26,2018-07-26,2019-07-16,US10356387B1,https://patents.google.com/patent/US10356387B1/en,https://patentimages.storage.googleapis.com/34/dd/51/534b1002de195f/US10356387.pdf,A-Baseline,General Infrastructure,ALL,manifest generation,manifest generation,None (fallback)
patent/US11318248B2/en,Methods for heating a reservoir unit in a dialysis system,"The specification discloses a portable dialysis machine having a detachable controller unit and base unit with an improved reservoir heating system. The controller unit includes a door having an interior face, a housing with a panel, where the housing and panel define a recessed region configured …","Fresenius Medical Care Holdings, Inc.",Barry Neil Fulkerson,2022-05-03,2019-06-28,2007-09-13,2022-05-03,US11318248B2,https://patents.google.com/patent/US11318248B2/en,https://patentimages.storage.googleapis.com/f6/a4/89/237740f0ea46a1/US11318248.pdf,A-Baseline,General Infrastructure,ALL,manifest generation,manifest generation,None (fallback)
patent/US10432970B1/en,System and method for encoding 360° immersive video,", wherein the media input stream comprises a 360° immersive video asset, the method further comprising generating one or more manifest files describing characteristics of tile groupings per frame for each tile-encoded bitstream and providing the respective tile-encoded bitstreams corresponding to …",Telefonaktiebolaget Lm Ericsson (Publ),Chris Phillips,2019-10-01,2018-06-14,2018-06-14,2019-10-01,US10432970B1,https://patents.google.com/patent/US10432970B1/en,https://patentimages.storage.googleapis.com/50/ff/03/3a301386be39f3/US10432970.pdf,A-Baseline,General Infrastructure,ALL,manifest generation,manifest generation,None (fallback)
patent/US20220210063A1/en,Layer-2 networking information in a virtualized cloud environment,"… to fail simultaneously. This is achieved by the ADs not sharing critical infrastructure resources such as networking, physical cables, cable paths, cable entry points, etc., such that a failure at one AD within a region is unlikely to impact the availability of the other ADs within the same region.",Oracle International Corporation,Jagwinder Singh Brar,2022-06-30,2021-10-05,2020-12-30,,US20220210063A1,https://patents.google.com/patent/US20220210063A1/en,https://patentimages.storage.googleapis.com/18/16/4b/311ebbc97ff723/US20220210063A1.pdf,A-Baseline,General Infrastructure,ALL,manifest generation,manifest generation,None (fallback)
patent/EP3356415B1/en,Asgr inhibitors for reduzing cholesterol levels,"An interfering RNA of: asialoglycoprotein receptor 1 (ASGR-1), and/or asialoglycoprotein receptor 2 (ASGR-2) for use for treating or preventing a cardiovascular disease in a patient. The interfering RNA for use of claim 1, wherein the interfering RNA is siRNA or shRNA. The interfering RNA for use …",Amgen Inc.,Paul Nioi,2024-05-01,2016-09-28,2015-09-29,2024-05-01,EP3356415B1,https://patents.google.com/patent/EP3356415B1/en,https://patentimages.storage.googleapis.com/e2/df/be/0b129abda35b44/EP3356415B1.pdf,A-Baseline,General Infrastructure,ALL,manifest generation,manifest generation,None (fallback)
patent/US10523914B1/en,System and method for providing multiple 360° immersive video sessions in a …,"A system and method for providing multisession 360° immersive video services in a network portion having a dedicated bandwidth capacity. In one embodiment, a bandwidth optimization method is operative to determine respective bandwidth allocations for the video sessions responsive to receiving an …",Telefonaktiebolaget Lm Ericsson (Publ),Chris Phillips,2019-12-31,2018-07-26,2018-07-26,2019-12-31,US10523914B1,https://patents.google.com/patent/US10523914B1/en,https://patentimages.storage.googleapis.com/52/47/f6/d8a6c93dc7eb03/US10523914.pdf,A-Baseline,General Infrastructure,ALL,manifest generation,manifest generation,None (fallback)
patent/AU2018204843B2/en,Methods for treating anxiety disorders in patients via renal neuromodulation,"… (e.g., depressive disorders). For example, patients can be diagnosed with an anxiety disorder and/or a measure of anxiety disorder severity can be determined using the Generalized Anxiety Disorder 7 (GAD-7), the Beck Anxiety Inventory (BAI), the Zung Self-Rating Anxiety Scale, the Taylor Manifest …",Medtronic Ardian Luxembourg S.A.R.L.,Douglas Hettrick,2023-07-27,2018-07-03,2017-07-05,2023-07-27,AU2018204843B2,https://patents.google.com/patent/AU2018204843B2/en,https://patentimages.storage.googleapis.com/08/1c/b3/fde4118e58c3ed/AU2018204843B2.pdf,A-Baseline,General Infrastructure,ALL,manifest generation,manifest generation,None (fallback)
patent/US20240140999A1/en,Stabilized peptide-mediated targeted protein degradation,"The present application describes stapled peptide degron chimeras, which act as protein degradation inducing moieties, either by combining a stapled peptide that binds a disease-related protein with a small molecule degron, such as a cereblon- or VHL-binding small molecule as the degron, or a …","Dana-Farber Cancer Institute, Inc.",Loren D. Walensky,2024-05-02,2023-02-23,2017-12-15,,US20240140999A1,https://patents.google.com/patent/US20240140999A1/en,https://patentimages.storage.googleapis.com/8d/ce/00/39ac24f2d1b2a9/US20240140999A1.pdf,A-Baseline,General Infrastructure,ALL,manifest generation,manifest generation,None (fallback)
patent/US11534600B2/en,Non-invasive nerve stimulation to treat or prevent autism spectrum disorders …,"Such disorders are listed in entry F84 in the International Statistical Classification of Diseases and Related Health Problems, 10th Revision (ICD-10). They include childhood autism (F84.0), atypical autism (F84.1), Rett syndrome (F84.2), other childhood disintegrative disorder (F84.3), overactive …","Electrocore, Inc.",Bruce J. Simon,2022-12-27,2019-10-24,2009-03-20,2022-12-27,US11534600B2,https://patents.google.com/patent/US11534600B2/en,https://patentimages.storage.googleapis.com/15/5e/df/f0b6ce599d9f5e/US11534600.pdf,A-Baseline,General Infrastructure,ALL,manifest generation,manifest generation,None (fallback)
patent/AU2017380257B2/en,"Microbiota composition, as a marker of responsiveness to anti-PD1/PD-L1/PD-L2 …","The gastrointestinal tract represents the largest compartment of the immune system. It is exposed to food, commensal antigens, and is the portal of entry for many pathogens. One hundred trillion organisms (mainly bacteria, phages but also archae, fungi and parasites) collectively referred to as the …",Institut Gustave Roussy,Emmanuelle Le Chatelier,2024-06-06,2017-12-22,2016-12-22,2024-06-06,AU2017380257B2,https://patents.google.com/patent/AU2017380257B2/en,https://patentimages.storage.googleapis.com/21/c8/f4/a811f3ee925b26/AU2017380257B2.pdf,A-Baseline,General Infrastructure,ALL,manifest generation,manifest generation,None (fallback)
patent/US11102182B2/en,Systems and methods for dynamically and randomly encrypting and decrypting data,"c. generating a first pseudo-random number and inserting protection logic into the software application object code by binding the protection logic to a plurality of object files to form embedded logic at entry points of the object files, the object files selected as a function of the first pseudo- …","Cyphyx, Llc",Charles C. Sammet,2021-08-24,2019-11-21,2015-08-12,2021-08-24,US11102182B2,https://patents.google.com/patent/US11102182B2/en,https://patentimages.storage.googleapis.com/a1/fc/8d/80356767c295f6/US11102182.pdf,A-Baseline,General Infrastructure,ALL,manifest generation,manifest generation,None (fallback)
patent/AU2018200374B2/en,Modified polynucleotides for the production of biologics and proteins …,"Novozymes, Inc. in PCT application number PCT/US2007/88060 filed on December 19, 2007 published as W02008140615, United States patent application national phase entry serial number 12/520,072 filed on July 2, 2009 published as US20100028943 and European patent application national phase entry …","Modernatx, Inc.",Stephane Bancel,2020-11-19,2018-01-19,2012-04-02,2020-11-19,AU2018200374B2,https://patents.google.com/patent/AU2018200374B2/en,https://patentimages.storage.googleapis.com/9e/7a/44/f4f7f2a9f94468/AU2018200374B2.pdf,A-Baseline,General Infrastructure,ALL,manifest generation,manifest generation,None (fallback)
patent/US12350034B2/en,Methods and apparatus for detection of disordered breathing,"1 CROSS REFERENCE TO RELATED APPLICATIONS The present application is a national phase entry under 35 U.S.C. § 371 of International Application No. PCT/EP2019/081818 filed Nov. 19, 2019, published in English, which claims priority from U.S. Provisional Patent Application Nos. 62/784,491 filed Dec.",Resmed Sensor Technologies Limited,Roxana TIRON,2025-07-08,2019-11-19,2018-11-19,2025-07-08,US12350034B2,https://patents.google.com/patent/US12350034B2/en,https://patentimages.storage.googleapis.com/d1/77/ab/70423157ac0fd0/US12350034B2.pdf,A-Baseline,General Infrastructure,ALL,manifest generation,manifest generation,None (fallback)
patent/US11505782B2/en,Cell-based vehicles for potentiation of viral therapy,"Provided herein are carrier cells and virus combinations and methods for treatment of cancers. Also provided are modified carrier cells for such treatment, and methods of selecting carrier cells that are matched to subjects for such treatment.","Calidi Biotherapeutics, Inc.",Dobrin Draganov,2022-11-22,2019-08-08,2018-06-04,2022-11-22,US11505782B2,https://patents.google.com/patent/US11505782B2/en,https://patentimages.storage.googleapis.com/72/f9/70/8e507a91d85831/US11505782.pdf,A-Baseline,General Infrastructure,ALL,manifest generation,manifest generation,None (fallback)
patent/EP3384034B1/en,Novel recombinant adeno-associated virus capsids with enhanced human skeletal …,"A variant adeno-associated virus (AAV) capsid polypeptide, wherein said variant AAV capsid polypeptide is selected from the group consisting of AAV-NP20 (SEQ ID NO: 2), AAV-NP22, (SEQ ID NO: 3), AAV-NP36 (SEQ ID NO: 4), AAV-NP66 (SEQ ID NO: 5), AAV-NP81 (SEQ ID NO: 6), and AAV-NP94 (SEQ ID NO: 7). …",The Board of Trustees of the Leland Stanford Junior University,Mark A. Kay,2020-07-08,2016-12-02,2015-12-02,2020-07-08,EP3384034B1,https://patents.google.com/patent/EP3384034B1/en,https://patentimages.storage.googleapis.com/7c/aa/4f/3abbebe41cc426/EP3384034B1.pdf,A-Baseline,General Infrastructure,ALL,manifest generation,manifest generation,None (fallback)
patent/TWI781079B/en,VARIANT RNAi,"… aberrations became evident when mHtt expression was induced in these mice. Subsequent tetracycline-mediated inhibition of the mHtt transgene reversed these abnormalities, indicating that reductions in mHtt levels allow protein clearance mechanisms within neurons to normalize mHtt-induced changes.",美商健臻公司,麗莎 斯坦尼克,2022-10-21,2016-02-15,2015-02-10,2022-10-21,TWI781079B,https://patents.google.com/patent/TWI781079B/en,https://patentimages.storage.googleapis.com/b5/05/19/1f2d2ed77b8857/TWI781079B.pdf,A-Baseline,General Infrastructure,ALL,manifest generation,manifest generation,None (fallback)
patent/US11561987B1/en,Platform for semantic search and dynamic reclassification,A platform receives an input document from a user device and automatically determines a semantic signature for the input document based on a probabilistic distribution of rare words within the input document. The platform automatically scrapes at least one Internet database for additional …,"Reveal Networks, Inc.",Brian M. Sager,2023-01-24,2022-06-24,2013-05-23,2023-01-24,US11561987B1,https://patents.google.com/patent/US11561987B1/en,https://patentimages.storage.googleapis.com/a3/b0/61/24900a62dfd0f9/US11561987.pdf,A-Baseline,General Infrastructure,ALL,manifest generation,manifest generation,None (fallback)
patent/US11633442B2/en,Methods for combining adoptive T cell therapy with oncolytic virus adjunct …,… from being immunosuppressive to being immunostimulatory. This strongly favors the anti-cancer activities of the infused cancer neoantigen-specific effector T lymphocytes that were activated ex vivo but need to maintain and/or increase their activity following their entry into cancer tissue. This is …,"Tvax Biomedical I, Llc",Gary Wood,2023-04-25,2020-07-27,2015-09-09,2023-04-25,US11633442B2,https://patents.google.com/patent/US11633442B2/en,https://patentimages.storage.googleapis.com/8a/32/81/06cfe5a4d633ca/US11633442.pdf,A-Baseline,General Infrastructure,ALL,manifest generation,manifest generation,None (fallback)
patent/CN108271341B/en,Compositions and methods for producing tobacco plants and articles with altered …,"The present disclosure provides for the identification of the Nic1 locus of tobacco. Also provided are tobacco plants having altered total alkaloid and nicotine content and commercially acceptable leaf grade, development thereof by breeding or transgenic methods, and production of tobacco products …",奥驰亚客户服务公司,A·C·亚当斯,2022-11-11,2016-06-24,2015-06-26,2022-11-11,CN108271341B,https://patents.google.com/patent/CN108271341B/en,https://patentimages.storage.googleapis.com/4a/92/a0/dd1f2e556639f9/CN108271341B.pdf,A-Baseline,General Infrastructure,ALL,manifest generation,manifest generation,None (fallback)
patent/US11157653B2/en,Building system with smart entity personal identifying information (PII) …,A building system for operating a building and managing private building information includes a processing circuit configured to receive a request for information for a building entity of a building entity database. The processing circuit is configured to select one of the mask templates from the …,Johnson Controls Technology Company,Youngchoon Park,2021-10-26,2019-12-20,2017-09-27,2021-10-26,US11157653B2,https://patents.google.com/patent/US11157653B2/en,https://patentimages.storage.googleapis.com/7a/d9/28/674ec3523adab6/US11157653.pdf,A-Baseline,General Infrastructure,ALL,manifest generation,manifest generation,None (fallback)
patent/US20210089647A1/en,Asset-based security systems and methods,"Methods, systems, and computer readable media for asset-based security are described.",King Fahd University Of Petroleum And Minerals,Husam Issa Mohammad SUWAD,2021-03-25,2019-07-18,2018-09-13,,US20210089647A1,https://patents.google.com/patent/US20210089647A1/en,https://patentimages.storage.googleapis.com/2a/1c/a2/70bfc124504006/US20210089647A1.pdf,A-Baseline,General Infrastructure,ALL,manifest generation,manifest generation,None (fallback)
patent/JP2023159120A/en,Methods and compositions for delivering viral vectors across the blood-brain …,"… the average of three separate infections, standard deviation is indicated by error bars. FIG. 3 shows that THR enhanced AAV8 transduction by reducing AAV8 clearance in the blood. Mice were immunized with 2E+11 vg of an incubated complex of AAV8/Luc and 0.1 mM THR peptide by retroorbital injection.",The University Of North Carolina At Chapel Hill,リー，チェンウェン,2023-10-31,2023-07-31,2017-12-19,,JP2023159120A,https://patents.google.com/patent/JP2023159120A/en,https://patentimages.storage.googleapis.com/0f/13/20/1ea248cedee2f5/JP2023159120A.pdf,A-Baseline,General Infrastructure,ALL,manifest generation,manifest generation,None (fallback)
patent/US20220142484A1/en,Reflective mode multi-spectral time-resolved optical imaging methods and …,"The most salient potential solutions to improve burn depth estimation include fluorescent dyes, high frequency ultrasound, nuclear imaging (MRI), photography, thermography, and Laser Doppler Imaging (LDI). Laser Doppler imaging is the only technology with a US FDA clearance that includes the …","Spectral Md, Inc.",John Michael DiMaio,2022-05-12,2022-01-26,2014-10-29,,US20220142484A1,https://patents.google.com/patent/US20220142484A1/en,https://patentimages.storage.googleapis.com/1e/4f/46/067fccc5c5d2b5/US20220142484A1.pdf,A-Baseline,General Infrastructure,ALL,manifest generation,manifest generation,None (fallback)
patent/US11468062B2/en,Order-independent multi-record hash generation and data filtering,"A process is provided for independently hashing and filtering a data set, such as during preprocessing. For the data set, one or more records, separately having one or more fields, may be identified. A record hash value set, containing one or more record hash values for the respective one or more …",Sap Se,Nosub Sung,2022-10-11,2020-02-25,2018-04-10,2022-10-11,US11468062B2,https://patents.google.com/patent/US11468062B2/en,https://patentimages.storage.googleapis.com/c2/71/c0/95221f48ebaf5b/US11468062.pdf,A-Baseline,General Infrastructure,ALL,manifest generation,manifest generation,None (fallback)
patent/AU2017235333B2/en,CRISPR/CAS-related methods and compositions for treating beta …,"At that time, they require chelation therapy (in addition to continued transfusions) to prevent complications of iron overload. Iron overload may manifest as growth delay or delay of sexual maturation. In adulthood, inadequate chelation therapy may lead to cardiomyopathy, cardiac arrhythmias, …","Editas Medicine, Inc.",Luis A. BARRERA,2023-08-24,2017-03-14,2016-03-14,2023-08-24,AU2017235333B2,https://patents.google.com/patent/AU2017235333B2/en,https://patentimages.storage.googleapis.com/82/16/d5/3a89b5897fce57/AU2017235333B2.pdf,A-Baseline,General Infrastructure,ALL,manifest generation,manifest generation,None (fallback)
patent/US20230193396A1/en,Circulating microrna signatures for ovarian cancer,"No. 16/476,799, filed Jul. 9, 2019, now U.S. Pat. No. 11,214,839, issued on Jan. 4, 2022, which is a national stage entry of PCT Application No. PCT/US2018/012982, filed Jan. 9, 2018, which claims the benefit of U.S. Provisional Patent Application No. 62/444,085, filed Jan. 9, 2017. The entirety of …","Dana-Farber Cancer Institute, Inc.",Dipanjan Chowdhury,2023-06-22,2022-07-01,2017-01-09,,US20230193396A1,https://patents.google.com/patent/US20230193396A1/en,https://patentimages.storage.googleapis.com/f8/82/60/5cffe4f4630780/US20230193396A1.pdf,A-Baseline,General Infrastructure,ALL,manifest generation,manifest generation,None (fallback)
patent/US20230130556A1/en,"Method, system and apparatus for automated termination of a therapy for an …","Therapy for control of disorders such as epilepsy are especially challenging, because they manifest intermittently, aperiodically and briefly (ranging from seconds to rarely >2 min) and are classified as dynamic, meaning that state changes (from normal to abnormal and vice-versa) are caused by …","Flint Hills Scientific, L.L.C.",Ivan Osorio,2023-04-27,2022-12-22,2010-03-22,,US20230130556A1,https://patents.google.com/patent/US20230130556A1/en,https://patentimages.storage.googleapis.com/c9/a3/2e/f8b6ddb29264aa/US20230130556A1.pdf,A-Baseline,General Infrastructure,ALL,manifest generation,manifest generation,None (fallback)
patent/US12240816B2/en,Deuterated compounds and uses thereof,"5. The compound of claim 4 , wherein R 4 is —CH 3 . 6. The compound of claim 1 , wherein R 8 is hydrogen and at least one of R 1 , R 2 , R 3 , R 4 , R 5 , R 6 , or R 7 is or contains deuterium. 7. The compound of claim 1 , wherein each of R 5 , R 6 , R 7 , and R 8 is as defined in an entry set forth in the table below: Entry …","Aldeyra Therapeutics, Inc.",Todd BRADY,2025-03-04,2023-11-08,2015-08-21,2025-03-04,US12240816B2,https://patents.google.com/patent/US12240816B2/en,https://patentimages.storage.googleapis.com/be/e8/60/fc5bbcbcc1a802/US12240816.pdf,A-Baseline,General Infrastructure,ALL,manifest generation,manifest generation,None (fallback)
patent/AU2013222170B2/en,Compositions and methods for the treatment of hemoglobinopathies,"At birth 95% of β-like chains are γ, with the rest being β. This ratio gradually inverts during the first year of life, explaining why phenotypes limited to the β-globin gene such as sickle cell and most β-thalassemias do not manifest until several months of age. Expression of the 10 chromosome 16 …",Fred Hutchinson Cancer Research Center,Michael A. Bender,2017-01-05,2013-02-22,2012-02-24,2017-01-05,AU2013222170B2,https://patents.google.com/patent/AU2013222170B2/en,https://patentimages.storage.googleapis.com/ae/41/2a/fc349c129b5733/AU2013222170B2.pdf,A-Baseline,General Infrastructure,ALL,manifest generation,manifest generation,None (fallback)
patent/TWI829621B/en,Anti-human vista antibodies and use thereof,"… inhibitory effect on any one or more of T cell immunity, activation of monocytes, and induction of T cell proliferation; inducing or inhibiting cell proliferation Cytokines manifest, increase monocyte survival, induce antibody-dependent cell-mediated cytotoxicity (ADCC) in VISTA-expressing cells;",Michael Morley,麥可 莫利,2024-01-21,2017-04-17,2016-04-15,2024-01-21,TWI829621B,https://patents.google.com/patent/TWI829621B/en,https://patentimages.storage.googleapis.com/e7/f6/b9/f6f7fbcf4df5c9/TWI829621B.pdf,A-Baseline,General Infrastructure,ALL,manifest generation,manifest generation,None (fallback)
patent/US10439908B2/en,Methods and apparatus for providing adaptive private network centralized …,"System and techniques are described for time correlated playback of traffic patters between nodes in a network. Node statistics of data transfers between nodes are received in a control point, wherein the node statistics include a time stamp (tn) according to time at the control point of when a …",Talari Networks Incorporated,Adam Phillip Schultz,2019-10-08,2017-10-10,2014-12-23,2019-10-08,US10439908B2,https://patents.google.com/patent/US10439908B2/en,https://patentimages.storage.googleapis.com/c3/d0/af/90289917845137/US10439908.pdf,A-Baseline,General Infrastructure,ALL,manifest generation,manifest generation,None (fallback)
patent/US20230181104A1/en,Snore detection and response for adjustable bed systems,"… of the bed system. For example, moving the bed system into a position for snore mitigation can be beneficial to detect instances of sleep apnea. After all, apnea-related patterns manifest in spectral content of an audio signal. The nature of these patterns depends on a user's position on the bed.",Sleep Number Corporation,Robert Dean JOHNSTON,2023-06-15,2022-12-06,2021-12-10,,US20230181104A1,https://patents.google.com/patent/US20230181104A1/en,https://patentimages.storage.googleapis.com/9b/a0/79/42b3ab1ac7d217/US20230181104A1.pdf,A-Baseline,General Infrastructure,ALL,manifest generation,manifest generation,None (fallback)
patent/US11637918B2/en,Self-descriptive orchestratable modules in software-defined industrial systems,", wherein the processing circuitry is further adapted to dynamically select between alternative implementations of the selected software module, wherein each of the alternative implementations is described in the module manifest of the selected software module, and wherein the application …",Intel Corporation,Mark Yarvis,2023-04-25,2018-09-28,2017-11-16,2023-04-25,US11637918B2,https://patents.google.com/patent/US11637918B2/en,https://patentimages.storage.googleapis.com/64/35/19/b513fe49082f49/US11637918.pdf,A-Baseline,General Infrastructure,ALL,manifest generation,manifest generation,None (fallback)
patent/AU2023202722A1/en,Plasmid constructs for heterologous protein expression and methods of use,"… polyA signal onto the RNA. [0045] The terms ""express"" and ""expression"" mean allowing or causing the information in a gene, RNA or DNA sequence to become manifest; for example, producing a protein by activating the cellular functions involved in transcription and translation of a corresponding gene.",David A. Canton,Jean Campbell,2023-05-18,2023-05-02,2015-12-18,,AU2023202722A1,https://patents.google.com/patent/AU2023202722A1/en,https://patentimages.storage.googleapis.com/bd/6e/b7/995fbbdb6e44fd/AU2023202722A1.pdf,A-Baseline,General Infrastructure,ALL,manifest generation,manifest generation,None (fallback)
patent/US11287847B2/en,Human-like emulation enterprise system and method,"In some variants, for example, this may manifest as an update or other modification of existing software or firmware, or of gate arrays or other programmable hardware, such as by performing a reception of or a transmission of one or more instructions in relation to one or more operations described …","Virtual Video Reality by Ritchey, LLC (VVRR, LLC)",Kurtis John Ritchey,2022-03-29,2019-10-14,2006-02-15,2022-03-29,US11287847B2,https://patents.google.com/patent/US11287847B2/en,https://patentimages.storage.googleapis.com/6a/a3/31/d4331c8af83531/US11287847.pdf,A-Baseline,General Infrastructure,ALL,manifest generation,manifest generation,None (fallback)
patent/AU2014236739B2/en,Pavement repair system,… for from to 1 year to 3 years after repair. This telegraphing phenomenon by the defects in an existing aged roadbed manifest surface defects in a new pavement overlay about three times sooner than is common to a fresh asphalt concrete pavement placed on a compacted earthen and gravel base; as is …,William B. Coe,William B. Coe,2016-11-24,2014-03-13,2013-03-15,2016-11-24,AU2014236739B2,https://patents.google.com/patent/AU2014236739B2/en,https://patentimages.storage.googleapis.com/b0/e6/a5/0a2166bfe8309b/AU2014236739B2.pdf,A-Baseline,General Infrastructure,ALL,manifest generation,manifest generation,None (fallback)
patent/JP7719222B2/en,Materials and methods for treating pain-related disorders,"1. A composition for use in a method of editing a voltage-gated sodium channel alpha subunit 9 (SCN9A) gene in a cell by genome editing, the composition comprising one or more S. pyogenes Cas9 (spCas9) endonucleases and one or more guide RNAs ( gRNAs ) or one or more single guide RNAs ( sgRNAs ) …",バーテックス ファーマシューティカルズ インコーポレイテッド,スベン ランドバーグ アンテ,2025-08-05,2024-01-26,2016-07-06,2025-08-05,JP7719222B2,https://patents.google.com/patent/JP7719222B2/en,,A-Baseline,General Infrastructure,ALL,manifest generation,manifest generation,None (fallback)
patent/EP4296877B1/en,Secure arbitration mode to build and operate within trust domain extensions,"Similarly, when exiting the SEAM, the logical processor uses the data in the SEAM VMCS to restore the VMM state into the processor core. In implementations, the SEAMLDR executes in authenticated code (AC) mode and is authenticated against a manifest signature of the manifest. A key used to verify …",Intel Corporation,Vedvyas Shanbhogue,2025-05-14,2020-02-07,2019-03-28,2025-05-14,EP4296877B1,https://patents.google.com/patent/EP4296877B1/en,https://patentimages.storage.googleapis.com/9d/93/44/b4ffbda0aae543/EP4296877B1.pdf,A-Baseline,General Infrastructure,ALL,manifest generation,manifest generation,None (fallback)
patent/US11122313B2/en,Method and system for secure over-the-top live video delivery,"receiving encrypted live media content and manifest files from a content delivery server, wherein the encrypted live media content comprises one or more content encryption key rotation boundaries wherein each content encryption key rotation boundary is associated with a change to a different …",Ericsson Ab,Kevin J. Ma,2021-09-14,2019-11-03,2011-06-23,2021-09-14,US11122313B2,https://patents.google.com/patent/US11122313B2/en,https://patentimages.storage.googleapis.com/f0/0e/e7/842a809a7409a4/US11122313.pdf,A-Baseline,General Infrastructure,ALL,manifest generation,manifest generation,None (fallback)
patent/US20230190140A1/en,Methods and apparatus for detection and monitoring of health parameters,Methods and apparatus provide monitoring of coughing and/or a sleep disordered breathing state of a person. One or more sensors may be configured for non-contact active and/or passive sensing. The processor(s) may extract respiratory effort signal(s) from one or more motion signals generated by …,Resmed Sensor Technologies Limited,Roxana TIRON,2023-06-22,2021-05-19,2020-05-19,,US20230190140A1,https://patents.google.com/patent/US20230190140A1/en,https://patentimages.storage.googleapis.com/3c/5c/bb/b84f88f038e7b0/US20230190140A1.pdf,A-Baseline,General Infrastructure,ALL,manifest generation,manifest generation,None (fallback)
patent/US12414707B2/en,"Apparatus, system, and method for detecting physiological movement from audio …","1 CROSS REFERENCE TO RELATED APPLICATIONS The present application is a national phase entry under 35 U.S.C. § 371 of International Application No. PCT/EP2017/073613 filed Sep. 19, 2017, published in English, which claims priority from U.S. Provisional Patent Application No. 62/396,616 filed Sep.",Resmed Sensor Technologies Limited,Stephen McMahon,2025-09-16,2017-09-19,2016-09-19,2025-09-16,US12414707B2,https://patents.google.com/patent/US12414707B2/en,,A-Baseline,General Infrastructure,ALL,manifest generation,manifest generation,None (fallback)
patent/US11231691B2/en,Systems and methods for agent interaction with building management system,"A building management system (BMS) including a controller having an adaptive interaction manager and an agent manager. The system further includes one or more input-output (I/O) devices, the I/O devices in communication with the adaptive interaction manager. The controller further including a …",Johnson Controls Technology Company,Sudhi Sinha,2022-01-25,2017-05-03,2016-05-04,2022-01-25,US11231691B2,https://patents.google.com/patent/US11231691B2/en,https://patentimages.storage.googleapis.com/41/5d/eb/6e45e7cb51e6f2/US11231691.pdf,A-Baseline,General Infrastructure,ALL,manifest generation,manifest generation,None (fallback)
patent/JP7747524B2/en,Systems and methods for multi-label cancer classification,"1. A method for providing information regarding a cancer state of a subject from among a plurality of cancer states, the method comprising: sequencing a plurality of DNA molecules from a sample of the subject's tumor, thereby obtaining a first plurality of sequence reads of DNA from the subject's …",テンパス エーアイ，インコーポレイテッド,ミチュダ，ジャクソン,2025-10-01,2020-05-12,2019-05-14,2025-10-01,JP7747524B2,https://patents.google.com/patent/JP7747524B2/en,,A-Baseline,General Infrastructure,ALL,manifest generation,manifest generation,None (fallback)
patent/US11722985B2/en,Object tracking and authentication using modular wall units,"In addition to a change in a measured distance, an amount of distortion in the measured signal, which can manifest as an amount of variation in a measured distance (e.g., snapshot measurements, measurements over time, etc.) can be used to determine a type of detected object. For example, a sofa may …",Apple Inc.,Travis J. McQueen,2023-08-08,2019-03-22,2018-08-09,2023-08-08,US11722985B2,https://patents.google.com/patent/US11722985B2/en,https://patentimages.storage.googleapis.com/62/e2/0d/3f7e042b6fdb2d/US11722985.pdf,A-Baseline,General Infrastructure,ALL,manifest generation,manifest generation,None (fallback)
patent/US20210009922A1/en,Methods and compositions for reducing persistent odor in clothing and …,"Novel methods and compositions for treating textiles and other materials are disclosed in which persistent odor or other symptoms of biofilm presence can be reduced through the use of compositions comprising a biofilm attack agent such as N-acetyl cysteine or certain enzymes, coupled with …",Shannon E Klingman,Shannon E Klingman,2021-01-14,2020-07-10,2019-07-10,,US20210009922A1,https://patents.google.com/patent/US20210009922A1/en,https://patentimages.storage.googleapis.com/9c/dd/43/035f1d6277f583/US20210009922A1.pdf,A-Baseline,General Infrastructure,ALL,manifest generation,manifest generation,None (fallback)
patent/US11560554B2/en,Lysosomal storage disease enzymes,(b) an enhancer sequence; (c) a long terminal repeat (LTR) sequence; (d) a 5′ untranslated region (UTR); (e) an internal ribosome entry site (IRES) element; (f) a signal peptide coding sequence operably linked to the human recombinant lysosomal acid lipase; (g) a 3′ UTR; (h) a polyadenylation …,"Alexion Pharmaceuticals, Inc.",Anthony Quinn,2023-01-24,2020-11-09,2010-04-23,2023-01-24,US11560554B2,https://patents.google.com/patent/US11560554B2/en,https://patentimages.storage.googleapis.com/06/8c/b1/5a9d981a6bbd70/US11560554.pdf,A-Baseline,General Infrastructure,ALL,manifest generation,manifest generation,None (fallback)
patent/TWI769135B/en,Novel peptides and combination of peptides for use in immunotherapy and methods …,"MHC class I molecules are found on most nucleated cells. They manifest primarily as endogenous proteins, defective ribosomal products (DRIPs) and peptides resulting from cleavage of larger peptides. However, peptides derived from endosomal structures or from exogenous sources are also frequently …",德商英麥提克生物技術股份有限公司,馬爾安德列,2022-07-01,2016-06-17,2015-06-19,2022-07-01,TWI769135B,https://patents.google.com/patent/TWI769135B/en,https://patentimages.storage.googleapis.com/6b/d5/65/b7995f245c20bc/TWI769135B.pdf,A-Baseline,General Infrastructure,ALL,manifest generation,manifest generation,None (fallback)
patent/AU2012262462B2/en,Collection of clinical data for graphical representation and analysis,"Furthermore, because the body tends to adapt to the specific stimulation parameters currently programmed into a neurostimulation system, or the full effects of stimulation are not manifest in a short period of time (i.e., not observed within a programming session), follow-up programming procedures …",Boston Scientific Neuromodulation Corporation,Michael A. Moffitt,2016-12-01,2012-05-25,2011-05-27,2016-12-01,AU2012262462B2,https://patents.google.com/patent/AU2012262462B2/en,https://patentimages.storage.googleapis.com/ce/11/30/215100fd2b533f/AU2012262462B2.pdf,A-Baseline,General Infrastructure,ALL,manifest generation,manifest generation,None (fallback)
patent/US8793684B2/en,Optimized deployment and replication of virtual machines,"wherein the centralized site management unit communicates at least part of the definition manifest to the at least one host to notify the host to download the master copy of the VM image, wherein the definition manifest provides predefined specifications on how to customize the VM to run on the …",International Business Machines Corporation,David Breitgand,2014-07-29,2011-03-16,2011-03-16,2014-07-29,US8793684B2,https://patents.google.com/patent/US8793684B2/en,https://patentimages.storage.googleapis.com/e4/a8/cf/81c52753d60e6d/US8793684.pdf,A-Baseline,General Infrastructure,ALL,manifest generation,manifest generation,None (fallback)
patent/AU2011343570B2/en,Diagnosis and treatments relating to TH2 inhibition,"Methods of diagnosing and treating disorders related to TH2 inhibition, including but not limited to asthma, are provided. Also provided are methods of selecting or identifying patients for treatment with certain therapeutic agents that are TH2 pathway inhibitors.","Genentech, Inc.",Joseph R. Arron,2016-11-03,2011-12-16,2010-12-16,2016-11-03,AU2011343570B2,https://patents.google.com/patent/AU2011343570B2/en,https://patentimages.storage.googleapis.com/83/cc/3c/03e613538c64f9/AU2011343570B2.pdf,A-Baseline,General Infrastructure,ALL,manifest generation,manifest generation,None (fallback)
patent/US20200078426A1/en,Treatment of cancer by infusion of oncolytic herpes simplex virus to the blood,"An oncolytic herpes simplex virus is disclosed for use in a method of treating cancer in a human subject, the method comprising administering to the human subject at least one dose of oncolytic herpes simplex virus by infusion to the blood, wherein the oncolytic herpes simplex virus reaches cells …",Virttu Biologics Limited,Joe Conner,2020-03-12,2019-09-17,2015-07-20,,US20200078426A1,https://patents.google.com/patent/US20200078426A1/en,https://patentimages.storage.googleapis.com/ff/bc/79/adc7d6b85433ef/US20200078426A1.pdf,A-Baseline,General Infrastructure,ALL,manifest generation,manifest generation,None (fallback)
patent/US8595103B1/en,Deployment and release component system,"claim 8 , wherein the processor is further configured to identify a list of one or more business services and one or more business map components to be included in the insurance product package manifest based upon the insurance product component meta data contained in the create manifest request;",Accenture Global Services Limited,Jeffrey M. Wargin,2013-11-26,2010-09-30,2008-09-30,2013-11-26,US8595103B1,https://patents.google.com/patent/US8595103B1/en,https://patentimages.storage.googleapis.com/48/54/d8/51084f9b2a5e1f/US8595103.pdf,A-Baseline,General Infrastructure,ALL,manifest generation,manifest generation,None (fallback)
patent/US11443433B2/en,Quantification and staging of body-wide tissue composition and of abnormal …,"PET imaging, whether via positron emission tomography/computed tomography (PET/CT) or positron emission tomography/magnetic resonance imaging (PET/MRI), improves the sensitivity for detection of pathology at the molecular, subcellular, or cellular level well before gross anatomic changes manifest, …",The Trustees Of The University Of Pennsylvania,Jayaram K. Udupa,2022-09-13,2019-02-11,2018-02-10,2022-09-13,US11443433B2,https://patents.google.com/patent/US11443433B2/en,https://patentimages.storage.googleapis.com/6e/4a/d3/6824f4b5fb60bf/US11443433.pdf,A-Baseline,General Infrastructure,ALL,manifest generation,manifest generation,None (fallback)
patent/US11660012B2/en,Assessment of wound status and tissue viability via analysis of spatially …,"Systems, methods and apparatuses for performing wound analysis using THz imaging are provided. Due to the large complex component of water's dielectric constant in the THz regime, and the relative frequency invariance of non-aqueous tissue constituents, this modality is highly sensitive to the …",The Regents Of The University Of California,Bryan Nowroozi,2023-05-30,2017-04-17,2016-04-15,2023-05-30,US11660012B2,https://patents.google.com/patent/US11660012B2/en,https://patentimages.storage.googleapis.com/74/b5/9d/997a61f4514226/US11660012.pdf,A-Baseline,General Infrastructure,ALL,manifest generation,manifest generation,None (fallback)
patent/JP2025522338A/en,Hierarchical key management for cross-region replication,"""Manifest"" may refer, in one embodiment, to information communicated by a file system in a source region (herein referred to as the source file system) to a file system in a target region (herein referred to as the target file system) to facilitate the inter-region replication process. There are …",Oracle International Corporation,ビシュト，ビクラム・シン,2025-07-15,2023-06-02,2022-06-16,,JP2025522338A,https://patents.google.com/patent/JP2025522338A/en,,A-Baseline,General Infrastructure,ALL,manifest generation,manifest generation,None (fallback)
patent/EP4040368A1/en,Low-latency delivery mechanism for map-based gui,"each POI has an associated set of social media items that are accessible via the map-based GUI responsive to user interaction with the corresponding icon, each map data tile including, for each of the included POIs, a respective manifest indicating a plurality of social media items that is …",Snap Inc.,Andrew Lin,2022-08-10,2018-04-27,2017-04-27,,EP4040368A1,https://patents.google.com/patent/EP4040368A1/en,https://patentimages.storage.googleapis.com/53/1b/e1/83f3f4bef90da0/EP4040368A1.pdf,A-Baseline,General Infrastructure,ALL,manifest generation,manifest generation,None (fallback)
patent/US20190095129A1/en,Secure Application Acceleration System and Apparatus,"An improved data storage apparatus, including an improved storage controller, is disclosed that enables the acceleration of datacenter software, by making it easier to deploy application software portions (applets) onto storage devices, in a manner that best supports runtime performance …",Richard Fetik,Richard Fetik,2019-03-28,2018-11-29,2006-05-17,,US20190095129A1,https://patents.google.com/patent/US20190095129A1/en,https://patentimages.storage.googleapis.com/4f/ea/2c/556f5e5b540fed/US20190095129A1.pdf,A-Baseline,General Infrastructure,ALL,manifest generation,manifest generation,None (fallback)
patent/EP3472344B1/en,Compositions for detecting predisposition to cardiovascular disease,"Accordingly, a gene includes, but is not necessarily limited to, promoter sequences, terminators, translational regulatory sequences such as ribosome binding sites and internal ribosome entry sites, enhancers, silencers, insulators, boundary elements, replication origins, matrix attachment sites …",University of Iowa Research Foundation,Robert Philibert,2021-03-31,2017-06-08,2016-06-08,2021-03-31,EP3472344B1,https://patents.google.com/patent/EP3472344B1/en,https://patentimages.storage.googleapis.com/c7/47/3e/183272f937613a/EP3472344B1.pdf,A-Baseline,General Infrastructure,ALL,manifest generation,manifest generation,None (fallback)
patent/US20190089997A1/en,Time-based dynamic secondary content placement calls in time-shifted content,"Apparatus and methods for enabling time-based secondary content scheduling and dynamic placement for users of a content distribution network. In one embodiment, the network comprises a managed network, and the secondary content comprises advertising which was scheduled at the time the primary …","Charter Communications Operating, Llc",Basil Badawiyeh,2019-03-21,2018-11-09,2017-03-14,,US20190089997A1,https://patents.google.com/patent/US20190089997A1/en,https://patentimages.storage.googleapis.com/24/a4/c3/3f0e8af35b4f0d/US20190089997A1.pdf,A-Baseline,General Infrastructure,ALL,manifest generation,manifest generation,None (fallback)
patent/AU2016265948B2/en,Methods and compositions for treating aging-associated impairments,"FIG. 2a, Old mice demonstrate impaired learning and memory for platform location during the testing phase of the RAWM task. Cognitive deficits were quantified as the number of entry arm errors made prior to finding the target platform. FIG. 2b, No differences in swim speeds of were detected between …","Alkahest, Inc.",Karoly Nikolich,2018-12-06,2016-05-17,2015-05-18,2018-12-06,AU2016265948B2,https://patents.google.com/patent/AU2016265948B2/en,https://patentimages.storage.googleapis.com/b6/4a/3c/ddefa80286a985/AU2016265948B2.pdf,A-Baseline,General Infrastructure,ALL,manifest generation,manifest generation,None (fallback)
patent/EP3428860A1/en,Dynamically reconfigurable data collection agent for fracking pump asset,"a worker role component configured to identify, based on header information contained in the data packet, manifest assembly data that defines processing operations associated with the priority queue, and to perform the processing operations on the industrial data in accordance with the manifest …","Rockwell Automation Technologies, Inc.",Bijan Sayyarrodsari,2019-01-16,2018-07-11,2017-07-11,,EP3428860A1,https://patents.google.com/patent/EP3428860A1/en,https://patentimages.storage.googleapis.com/0e/de/aa/904bf09105d2e3/EP3428860A1.pdf,A-Baseline,General Infrastructure,ALL,manifest generation,manifest generation,None (fallback)
patent/US8719119B1/en,Post deployment query system,"an instruction executed by the processor to receive a request to initialize a runtime executable of the insurance product offering, the runtime executable for execution on a configurable engine server using a package manifest, the package manifest comprising a plurality of manifest categories …",Accenture Global Services Limited,Jeffrey M. Wargin,2014-05-06,2010-09-30,2008-09-30,2014-05-06,US8719119B1,https://patents.google.com/patent/US8719119B1/en,https://patentimages.storage.googleapis.com/a6/e8/b7/edc2333152478f/US8719119.pdf,A-Baseline,General Infrastructure,ALL,manifest generation,manifest generation,None (fallback)
patent/US20250313859A1/en,Compositions useful in treatment of metachromatic leukodystrophy,"CROSS-REFERENCE TO RELATED APPLICATIONS This is a continuation of U.S. patent application Ser. No. 17/608,493, filed Nov. 3, 2021, which is a National Stage Entry under 35 U.S.C. 371 of International Patent Application No. PCT/US2020/031207, filed May 2, 2020, which claims priority to U.S. …",The Trustees Of The University Of Pennsylvania,James M. Wilson,2025-10-09,2025-05-07,2019-05-03,,US20250313859A1,https://patents.google.com/patent/US20250313859A1/en,,A-Baseline,General Infrastructure,ALL,manifest generation,manifest generation,None (fallback)
patent/US20220387510A1/en,Mesenchymal stem cell-derived extracellular vesicles and uses thereof for …,"The heart undergoes extensive structural and functional remodeling (meaning a group of molecular, cellular and interstitial changes that manifest clinically as changes in size, mass, geometry and function of the heart) in response to injury, central to which is the hypertrophy (meaning an increase …","Spiritus Therapeutics, Inc.",Marilyn Glassberg Csete,2022-12-08,2022-07-18,2019-06-06,,US20220387510A1,https://patents.google.com/patent/US20220387510A1/en,https://patentimages.storage.googleapis.com/85/3b/9e/96c06092e8eaf9/US20220387510A1.pdf,A-Baseline,General Infrastructure,ALL,manifest generation,manifest generation,None (fallback)
patent/US20210198613A1/en,Microelectrode array and uses thereof,The present invention is directed to a microelectrode array for use in microengineered physiological systems and methods of using the same.,"Axosim, Inc.",J. Lowry Curley,2021-07-01,2021-03-05,2018-09-05,,US20210198613A1,https://patents.google.com/patent/US20210198613A1/en,https://patentimages.storage.googleapis.com/c1/d3/c1/9ee2a6477659e8/US20210198613A1.pdf,A-Baseline,General Infrastructure,ALL,manifest generation,manifest generation,None (fallback)
patent/US10716045B2/en,Lossless handover for mobility with location identifier separation protocol in …,A method is implemented by a network device in a cellular communication network. The method to improve handover processing by a source evolved universal terrestrial radio access network (E-UTRAN) node B (eNodeB) where the source eNodeB forwards traffic destined for a user equipment (UE) that is …,Telefonaktiebolaget Lm Ericsson (Publ),David Ian Allan,2020-07-14,2017-01-24,2017-01-24,2020-07-14,US10716045B2,https://patents.google.com/patent/US10716045B2/en,https://patentimages.storage.googleapis.com/fe/f1/83/66b4cb64b09529/US10716045.pdf,A-Baseline,General Infrastructure,ALL,manifest generation,manifest generation,None (fallback)
patent/US10618714B2/en,Enhanced product packaging,"The package's content manifest enables the content profile and usage information to be uniquely associated with each package and the individual content compartment(s) through a system of unique digital and visual compartmental identifiers. The manifest may reside as a file on a cloud-based server, …","Curadite, Inc.",Dennis McNannay,2020-04-14,2019-07-18,2018-07-18,2020-04-14,US10618714B2,https://patents.google.com/patent/US10618714B2/en,https://patentimages.storage.googleapis.com/17/52/c8/5fcbb132955d38/US10618714.pdf,A-Baseline,General Infrastructure,ALL,manifest generation,manifest generation,None (fallback)
patent/EP1879139A1/en,Method and system for generating collaborative process,"… certain operations for delivery and picking and packing. Shipping information, for example, the ship- from address and the ship-to address, may be used for labeling the goods, e.g., the book, and a manifest may be generated and sent to a carrier for delivery to the destination, or ship-to address.",Sap Ag,Jens Lemcke,2008-01-16,2007-06-06,2006-06-09,,EP1879139A1,https://patents.google.com/patent/EP1879139A1/en,https://patentimages.storage.googleapis.com/e5/f5/de/74135e9e8721fd/EP1879139A1.pdf,A-Baseline,General Infrastructure,ALL,manifest generation,manifest generation,None (fallback)
patent/US11657171B2/en,Large network attached storage encryption,"Techniques for storing encrypted data using a storage service system are described herein. A computer system of a computation layer of the storage service system receives an encrypted key manifest, which is then decrypted using a cryptoprocessor of the computer system of the computation layer to …","Amazon Technologies, Inc.",Oleksandr Volkanov,2023-05-23,2019-11-08,2016-11-28,2023-05-23,US11657171B2,https://patents.google.com/patent/US11657171B2/en,https://patentimages.storage.googleapis.com/5f/02/da/182c0466cd0979/US11657171.pdf,A-Baseline,General Infrastructure,ALL,manifest generation,manifest generation,None (fallback)
patent/JP2024026891A/en,Methods and systems for manufacturing hematopoietic lineage cells,Invention described in the specification.,ヒービセル コーポレイション,フェン チアン,2024-02-28,2024-01-22,2018-10-24,,JP2024026891A,https://patents.google.com/patent/JP2024026891A/en,https://patentimages.storage.googleapis.com/25/08/7b/4fd6f534367428/JP2024026891A.pdf,A-Baseline,General Infrastructure,ALL,manifest generation,manifest generation,None (fallback)
patent/AU2021204721A1/en,Improved influenza b virus replication for vaccine development,"The invention provides a composition useful to prepare high titer influenza B viruses, e.g., in the absence of helper virus, which includes internal genes from an influenza B virus vaccine strain or isolate, e.g., one that is safe in humans, for instance, one that does not result in significant …",Wisconsin Alumni Research Foundation (Warf),Yoshihiro Kawaoka,2021-08-05,2021-07-06,2016-02-19,,AU2021204721A1,https://patents.google.com/patent/AU2021204721A1/en,https://patentimages.storage.googleapis.com/0d/e0/6e/585da35ed01e7b/AU2021204721A1.pdf,A-Baseline,General Infrastructure,ALL,manifest generation,manifest generation,None (fallback)
patent/JP7599412B2/en,Pathogen control composition and its use,"A pathogen control composition comprising a plurality of plant messenger packs (PMPs), the PMPs comprising an anthracycline antibiotic, the composition being formulated for delivery to an animal pathogen, the PMPs being lipid structures comprising extracellular vesicles secreted and purified by …",フラッグシップ パイオニアリング イノベーションズ シックス，エルエルシー,ローイェン， マリア ヘレナ クリスティネ ファン,2024-12-13,2019-05-15,2018-05-15,2024-12-13,JP7599412B2,https://patents.google.com/patent/JP7599412B2/en,https://patentimages.storage.googleapis.com/ef/ab/2f/8081c93776566c/JP7599412B2.pdf,A-Baseline,General Infrastructure,ALL,manifest generation,manifest generation,None (fallback)
patent/JP2024091801A/en,Treatment methods for substance abuse,"[Problem] There is an urgent unmet need in the art for new methods for treating substance use disorders. [Solution] The present disclosure provides a method of treating a substance use disorder in a subject, comprising administering to the subject a composition comprising a therapeutically …",パーセプション ニューロサイエンス，インコーポレイティド,スポーン ジョナサン,2024-07-05,2024-04-18,2018-05-04,,JP2024091801A,https://patents.google.com/patent/JP2024091801A/en,https://patentimages.storage.googleapis.com/23/d8/f5/303b44d61e457d/JP2024091801A.pdf,A-Baseline,General Infrastructure,ALL,manifest generation,manifest generation,None (fallback)
patent/AU2016279804B2/en,Methods and compositions for treating aging-associated conditions,"In some instances, treatment of an adult mammal in accordance with the methods results in a change in a central organ, e.g., a central nervous system organ, such as the brain, spinal cord, etc., where the change may manifest in a number of different ways, e.g., as described in greater detail below, …",The Board Of Trustees Of The Leland Stanford Junior University,Joseph M. CASTELLANO,2019-03-07,2016-06-06,2015-06-15,2019-03-07,AU2016279804B2,https://patents.google.com/patent/AU2016279804B2/en,https://patentimages.storage.googleapis.com/29/99/1d/219cc0fe7f1bc0/AU2016279804B2.pdf,A-Baseline,General Infrastructure,ALL,manifest generation,manifest generation,None (fallback)
patent/EP4283248A2/en,Method for non-contact angle measurement,"A fine atomic clock includes a particle source, an MW filter, an atomic gun, a Magneto-MW Trap (MMT) unit, an energy injection unit, and a probing unit. The particle source is used for emitting particles. The MW filter is used for receiving the particles and generating a plurality of coherent MW …",Weng-Dah Ken,Weng-Dah Ken,2023-11-29,2017-03-31,2016-03-31,,EP4283248A2,https://patents.google.com/patent/EP4283248A2/en,https://patentimages.storage.googleapis.com/c6/b7/28/1d53044ed6ca57/EP4283248A2.pdf,A-Baseline,General Infrastructure,ALL,manifest generation,manifest generation,None (fallback)
patent/AU2016326627B2/en,Composition and method for treating complement-mediated disease,"Regardless of which pathway complement activation occurs, activated complement produces three types of effector functions: opsonization of targets with C3b/iC3b/C3d to facilitate phagocytosis and clearance, production of pro-inflammatory mediators C3a and C5a, and direct cellular attack by the …",The Trustees Of The University Of Pennsylvania,Damodar GULLIPALLI,2022-12-15,2016-09-23,2015-09-24,2022-12-15,AU2016326627B2,https://patents.google.com/patent/AU2016326627B2/en,https://patentimages.storage.googleapis.com/b5/b5/fc/535feae2b9aec0/AU2016326627B2.pdf,A-Baseline,General Infrastructure,ALL,manifest generation,manifest generation,None (fallback)
patent/TWI835747B/en,Gene therapy for treating mucopolysaccharidosis type ii,A co-therapeutic regimen comprising AAV9-mediated intrathecal/intracisternal and/or systemic delivery of an expression cassette containing a hIDS gene and two or more immunosuppressants is provided herein. Also provided are methods and kits containing these vectors and compositions useful for …,The Trustees Of The University Of Pennsylvania,克里斯欽 亨德勒,2024-03-21,2018-09-21,2017-09-22,2024-03-21,TWI835747B,https://patents.google.com/patent/TWI835747B/en,https://patentimages.storage.googleapis.com/47/33/36/fa7980d7d6d228/TWI835747B.pdf,A-Baseline,General Infrastructure,ALL,manifest generation,manifest generation,None (fallback)
patent/US8438609B2/en,Resource authorizations dependent on emulation environment isolation policies,"Notwithstanding the foregoing, Applicant understands that the USPTO's computer programs have certain data entry requirements, and hence Applicant is designating the present application as a continuation-in-part of its parent applications as set forth above, but expressly points out that such …","The Invention Science Fund I, Llc",Alexander J. Cohen,2013-05-07,2007-06-28,2007-03-22,2013-05-07,US8438609B2,https://patents.google.com/patent/US8438609B2/en,https://patentimages.storage.googleapis.com/85/6a/08/3d66c08a85629d/US8438609.pdf,A-Baseline,General Infrastructure,ALL,manifest generation,manifest generation,None (fallback)
patent/US20180196827A1/en,Methods and apparatus for controlling snapshot exports,"examine a snapshot manifest file corresponding to the snapshot, wherein the snapshot manifest file includes creator account information for data in the respective snapshot, and wherein said examining compares account information for the client with the creator account information for the data …","Amazon Technologies, Inc.",Arun Sundaram,2018-07-12,2018-03-09,2011-10-04,,US20180196827A1,https://patents.google.com/patent/US20180196827A1/en,https://patentimages.storage.googleapis.com/8f/ca/d2/263ec191340c49/US20180196827A1.pdf,A-Baseline,General Infrastructure,ALL,manifest generation,manifest generation,None (fallback)
patent/US9762639B2/en,Dynamic manifest generation based on client identity,"based at least in part on the determination of the first device type, generating a first manifest having information for streaming one or more segments of the requested media source in accordance with a first chunking protocol via the data communications network; sending the first manifest to the …",Brightcove Inc.,Albert John McGowan,2017-09-12,2016-10-28,2010-06-30,2017-09-12,US9762639B2,https://patents.google.com/patent/US9762639B2/en,https://patentimages.storage.googleapis.com/49/f3/21/8368f7e6dd0d72/US9762639.pdf,A-Baseline,General Infrastructure,ALL,manifest generation,manifest generation,None (fallback)
patent/US20220362556A1/en,Systems and Methods for Enabling Appetite Modulation and/or Improving Dietary …,"A wearable, percutaneous device for suppressing appetite or hunger in a patient includes a microprocessor, electrical stimulator and at least one percutaneous electrode implanted and configured to deliver electrical stimulation through the patient's skin. The percutaneous device includes a pad and …","Elira, Inc.",Raul E. Perez,2022-11-17,2022-05-25,2015-02-24,,US20220362556A1,https://patents.google.com/patent/US20220362556A1/en,https://patentimages.storage.googleapis.com/42/df/a3/fbc55619bcda51/US20220362556A1.pdf,A-Baseline,General Infrastructure,ALL,manifest generation,manifest generation,None (fallback)
patent/US20230022146A1/en,Compositions and methods for editing beta-globin for treatment of …,"… . Worldwide, 300,000 children are born with hemoglobinopathies every year (Angastiniotis & Modell, Ann N Y Acad Sci, 850:251-269 (1998)). Because these conditions are associated with HBB mutations, their symptoms typically do not manifest until after globin switching from HbF to HbA.",Vertex Pharmaceuticals Incorporated,Sanjay D'Souza,2023-01-26,2020-06-17,2019-06-17,,US20230022146A1,https://patents.google.com/patent/US20230022146A1/en,https://patentimages.storage.googleapis.com/e3/2a/9f/178368e5d6737d/US20230022146A1.pdf,A-Baseline,General Infrastructure,ALL,manifest generation,manifest generation,None (fallback)
patent/EP3390656B1/en,Methods of detecting insulator dysfunction and oncogene activation for …,"… including the TET family of 5'-methylcytosine hydroxylases 3-7 . TET enzymes catalyze a key step in the removal of DNA methylation 8,9 . IDH mutant gliomas thus manifest a CpG island methylator phenotype (G-CIMP) 10,11 , though the functional significance of this altered epigenetic state remains unclear. …",The General Hospital Corporation,Bradley Bernstein,2020-04-08,2016-12-14,2015-12-14,2020-04-08,EP3390656B1,https://patents.google.com/patent/EP3390656B1/en,https://patentimages.storage.googleapis.com/b6/78/b5/13d9aa272e096b/EP3390656B1.pdf,A-Baseline,General Infrastructure,ALL,manifest generation,manifest generation,None (fallback)
patent/ES2994684T3/en,Anti-cd154 antibodies and uses thereof,"The ADAs were directed to the dAb (non-Fc) portion of the molecule and these antibodies were shown to block the binding of BMS-986003 to CD154, suggesting that the ADAs may be neutralizing. Furthermore, these ADAs resulted in increased clearance of BMS-986003 in several monkeys. In contrast, a …",Tonix Pharma Ltd,Seth Lederman,2025-01-29,2020-07-01,2019-07-01,2025-01-29,ES2994684T3,https://patents.google.com/patent/ES2994684T3/en,https://patentimages.storage.googleapis.com/ec/ce/1a/f471cdf5ca3a49/ES2994684T3.pdf,A-Baseline,General Infrastructure,ALL,manifest generation,manifest generation,None (fallback)
patent/US20190278578A1/en,Install File Size Optimization and Installation Verification System,"In some embodiments, the updated, separate task sequence may cause the SSFTD to automatically de-install from the software stack the one of the software components with a lower version number identified as residing on the first manifest, and then automatically install to the software stack the …",Bank Of America Corporation,Sunil Devagupthapu,2019-09-12,2019-02-25,2016-11-17,,US20190278578A1,https://patents.google.com/patent/US20190278578A1/en,https://patentimages.storage.googleapis.com/ce/28/16/74c3bfc664e16e/US20190278578A1.pdf,A-Baseline,General Infrastructure,ALL,manifest generation,manifest generation,None (fallback)
patent/AU2017280065B2/en,Recombinant cytomegalovirus vectors as vaccines for tuberculosis,The present disclosure provides cytomegalovirus vectors encoding fusion proteins comprising,"International Aids Vaccine Initiative, Inc.",Ravi P. Anantha,2021-07-01,2017-06-21,2016-06-22,2021-07-01,AU2017280065B2,https://patents.google.com/patent/AU2017280065B2/en,https://patentimages.storage.googleapis.com/fa/7e/c5/6dbe26622fd797/AU2017280065B2.pdf,A-Baseline,General Infrastructure,ALL,manifest generation,manifest generation,None (fallback)
patent/US11905318B2/en,Cyclic compound/peptide comprising an A-beta13-16 peptide and a linker that is …,"RELATED APPLICATIONS This application is a continuation of U.S. patent application Ser. No. 15/774,707, filed May 9, 2018, now U.S. Pat. No. 10,774,120, which is a national phase entry of PCT/CA2016/051303, filed Nov. 9, 2016, which claims priority from U.S. Provisional patent application Ser. No. …",The University Of British Columbia,Neil R. Cashman,2024-02-20,2020-09-03,2015-11-09,2024-02-20,US11905318B2,https://patents.google.com/patent/US11905318B2/en,https://patentimages.storage.googleapis.com/77/44/fe/78da1f19e6bc97/US11905318.pdf,A-Baseline,General Infrastructure,ALL,manifest generation,manifest generation,None (fallback)
patent/EP3440192B1/en,Production of fully functional mature beta cells from human pancreatic …,"A method of producing INS+ NKX6.1+ immature β-like cells from human pluripotent stem cells comprising: (a) incubating pluripotent stem cells (PSCs) in culture medium comprising Wnt3a, Activin A, an inhibitor of TGFβ, and keratinocyte growth factor (KGF) for 3-7 days; (b) exposing the cells …",The Regents of The University of California,Matthias Hebrok,2024-10-02,2017-04-07,2016-04-08,2024-10-02,EP3440192B1,https://patents.google.com/patent/EP3440192B1/en,https://patentimages.storage.googleapis.com/e4/0d/4e/bc5b7ab248fb57/EP3440192B1.pdf,A-Baseline,General Infrastructure,ALL,manifest generation,manifest generation,None (fallback)
patent/US10652092B2/en,Methods and systems that collect and manage latency data in an automated …,"The current document is directed a resource-exchange system that facilitates resource exchange and sharing among computing facilities. The currently disclosed methods and systems employ efficient, distributed-search-based auction methods and subsystems within distributed computer systems that …","Vmware, Inc.",Daniel James BEVERIDGE,2020-05-12,2017-06-29,2016-08-28,2020-05-12,US10652092B2,https://patents.google.com/patent/US10652092B2/en,https://patentimages.storage.googleapis.com/29/99/08/f6a53486a639fe/US10652092.pdf,A-Baseline,General Infrastructure,ALL,manifest generation,manifest generation,None (fallback)
patent/US20180292320A1/en,Methods and systems for biological instrument calibration,"… reliable data for experiments. Regular calibration and maintenance of biological instruments ensures proper and optimal operation of the instrument, which can maximize user productivity, minimize costly repairs by addressing potential problems before they manifest, and increase quality of results.",Life Technologies Corporation,Yong Chu,2018-10-11,2018-06-15,2015-02-06,,US20180292320A1,https://patents.google.com/patent/US20180292320A1/en,https://patentimages.storage.googleapis.com/54/8f/3a/4ef1a6313b7ae4/US20180292320A1.pdf,A-Baseline,General Infrastructure,ALL,manifest generation,manifest generation,None (fallback)
patent/WO2020194092A1/en,"Unified end-to-end quality and latency measurement, optimization and management …",aggregating the QoE measures into per segment scores according to a post-packager manifest file defining segments of the video source; embedding the scores into the manifest file; sending the manifest file including the QoE measures to a video player; and sending a next video segment to the video …,Ssimwave Inc.,Zhou Wang,2020-10-01,2020-03-06,2019-03-26,,WO2020194092A1,https://patents.google.com/patent/WO2020194092A1/en,https://patentimages.storage.googleapis.com/f2/b2/69/e025501bb4314d/WO2020194092A1.pdf,A-Baseline,General Infrastructure,ALL,manifest generation,manifest generation,None (fallback)
patent/JP2023134745A/en,Nucleoside-modified rna for inducing immune response against zika virus,"Compositions and methods for inducing an adaptive immune response against Zika virus (ZIKV) in a subject are provided. A composition comprising a nucleoside-modified nucleic acid molecule encoding a ZIKV antigen, an adjuvant, or a combination thereof, and a method for inducing an adaptive immune …",The Trustees Of The University Of Pennsylvania,ワイズマン，ドリュー,2023-09-27,2023-07-19,2017-01-11,,JP2023134745A,https://patents.google.com/patent/JP2023134745A/en,https://patentimages.storage.googleapis.com/09/37/75/8be652fb8a854f/JP2023134745A.pdf,A-Baseline,General Infrastructure,ALL,manifest generation,manifest generation,None (fallback)
patent/CA2918780C/en,Anti-galectin-1 (gal1) monoclonal antibodies and fragments thereof for …,"The present invention is based, in part, on the discovery of galectin 1 (Gal1) epitopes agaiast which anti-Gal1 agents can neutralize Gal1 function, as well as anti-Gal1 agents and methods useful for neutralizing Gal1 function.","Dana-Farber Cancer Institute, Inc.",Margaret A. Shipp,2023-08-08,2014-07-23,2013-07-24,2023-08-08,CA2918780C,https://patents.google.com/patent/CA2918780C/en,https://patentimages.storage.googleapis.com/1a/54/bb/e7c51ee1f649ee/CA2918780C.pdf,A-Baseline,General Infrastructure,ALL,manifest generation,manifest generation,None (fallback)
patent/US20180310828A1/en,Reflective mode multi-spectral time-resolved optical imaging methods and …,"The most salient potential solutions to improve burn depth estimation include fluorescent dyes, high frequency ultrasound, nuclear imaging (MRD, photography, thermography, and Laser Doppler Imaging (LDI). Laser Doppler imaging is the only technology with a US FDA clearance that includes the …","Spectral Md, Inc.",John Michael DiMaio,2018-11-01,2018-05-07,2014-10-29,,US20180310828A1,https://patents.google.com/patent/US20180310828A1/en,https://patentimages.storage.googleapis.com/76/31/8f/ec60cf1ae3f7e6/US20180310828A1.pdf,A-Baseline,General Infrastructure,ALL,manifest generation,manifest generation,None (fallback)
patent/CN113795826A/en,Automated resource management for distributed computing,"15. The processing device of claim 14, wherein: the infrastructure data further indicates a manifest of resources for the computing infrastructure, wherein the manifest of resources indicates a manifest of resources available for addition to the computing infrastructure; and The workload data …",Intel Corporation,J·布特勒,2021-12-14,2020-03-26,2019-06-27,,CN113795826A,https://patents.google.com/patent/CN113795826A/en,https://patentimages.storage.googleapis.com/8d/69/fe/00b3f3bffde46b/CN113795826A.pdf,A-Baseline,General Infrastructure,ALL,manifest generation,manifest generation,None (fallback)
patent/US10567780B2/en,System and method for encoding 360° immersive video,", wherein the media input stream comprises a 360° immersive video asset, the method further comprising generating one or more manifest files describing characteristics of tile groupings per frame for each tile-encoded bitstream and providing the respective tile-encoded bitstreams corresponding to …",Telefonaktiebolaget Lm Ericsson (Publ),Chris Phillips,2020-02-18,2018-06-14,2018-06-14,2020-02-18,US10567780B2,https://patents.google.com/patent/US10567780B2/en,https://patentimages.storage.googleapis.com/fa/17/e1/b3245f35338ee7/US10567780.pdf,A-Baseline,General Infrastructure,ALL,manifest generation,manifest generation,None (fallback)
patent/ES3003007T3/en,"Systems, methods, computing platforms, and storage media for administering a …","… processing systems and are not accessible except through sophisticated software systems. Data structures are not the information content of a memory, but rather represent specific electronic structural elements that impart or manifest a physical organization to the information stored in memory.",Section Io Incorporated,Daniel Bartholomew,2025-03-10,2021-03-19,2020-03-20,2025-03-10,ES3003007T3,https://patents.google.com/patent/ES3003007T3/en,https://patentimages.storage.googleapis.com/ff/b8/d9/b897e57a931e60/ES3003007T3.pdf,A-Baseline,General Infrastructure,ALL,manifest generation,manifest generation,None (fallback)
patent/CN112740710A/en,System and method for inserting advertising content in 360-degree immersive …,"… a 360 ° immersive video asset during playback in accordance with one or more embodiments of the present invention; FIG. 27 depicts an example tile metadata or manifest specification to indicate ad insertion availability for tiles in a video frame, in accordance with an embodiment of the invention; …",Telefonaktiebolaget Lm Ericsson (Publ),克里斯·菲利普斯,2021-04-30,2019-07-15,2018-07-27,,CN112740710A,https://patents.google.com/patent/CN112740710A/en,https://patentimages.storage.googleapis.com/09/05/98/9adbdf9957dac1/CN112740710A.pdf,A-Baseline,General Infrastructure,ALL,manifest generation,manifest generation,None (fallback)
patent/EP3516068B1/en,Non-radioactive cytotoxicity assays,An in vitro method for assessing cytotoxicity of an agent comprising: i) providing a target cell that has been engineered to express a thermostable non-secretory intracellular luciferase reporter; ii) exposing the target cell to an agent capable of modulating cytotoxicity; iii) assaying the …,University of Southern California,Preet M. Chaudhary,2025-04-23,2017-09-19,2016-09-19,2025-04-23,EP3516068B1,https://patents.google.com/patent/EP3516068B1/en,https://patentimages.storage.googleapis.com/91/09/b3/a10fccacd4496b/EP3516068B1.pdf,A-Baseline,General Infrastructure,ALL,manifest generation,manifest generation,None (fallback)
patent/US20180154142A1/en,Methods and devices for treatment of tumors with nano-pulse stimulation,"Disclosed herein are methods and devices for stimulating an immune response to a disease in a subject, which involves passing sub-microsecond long pulses of electric fields having an amplitude between 5 kV/cm and 68 kV/cm through an abnormal growth of a subject sufficient to suppress myeloid- …",Old Dominion University Research Foundation,Siqi Guo,2018-06-07,2017-12-05,2016-12-05,,US20180154142A1,https://patents.google.com/patent/US20180154142A1/en,https://patentimages.storage.googleapis.com/bc/88/a1/23837a02049baa/US20180154142A1.pdf,A-Baseline,General Infrastructure,ALL,manifest generation,manifest generation,None (fallback)
patent/US20170258390A1/en,Early Detection Of Neurodegenerative Disease,"… (NDD). PD is a devastating progressive NDD often with delayed diagnosis due to detection methods that depend on the appearance of visible motor symptoms. By the time cardinal symptoms manifest, 60 to 80 percent or more of the dopamine-producing cells in the substantia nigra are irreversibly lost.",Newton Howard,Newton Howard,2017-09-14,2017-02-13,2016-02-12,,US20170258390A1,https://patents.google.com/patent/US20170258390A1/en,https://patentimages.storage.googleapis.com/bb/1d/24/39bb2facde5d24/US20170258390A1.pdf,A-Baseline,General Infrastructure,ALL,manifest generation,manifest generation,None (fallback)
patent/DK2895512T3/en,Antibodies specific for human islet amyloid polypeptide (HIAPP) and uses …,"A human monoclonal anti-islet amyloid polypeptide (IAPP) antibody or an IAPP and / or proIAPP binding fragment thereof, characterized in that the antibody preferably recognizes human IAPP and / or proIAPP aggregates comprising IAPP and / or pro-IAPP oligomers and / or fibrils rather than …",Neurimmune Holding Ag,Jan Grimm,2018-10-15,2013-09-12,2012-09-12,2018-10-15,DK2895512T3,https://patents.google.com/patent/DK2895512T3/en,https://patentimages.storage.googleapis.com/cd/34/f9/920f6bcc4f66c0/DK2895512T3.pdf,A-Baseline,General Infrastructure,ALL,manifest generation,manifest generation,None (fallback)
patent/AU2020267490A1/en,Platform for facilitating development of intelligence in an industrial internet …,"… related to outputs of mining and energy extraction facilities, and outputs of drilling and pipeline facilities. 36. The platform of claim 30, wherein the supply chain data comprises one or more of data relating to items supplied, amounts, pricing, delivery, sources, routes, and customs information.","Strong Force Iot Portfolio 2016, Llc",Charles H. CELLA,2021-12-23,2020-05-06,2019-05-06,,AU2020267490A1,https://patents.google.com/patent/AU2020267490A1/en,https://patentimages.storage.googleapis.com/f6/c2/a1/f2aef6a048eb53/AU2020267490A1.pdf,A-Baseline,General Infrastructure,ALL,manifest generation,manifest generation,None (fallback)
patent/CN112335236A/en,For providing 360 based on gaze vector informationoSystem and method for …,"In yet another aspect, embodiments related to tile selection and bandwidth annealing methods operating in an immersive video optimization system include (among other things): one or more stream manifest files are obtained that describe characteristics of the grouping of tiles per frame for each …",Telefonaktiebolaget Lm Ericsson (Publ),克里斯·菲利普斯,2021-02-05,2019-05-10,2018-06-14,,CN112335236A,https://patents.google.com/patent/CN112335236A/en,https://patentimages.storage.googleapis.com/05/46/4a/1f3bbe58656b8c/CN112335236A.pdf,A-Baseline,General Infrastructure,ALL,manifest generation,manifest generation,None (fallback)
patent/EP3966695A1/en,Platform for facilitating development of intelligence in an industrial internet …,"… related to outputs of mining and energy extraction facilities, and outputs of drilling and pipeline facilities. 36. The platform of claim 30, wherein the supply chain data comprises one or more of data relating to items supplied, amounts, pricing, delivery, sources, routes, and customs information.","Strong Force TX Portfolio 2018, LLC",Charles H. Cella,2022-03-16,2020-05-06,2019-05-06,,EP3966695A1,https://patents.google.com/patent/EP3966695A1/en,,A-Baseline,General Infrastructure,ALL,manifest generation,manifest generation,None (fallback)
patent/US20180159738A1/en,Method and Apparatus for H(e)NB Integrity Verification and Validation,shows an example of integrity reports and reference materials; FIG. 6 shows an example of comparison of validation reports with reference manifests; FIG. 7 shows an example of component information in a reference manifest; FIG. 8 shows an example of a certificate management architecture; FIG. 9,"Interdigital Patent Holdings, Inc.",Yogendra C. Shah,2018-06-07,2017-11-10,2009-03-05,,US20180159738A1,https://patents.google.com/patent/US20180159738A1/en,https://patentimages.storage.googleapis.com/33/f4/f8/c1a9bf7fbf148a/US20180159738A1.pdf,A-Baseline,General Infrastructure,ALL,manifest generation,manifest generation,None (fallback)
patent/US8738395B2/en,Methods and systems for presenting an inhalation experience,"Notwithstanding the foregoing, Applicant understands that the USPTO's computer programs have certain data entry requirements, and hence Applicant is designating the present application as a continuation-in-part of its parent applications as set forth above, but expressly points out that such …","The Invention Science Fund I, Llc",Roderick A. Hyde,2014-05-27,2009-04-21,2008-12-30,2014-05-27,US8738395B2,https://patents.google.com/patent/US8738395B2/en,https://patentimages.storage.googleapis.com/10/07/33/beb756d284c853/US8738395.pdf,A-Baseline,General Infrastructure,ALL,manifest generation,manifest generation,None (fallback)
patent/US11994512B2/en,Single-cell genomic methods to generate ex vivo cell systems that recapitulate …,"… from stem cells which uniformly harbor these mutations [ 12 ], subtler phenotypes, such as those present in inflammatory bowel disease (IBD), may not manifest if the correct cell state present in vivo is not accurately represented within an organoid. This challenge is particularly clear in IBD [ 13 ]",Massachusetts Institute Of Technology,Benjamin E. Mead,2024-05-28,2019-01-04,2018-01-04,2024-05-28,US11994512B2,https://patents.google.com/patent/US11994512B2/en,https://patentimages.storage.googleapis.com/e4/fd/6b/bdd50f967c1ccb/US11994512.pdf,A-Baseline,General Infrastructure,ALL,manifest generation,manifest generation,None (fallback)
patent/US8706518B2/en,Methods and systems for presenting an inhalation experience,"Notwithstanding the foregoing, Applicant understands that the USPTO's computer programs have certain data entry requirements, and hence Applicant is designating the present application as a continuation-in-part of its parent applications as set forth above, but expressly points out that such …","The Invention Science Fund I, Llc",Roderick A. Hyde,2014-04-22,2009-03-25,2008-12-30,2014-04-22,US8706518B2,https://patents.google.com/patent/US8706518B2/en,https://patentimages.storage.googleapis.com/ce/56/63/ecd0ae6c6d0e2e/US8706518.pdf,A-Baseline,General Infrastructure,ALL,manifest generation,manifest generation,None (fallback)
patent/JP2020018298A/en,Antibody constructs against CLDN 18.2 and CD3,"PROBLEM TO BE SOLVED: To provide an antibody construct against CLDN18.2 and CD3. The present invention relates to an antibody construct comprising a domain that binds to claudin 18.2 (CLDN18.2) and another domain that binds to CD3. Furthermore, the present invention provides a polynucleotide …",Amgen Research (Munich) Gmbh,クリストフ・ダールホフ,2020-02-06,2019-08-05,2018-08-03,,JP2020018298A,https://patents.google.com/patent/JP2020018298A/en,https://patentimages.storage.googleapis.com/c7/d5/37/3fda4e33f03876/JP2020018298A.pdf,A-Baseline,General Infrastructure,ALL,manifest generation,manifest generation,None (fallback)
patent/EP3858996A1/en,Microbial strain improvement by a htp genomic engineering platform,"The present disclosure provides a HTP microbial genomic engineering platform that is computationally driven and integrates molecular biology, automation, and advanced machine learning protocols. This integrative platform utilizes a suite of HTP molecular tool sets to create HTP genetic design …","Zymergen, Inc.",Zach Serber,2021-08-04,2016-12-07,2015-12-07,,EP3858996A1,https://patents.google.com/patent/EP3858996A1/en,https://patentimages.storage.googleapis.com/ad/02/d8/c9c577e72e1e9a/EP3858996A1.pdf,A-Baseline,General Infrastructure,ALL,manifest generation,manifest generation,None (fallback)
patent/US20180273903A1/en,Genetically modified natural killer cells,"What is claimed is: 1 . A population of natural killer cells, wherein the natural killer (NK) cells are genetically modified to lack expression of an NK inhibitory molecule or manifest a reduced expression of an NK inhibitory molecule. 2 . The population of claim 1 , wherein the NK inhibitory …","Celularity, Inc.",Xiaokui Zhang,2018-09-27,2017-12-28,2016-12-30,,US20180273903A1,https://patents.google.com/patent/US20180273903A1/en,https://patentimages.storage.googleapis.com/cc/44/fa/f1f3fced210970/US20180273903A1.pdf,A-Baseline,General Infrastructure,ALL,manifest generation,manifest generation,None (fallback)
patent/US20250007996A1/en,Distributing Messages in a Network Environment,"On the economic front the present system follows a typical shopping store customs of customer as a purchaser and service provider as a provider. However knowledge is such an entity which all human bears in one or the other sense, hence everybody should be able to share and sale it, the one who is …",Onepatont Software Ltd,Yogesh Chunilal Rathod,2025-01-02,2024-09-12,2005-07-22,,US20250007996A1,https://patents.google.com/patent/US20250007996A1/en,https://patentimages.storage.googleapis.com/a8/63/80/a41a0102853971/US20250007996A1.pdf,A-Baseline,General Infrastructure,ALL,automated classification customs,automated classification customs,None (fallback)
patent/JP2025118646A/en,A platform for accelerating the development of intelligence in industrial …,"… output, data related to mining and energy extraction facility output, and data related to drilling and pipeline facility output. In some embodiments, the supply chain data includes one or more of data regarding the items supplied, amount, price, delivery, source, route, and customs information. In …","Strong Force Iot Portfolio 2016, Llc",セラ，チャールズ，エイチ．,2025-08-13,2025-04-11,2019-05-06,,JP2025118646A,https://patents.google.com/patent/JP2025118646A/en,,A-Baseline,General Infrastructure,ALL,automated classification customs,automated classification customs,None (fallback)
patent/US20220215338A1/en,Systems and methods for facilitating e-commerce product returns using orders …,"A merchant can use an e-commerce platform to sell products to customers, and customers can use the e-commerce platform to return items that they are unsatisfied with back to the merchant. These product returns have an associated cost. Embodiments of the present disclosure relate to computer- …",Shopify Inc.,Anthony Nicholas Kentris,2022-07-07,2022-03-22,2019-11-18,,US20220215338A1,https://patents.google.com/patent/US20220215338A1/en,https://patentimages.storage.googleapis.com/22/e8/ac/c59f3fba69349c/US20220215338A1.pdf,A-Baseline,General Infrastructure,ALL,automated classification customs,automated classification customs,None (fallback)
patent/EP4436142A2/en,Platform for facilitating development of intelligence in an industrial internet …,"… manufacturing, data related to outputs of mining and energy extraction facilities, and outputs of drilling and pipeline facilities. In some aspects, the supply chain data comprises one or more of data relating to items supplied, amounts, pricing, delivery, sources, routes, and customs information. …","Strong Force IoT Portfolio 2016, LLC",Charles H. Cella,2024-09-25,2020-05-06,2019-05-06,,EP4436142A2,https://patents.google.com/patent/EP4436142A2/en,https://patentimages.storage.googleapis.com/ec/5c/51/ee25a84f4c519b/EP4436142A2.pdf,A-Baseline,General Infrastructure,ALL,automated classification customs,automated classification customs,None (fallback)
patent/US10984016B2/en,"Apparatuses, systems and methods for processing, acknowledging, transferring …","A system software and method which relates to the field of computing technology or business process models or computer systems or distributed computer systems or computer networks relating to general purpose devices that can be programmed to carry out a set of data table or hash table updates, …",Persephone GmbH,Christian Gunther,2021-04-20,2018-09-07,2016-12-02,2021-04-20,US10984016B2,https://patents.google.com/patent/US10984016B2/en,https://patentimages.storage.googleapis.com/3f/b8/0e/1510bec404880d/US10984016.pdf,A-Baseline,General Infrastructure,ALL,automated classification customs,automated classification customs,None (fallback)
patent/CN109416685B/en,Methods for actively interacting with the user,"Data points, calendar entries, trends, behavior patterns may be used to predict and pre-construct digital and printable products with a selected collection of images without active participation of the user. The collection is selected from files on the user device, cloud-based photo libraries, or …",柯达阿拉里斯股份有限公司,约瑟夫·A·马尼科,2023-09-26,2017-06-01,2016-06-02,2023-09-26,CN109416685B,https://patents.google.com/patent/CN109416685B/en,https://patentimages.storage.googleapis.com/30/7d/5b/3456b58febaf58/CN109416685B.pdf,A-Baseline,General Infrastructure,ALL,automated classification customs,automated classification customs,None (fallback)
patent/US20210097240A1/en,Method and apparatus for generating persuasive rhetoric,"An apparatus to generate persuasive rhetoric for a social media participant. The apparatus includes a processor, an input device, an output device, and a non-transitory storage medium. The non-transitory storage medium includes a proposed message read module, a lingo score module, a pulse score …",Ravneet Singh,Ravneet Singh,2021-04-01,2020-10-13,2017-08-22,,US20210097240A1,https://patents.google.com/patent/US20210097240A1/en,https://patentimages.storage.googleapis.com/ff/ed/c4/a40d86b503a1ba/US20210097240A1.pdf,A-Baseline,General Infrastructure,ALL,automated classification customs,automated classification customs,None (fallback)
patent/JP7100106B2/en,Drug delivery system and usage,"It ’s a drug delivery device, A housing with an outer surface and An opening formed on the outer surface of the housing and With a storage unit at least partially located in the housing, A delivery member having a proximal end and a distal end that are fluidly connected to or configured to connect …",Amgen Inc.,フェリー・タムトロ,2022-07-12,2020-12-08,2014-06-03,2022-07-12,JP7100106B2,https://patents.google.com/patent/JP7100106B2/en,https://patentimages.storage.googleapis.com/c4/4c/df/b1a8e9a855b055/JP7100106B2.pdf,A-Baseline,General Infrastructure,ALL,automated classification customs,automated classification customs,None (fallback)
patent/US20190332785A1/en,"Real-time tracking and analyzing to improve business, operations, and customer …","The mobile application 20 supports complex data entry and visualization, typically using graphical user interfaces (GUI). The mobile device 16 can also include various wireless techniques such as Wireless Local Area Network (WLAN) (IEEE 802.11 and variants thereof), Long Term Evolution (LTE), …","yTrre, Inc.",GiriSrinivasaRao AthuluruTlrumala,2019-10-31,2019-07-09,2013-05-23,,US20190332785A1,https://patents.google.com/patent/US20190332785A1/en,https://patentimages.storage.googleapis.com/70/ee/c4/b84407c5c3e3ed/US20190332785A1.pdf,A-Baseline,General Infrastructure,ALL,automated classification customs,automated classification customs,None (fallback)
patent/US10827308B2/en,Real time trajectory identification from communications network,"Real time status of a device's movements may be determined from a sequence of location observations. The status may be in the form of a state, which may be “stay”, “transit”, “pause”, and “unknown”. A state transition may occur from transit to stay when the device has remained within a predefined …","Data Spark, Pte Ltd",Ying Li,2020-11-03,2018-02-14,2017-02-17,2020-11-03,US10827308B2,https://patents.google.com/patent/US10827308B2/en,https://patentimages.storage.googleapis.com/2c/42/e8/d22906856d9aee/US10827308.pdf,A-Baseline,General Infrastructure,ALL,automated classification customs,automated classification customs,None (fallback)
patent/JP6867367B2/en,Decreased levels or activity of regulatory T cells throughout the body to treat …,"… power of the immune system was highlighted. Recently, administration of anti-PD-1 antibody to an animal model of Alzheimer's disease resulted in recovery of Aβ clearance and cognitive decline, and its administration was shown to be associated with the elimination of the neuroinflammatory response.",イェダ リサーチ アンド ディベロップメント カンパニー リミテッドＹｅｄａ Ｒｅｓｅａｒｃｈ Ａｎｄ Ｄｅｖｅｌｏｐｍｅｎｔ Ｃｏ．Ｌｔｄ．,アイゼンバッハ−シュワルツ、ミハエル,2021-04-28,2016-07-13,2014-03-12,2021-04-28,JP6867367B2,https://patents.google.com/patent/JP6867367B2/en,https://patentimages.storage.googleapis.com/c8/ca/ab/f9171de68e5406/JP6867367B2.pdf,A-Baseline,General Infrastructure,ALL,automated classification customs,automated classification customs,None (fallback)
patent/US20220240779A1/en,Telemedicine System With Dynamic Imaging,"A telemedicine system with dynamic imaging is disclosed herein. In some embodiments, the telemedicine system comprises a laser imaging and treatment apparatus, and associated systems and methods that allow a physician (e.g., a surgeon) to perform laser surgical procedures on an eye structure or a …",Gholam A. Peyman,Gholam A. Peyman,2022-08-04,2022-04-18,2010-10-13,,US20220240779A1,https://patents.google.com/patent/US20220240779A1/en,https://patentimages.storage.googleapis.com/cc/30/f1/a51c190607c1b6/US20220240779A1.pdf,A-Baseline,General Infrastructure,ALL,automated classification customs,automated classification customs,None (fallback)
patent/US20210042830A1/en,User media platform server system,"In some embodiments, the disclosure is directed to a digital media system that uses a decentralized communication system to transfer digital data. In some embodiments, the digital data includes digital property, currency, and instructions for executing financial transactions. In some embodiments, …",Ruon Global Ltd,Timothy E. Burke,2021-02-11,2020-08-10,2019-08-09,,US20210042830A1,https://patents.google.com/patent/US20210042830A1/en,https://patentimages.storage.googleapis.com/39/8c/9a/3e7957d05c96ac/US20210042830A1.pdf,A-Baseline,General Infrastructure,ALL,automated classification customs,automated classification customs,None (fallback)
patent/KR102768767B1/en,Distributed photobiomodulation therapy system and method,"The light system includes a channel driver, a first microcontroller, and a pad containing an LED string. The pad includes a second microcontroller that autonomously controls the LED string so that the LED is controlled even if communication between the first microcontroller and the pad is …",어플라이드 바이오포토닉스 리미티드,리차드 케이. 윌리엄즈,2025-02-14,2019-04-06,2018-04-06,2025-02-14,KR102768767B1,https://patents.google.com/patent/KR102768767B1/en,https://patentimages.storage.googleapis.com/22/b2/2e/e7bbc6073b3253/KR102768767B1.pdf,A-Baseline,General Infrastructure,ALL,automated classification customs,automated classification customs,None (fallback)
patent/US20190347639A1/en,System and method for providing secure identification solutions,"The present invention provides a method and system for verifying and tracking identification information. In an embodiment of the invention, a system for delivering security solutions is provided that includes at least one of the following: a radio frequency (RF) identification device, an …","Neology, Inc.",Francisco Martinez de Velasco Cortina,2019-11-14,2019-07-23,2002-07-09,,US20190347639A1,https://patents.google.com/patent/US20190347639A1/en,https://patentimages.storage.googleapis.com/f6/0b/54/7df7be7e87348c/US20190347639A1.pdf,A-Baseline,General Infrastructure,ALL,automated classification customs,automated classification customs,None (fallback)
patent/US20200066405A1/en,Telemedicine System With Dynamic Imaging,"A telemedicine system with dynamic imaging is disclosed herein. In some embodiments, the telemedicine system comprises a laser imaging and treatment apparatus, and associated systems and methods that allow a physician (e.g., a surgeon) to perform laser surgical procedures on an eye structure or a …",Gholam A. Peyman,Gholam A. Peyman,2020-02-27,2019-10-28,2010-10-13,,US20200066405A1,https://patents.google.com/patent/US20200066405A1/en,https://patentimages.storage.googleapis.com/cd/d9/76/72ed632e99d607/US20200066405A1.pdf,A-Baseline,General Infrastructure,ALL,automated classification customs,automated classification customs,None (fallback)
patent/US11283663B2/en,Method and device for transmitting/receiving synchronization signal in wireless …,"… it is determined that they obscure the subject matter of the present disclosure in unnecessary detail. Further, terms to be described later are terms defined in consideration of their functions in the present disclosure, but may differ depending on intentions of a user and an operator or customs.","Samsung Electronics Co., Ltd.",Younsun KIM,2022-03-22,2020-03-24,2016-05-09,2022-03-22,US11283663B2,https://patents.google.com/patent/US11283663B2/en,https://patentimages.storage.googleapis.com/36/d1/d4/cdba7debd6b77c/US11283663.pdf,A-Baseline,General Infrastructure,ALL,automated classification customs,automated classification customs,None (fallback)
patent/US10880146B2/en,Method and device for transmitting/receiving synchronization signal in wireless …,"… it is determined that they obscure the subject matter of the present disclosure in unnecessary detail. Further, terms to be described later are terms defined in consideration of their functions in the present disclosure, but may differ depending on intentions of a user and an operator or customs.","Samsung Electronics Co., Ltd.",Younsun KIM,2020-12-29,2018-11-13,2016-05-09,2020-12-29,US10880146B2,https://patents.google.com/patent/US10880146B2/en,https://patentimages.storage.googleapis.com/8e/08/56/9c236a5fc09f59/US10880146.pdf,A-Baseline,General Infrastructure,ALL,automated classification customs,automated classification customs,None (fallback)
patent/US20210210170A1/en,Control apparatus and method for processing data inputs in computing devices …,"There is provided a method for using a control apparatus to process one or more data inputs in a computing arrangement to provide one or more outputs comprising at least one of control outputs, analysis outputs, or recommendation outputs. The control apparatus is configured to execute real-time …",Precisionlife Ltd,Stephen Philip Gardner,2021-07-08,2021-01-29,2016-11-10,,US20210210170A1,https://patents.google.com/patent/US20210210170A1/en,https://patentimages.storage.googleapis.com/20/54/3e/7f6092708f129d/US20210210170A1.pdf,A-Baseline,General Infrastructure,ALL,automated classification customs,automated classification customs,None (fallback)
patent/CN108473305B/en,"System and method to detect the source of a molecule, and computer readable …","The present invention includes an apparatus and method for detecting the location of one or more sources of one or more target molecules, the apparatus comprising: a molecular detector; and a processor connected to the molecular detector and to a global positioning system, wherein the processor …",University Of North Texas,古伊德·富兰朵林·弗尔贝克四世,2020-01-03,2016-10-12,2015-10-19,2020-01-03,CN108473305B,https://patents.google.com/patent/CN108473305B/en,https://patentimages.storage.googleapis.com/b0/1e/68/98de5b294fbd41/CN108473305B.pdf,A-Baseline,General Infrastructure,ALL,automated classification customs,automated classification customs,None (fallback)
patent/US10948887B2/en,Control apparatus and method for processing data inputs in computing devices …,A control apparatus that process data inputs in a computing arrangement to provide outputs includes a user interface and a data processing arrangement. The computing arrangement executes a software product to implement a method including generating a multi-dimensional system model operable to …,Precisionlife Ltd,Stephen Philip Gardner,2021-03-16,2017-11-10,2016-11-10,2021-03-16,US10948887B2,https://patents.google.com/patent/US10948887B2/en,https://patentimages.storage.googleapis.com/66/29/a6/41175ad6beca98/US10948887.pdf,A-Baseline,General Infrastructure,ALL,automated classification customs,automated classification customs,None (fallback)
patent/EP3531370B1/en,Method for correcting image by device and device therefor,"… description are selected, as much as possible, from general terms that are widely used at present while taking into consideration the functions obtained in accordance with the embodiments, these terms may be replaced by other terms based on intentions of one of ordinary skill in the art, customs, …","Samsung Electronics Co., Ltd.",Sung-Hoon Kim,2021-05-05,2017-11-08,2016-11-08,2021-05-05,EP3531370B1,https://patents.google.com/patent/EP3531370B1/en,https://patentimages.storage.googleapis.com/ad/30/83/b8089023c54974/EP3531370B1.pdf,A-Baseline,General Infrastructure,ALL,automated classification customs,automated classification customs,None (fallback)
patent/US11528861B2/en,Extracts of cbd and thc,"The invention provides compositions and methods for the breeding, production, processing and use of specialty Cannabis.","Biotech Institute, Llc",Mark Anthony LEWIS,2022-12-20,2017-10-27,2013-03-15,2022-12-20,US11528861B2,https://patents.google.com/patent/US11528861B2/en,https://patentimages.storage.googleapis.com/4c/9d/18/b3688dfbf14f2b/US11528861.pdf,A-Baseline,General Infrastructure,ALL,automated classification customs,automated classification customs,None (fallback)
patent/US11392875B2/en,Risk identification engine and supply chain graph generator,a news archive; a news feed; structured data sets; unstructured data sets; social media content; regulatory filings Bills of lading; Customs forms/data; Procurement data bases; and Enterprise Resource Planning (ERP) systems. 15. A method for identifying supply chain risks and generating supply …,Refinitiv Us Organization Llc,Lucas Carstens,2022-07-19,2017-12-06,2016-12-06,2022-07-19,US11392875B2,https://patents.google.com/patent/US11392875B2/en,https://patentimages.storage.googleapis.com/62/38/6b/957a814981dee8/US11392875.pdf,A-Baseline,General Infrastructure,ALL,automated classification customs,automated classification customs,None (fallback)
patent/US11085882B1/en,Multiphase laser ablation analysis instrument,"CROSS-REFERENCES TO RELATED APPLICATIONS This present application is a continuation-in-part of application U.S. patent application Ser. No. 16/293,512, which is a continuation of U.S. patent application Ser. No. 15/488,422 which is a continuation-in-part of application U.S. patent application Ser.","Applied Spectra, Inc.",Alexander A. Bol'shakov,2021-08-10,2020-10-16,2008-05-05,2021-08-10,US11085882B1,https://patents.google.com/patent/US11085882B1/en,https://patentimages.storage.googleapis.com/37/a2/ca/8d6aab7a2ce0d6/US11085882.pdf,A-Baseline,General Infrastructure,ALL,automated classification customs,automated classification customs,None (fallback)
patent/US11222413B2/en,Method for correcting image by device and device therefor,"… description are selected, as much as possible, from general terms that are widely used at present while taking into consideration the functions obtained in accordance with the embodiments, these terms may be replaced by other terms based on intentions of one of ordinary skill in the art, customs, …","Samsung Electronics Co., Ltd.",Sung-Hoon Kim,2022-01-11,2017-11-08,2016-11-08,2022-01-11,US11222413B2,https://patents.google.com/patent/US11222413B2/en,https://patentimages.storage.googleapis.com/6f/eb/bd/5857e234f66b57/US11222413.pdf,A-Baseline,General Infrastructure,ALL,automated classification customs,automated classification customs,None (fallback)
patent/US12035433B2/en,Distributed photobiomodulation therapy system and method,"A phototherapy system includes a channel driver, a first microcontroller and a pad comprising a string of light-emitting diodes (LEDs). The pad also comprises a second microcontroller that autonomously controls the string of LEDs such that the LEDs are controlled even if communication between the …",Applied Biophotonics Ltd,Richard K. Williams,2024-07-09,2022-02-26,2012-11-08,2024-07-09,US12035433B2,https://patents.google.com/patent/US12035433B2/en,https://patentimages.storage.googleapis.com/21/06/a8/563e0a27aaf1b2/US12035433.pdf,A-Baseline,General Infrastructure,ALL,automated classification customs,automated classification customs,None (fallback)
patent/US20250113152A1/en,Switching Binaural Sound,"A method provides binaural sound to a person through electronic earphones. The binaural sound localizes to a sound localization point (SLP) in empty space that is away from but proximate to the person. When an event occurs, the binaural sound switches or changes to stereo sound, to mono sound, or …",Philip Scott Lyren,Philip Scott Lyren,2025-04-03,2024-12-13,2015-12-27,,US20250113152A1,https://patents.google.com/patent/US20250113152A1/en,https://patentimages.storage.googleapis.com/cf/78/69/0463c7d247034f/US20250113152A1.pdf,A-Baseline,General Infrastructure,ALL,automated classification customs,automated classification customs,None (fallback)
patent/US20240112172A1/en,"Digital transaction apparatus, system, and method with a virtual companion card","Apparatus on a Digital Transaction Card (DTC) (222) operable in accordance with a standard command protocol, the apparatus including hardware operable with at least one application for executing one or more instructions from the standard command protocol; and software operable to store one or more …",Xard Group Pty Ltd.,Robert Wilson,2024-04-04,2023-12-06,2016-12-19,,US20240112172A1,https://patents.google.com/patent/US20240112172A1/en,https://patentimages.storage.googleapis.com/0d/96/83/b209069941662b/US20240112172A1.pdf,A-Baseline,General Infrastructure,ALL,automated classification customs,automated classification customs,None (fallback)
patent/US20220215481A1/en,Methods and systems relating to auto-generated private communities,"No. 15/301,100 filed Sep. 30, 2016 which has issued as U.S. Pat. No. 10,607,301; which itself claims the benefit of priority of 371 National Phase entry application of Patent Cooperation Treaty Application PCT/CA2015/000222 filed Mar. 31, 2015; which itself claims the benefit of U.S. Provisional …",Mobilithink Solutions Inc.,Najmus Saqib Dareshani,2022-07-07,2022-01-06,2014-03-31,,US20220215481A1,https://patents.google.com/patent/US20220215481A1/en,https://patentimages.storage.googleapis.com/6a/e6/57/0899f391628bfd/US20220215481A1.pdf,A-Baseline,General Infrastructure,ALL,automated classification customs,automated classification customs,None (fallback)
patent/US20190171995A1/en,System apparatus and method for conducting an online transaction to fulfill a …,A method and system for conducting an online transaction to fulfill a rail-shipment service inquiry or a rail-shipment service ordering is provided. A customer system is directed to implement a Graphical User Interface (GUI) providing an input object configured to accept a customer input …,Canadian National Railway Company,Leonard John Podgurny,2019-06-06,2019-02-07,2002-02-01,,US20190171995A1,https://patents.google.com/patent/US20190171995A1/en,https://patentimages.storage.googleapis.com/d7/ea/e9/70fa4f4726bacb/US20190171995A1.pdf,A-Baseline,General Infrastructure,ALL,automated classification customs,automated classification customs,None (fallback)
patent/US10832075B2/en,"Object ingestion through canonical shapes, systems and methods","An object recognition ingestion system is presented. The object ingestion system captures image data of objects, possibly in an uncontrolled setting. The image data is analyzed to determine if one or more a priori know canonical shape objects match the object represented in the image data. The …","Nant Holdings Ip, Llc",Kamil Wnuk,2020-11-10,2018-09-06,2014-02-14,2020-11-10,US10832075B2,https://patents.google.com/patent/US10832075B2/en,https://patentimages.storage.googleapis.com/6b/da/15/5895f392b26353/US10832075.pdf,A-Baseline,General Infrastructure,ALL,automated classification customs,automated classification customs,None (fallback)
patent/CN110300980B/en,Exploration and visualization of laboratory data,"The present disclosure provides systems and methods for conducting and managing integrated laboratory experiments. The system includes various laboratory instruments that perform a connection of a large number of different types of experiments, and a user interface for designing the experiments …",爱墨瑞得云实验有限公司,A·M·吉川,2023-11-03,2016-06-30,2015-06-30,2023-11-03,CN110300980B,https://patents.google.com/patent/CN110300980B/en,https://patentimages.storage.googleapis.com/af/ef/e2/506673c05d6232/CN110300980B.pdf,A-Baseline,General Infrastructure,ALL,automated classification customs,automated classification customs,None (fallback)
patent/CN106960446B/en,Unmanned ship application-oriented water surface target detection and tracking …,"The unmanned ship has an important function in many practical application scenes as a surface unmanned ship. For example, water quality monitoring in the civilian field, customs enforcement in the police field, offshore patrols in the military field, and so on. Therefore, the demand of unmanned …",Industrial Technology Research Institute Of Huazhong University,肖阳,2020-04-24,2017-04-01,2017-04-01,2020-04-24,CN106960446B,https://patents.google.com/patent/CN106960446B/en,https://patentimages.storage.googleapis.com/df/02/63/5a66a56161ac6a/CN106960446B.pdf,A-Baseline,General Infrastructure,ALL,automated classification customs,automated classification customs,None (fallback)
patent/US10499452B2/en,Method for direct communication between terminals in wireless communication …,"Mode for Invention Although the terms used in the present invention are selected from generally known and used terms, terms used herein may be varied depending on operator's intention or customs in the art, appearance of new technology, or the like. In addition, some of the terms mentioned in the …",Lg Electronics Inc.,Taehun Kim,2019-12-03,2016-10-26,2015-10-26,2019-12-03,US10499452B2,https://patents.google.com/patent/US10499452B2/en,https://patentimages.storage.googleapis.com/38/6c/7a/ad07e5d2730a25/US10499452.pdf,A-Baseline,General Infrastructure,ALL,automated classification customs,automated classification customs,None (fallback)
patent/AU2009253838B2/en,An item recommendation system,"An item recommendation process, executed by a computer system, including: receiving item data representing item features of at least one item; receiving personal data representing personal features, and associated with a personal style profile, of at least one person from a user; accessing and …",Andrew Robert Dalgleish,Andrew Robert Dalgleish,2015-05-28,2009-06-02,2008-06-02,2015-05-28,AU2009253838B2,https://patents.google.com/patent/AU2009253838B2/en,https://patentimages.storage.googleapis.com/e6/b6/3e/3e5573a9bdec52/AU2009253838B2.pdf,A-Baseline,General Infrastructure,ALL,automated classification customs,automated classification customs,None (fallback)
patent/ES2966588T3/en,Apparatus and procedure to decentralize the processing of an object,"… associated destination address information to a remote server, to allow the remote server to initiate a new registration in a corresponding centralized database to said piece of mail or package, thereby avoiding transportation of the piece of mail or package to a centralized facility for data entry …",Matthews Int Corp,David Justin Ross,2024-04-23,2012-10-04,2011-10-04,2024-04-23,ES2966588T3,https://patents.google.com/patent/ES2966588T3/en,https://patentimages.storage.googleapis.com/e4/3a/c1/e6883c71892923/ES2966588T3.pdf,A-Baseline,General Infrastructure,ALL,automated classification customs,automated classification customs,None (fallback)
patent/KR20210134317A/en,autonomous vehicle system,"Sensor data is received from a plurality of sensors, the plurality of sensors including a first sensor set and a second sensor set, at least some of the plurality of sensors coupled to the vehicle. Control of the vehicle is automated based on at least a portion of the sensor data generated by the …",Intel Corporation,하스나 모우스타파,2021-11-09,2020-03-27,2019-03-29,,KR20210134317A,https://patents.google.com/patent/KR20210134317A/en,https://patentimages.storage.googleapis.com/48/45/ca/b899450568117b/KR20210134317A.pdf,A-Baseline,General Infrastructure,ALL,automated classification customs,automated classification customs,None (fallback)
patent/US7844511B2/en,"Enhanced trade compliance system: audit processing, payment balancing and …","2. Description of Related Art When a U.S. company imports goods from foreign sources, it may be subject to numerous U.S. Customs regulations. One such set of requirements is based upon a complex classification system promulgated by U.S. Customs, known as the Harmonized Tariff Schedule (“HTS”) code.","Honda Motor Co., Ltd.",Frederic Holmes,2010-11-30,2007-12-12,2002-12-27,2010-11-30,US7844511B2,https://patents.google.com/patent/US7844511B2/en,https://patentimages.storage.googleapis.com/43/3f/40/8db010981a2cb8/US7844511.pdf,A-Baseline,General Infrastructure,ALL,automated classification customs,automated classification customs,None (fallback)
patent/US20180107370A1/en,Wearable User Interface Device,This invention provides a signal processing and signal synthesis technique from a family of signal processing and signal synthesis techniques designed to readily interwork or be used individually in creating new forms of rich musical timbres. A real-time controllable mix of a plurality of multiple …,Lester F. Ludwig,Lester F. Ludwig,2018-04-19,2017-06-27,1998-05-15,,US20180107370A1,https://patents.google.com/patent/US20180107370A1/en,https://patentimages.storage.googleapis.com/ac/08/3a/9adcd1f982ce7e/US20180107370A1.pdf,A-Baseline,General Infrastructure,ALL,automated classification customs,automated classification customs,None (fallback)
patent/EP4059282A1/en,Technologies for implementing the radio equipment directive,"Disclosed embodiments are related to various Radio Equipment implementations based on the European Union Radio Equipment Directive. Embodiments include implementations for safety and health, electromagnetic compatibility, and the efficient use of the radio spectrum, and cyber security including, …",Intel Corporation,Markus Dominik Mueck,2022-09-21,2020-11-13,2019-11-14,,EP4059282A1,https://patents.google.com/patent/EP4059282A1/en,,A-Baseline,General Infrastructure,ALL,automated classification customs,automated classification customs,None (fallback)
patent/CN113710151A/en,Method and apparatus for detecting breathing disorders,"Methods and apparatus provide monitoring of sleep-disordered breathing status in a person, eg, for screening. One or more sensors may be configured for contactless active and/or passive sensing. One or more processors (7304, 7006) can extract one or more respiratory effort signals from one or more …",瑞思迈传感器技术有限公司,罗克萨娜·蒂隆,2021-11-26,2019-11-19,2018-11-19,,CN113710151A,https://patents.google.com/patent/CN113710151A/en,https://patentimages.storage.googleapis.com/f1/02/7a/14c8f7e300472b/CN113710151A.pdf,A-Baseline,General Infrastructure,ALL,automated classification customs,automated classification customs,None (fallback)
patent/US20110282476A1/en,Systems and methods of on demand manufacturing of customized products,"… of the steps involved in a part receiving process, such as performed within the image application facility of FIG. 11 . FIG. 13 is a flowchart illustrating one embodiment of the steps involved in an order entry process, such as performed within the image application facility of FIG. 11 . FIG. 14 is a …","Skinit, Inc.",Darrin G. HEGEMIER,2011-11-17,2011-05-09,2010-05-07,,US20110282476A1,https://patents.google.com/patent/US20110282476A1/en,https://patentimages.storage.googleapis.com/45/5e/8d/17c300b912361b/US20110282476A1.pdf,A-Baseline,General Infrastructure,ALL,automated classification customs,automated classification customs,None (fallback)
patent/US20100300163A1/en,A Combination Lock Having Wheels with A Plurality Of Cams,"FIG. 25 depicts a front view of a conventional combination wheel with the dimensions of the wheel diameter, gate width and fence width dimensioned; FIG. 26 depicts the dimension of the angular clearance between the gate and the fence in degrees of FIG. 25 ; FIG. 27 depicts an isometric view of one …",Stanton Concepts Inc.,John Loughlin,2010-12-02,2009-05-29,2009-05-29,,US20100300163A1,https://patents.google.com/patent/US20100300163A1/en,https://patentimages.storage.googleapis.com/de/03/f2/803a3a8aa74d20/US20100300163A1.pdf,A-Baseline,General Infrastructure,ALL,automated classification customs,automated classification customs,None (fallback)
patent/US20100095357A1/en,Identity theft protection and notification system,"FIG. 4 . Preferably, an encrypted output 36 is stored with an indicator 42 and associated contact information 38 . This group of information will hereinafter be referred to as an entry 44 . The contact information stored in the database 40 can be used by the alert system 14 for notifying subscribers",Willis John A,John A. Willis,2010-04-15,2009-06-01,2006-12-01,,US20100095357A1,https://patents.google.com/patent/US20100095357A1/en,https://patentimages.storage.googleapis.com/38/91/35/3383ca6bfd9a33/US20100095357A1.pdf,A-Baseline,General Infrastructure,ALL,automated classification customs,automated classification customs,None (fallback)
patent/US12369778B2/en,Method and apparatus for fiber optic photothermal imaging and spectroscopy,"Improvements in spectroscopy are disclosed herein that rely on the interaction of both an infrared beam and a probe beam with a sample. These beams are used in a pump-probe arrangement, with a fiber optic probe collecting the beams of infrared and probe radiation from the infrared source and …",Photothermal Spectroscopy Corp.,Craig Prater,2025-07-29,2021-06-25,2020-06-26,2025-07-29,US12369778B2,https://patents.google.com/patent/US12369778B2/en,,A-Baseline,General Infrastructure,ALL,automated classification customs,automated classification customs,None (fallback)
patent/CN110442715B/en,Comprehensive urban geography semantic mining method based on multivariate big …,"… region. Each geographic location has its unique semantic information, for example, ""middle customs"" as a geographic location, which includes the functions of ""business"", ""office"", ""food"" and the like, and has the characteristics of more convenient traffic, larger population density and the like.",Peking University,孙艳春,2022-01-28,2019-07-31,2019-07-31,2022-01-28,CN110442715B,https://patents.google.com/patent/CN110442715B/en,https://patentimages.storage.googleapis.com/91/a6/02/5d77bafbb981a9/CN110442715B.pdf,A-Baseline,General Infrastructure,ALL,automated classification customs,automated classification customs,None (fallback)
patent/JP2022088366A/en,Detection kit or device for early pancreatic cancer or pancreatic cancer …,PROBLEM TO BE SOLVED: To provide a method for detecting early pancreatic cancer or pancreatic cancer precursor lesion. SOLUTION: A kit or a device for detecting early pancreatic cancer or pancreatic cancer precursor lesion includes nucleic acid specifically bindable to miRNA in a specimen of a …,Toray Industries Inc.,淳平 河内,2022-06-14,2022-02-28,2016-03-31,,JP2022088366A,https://patents.google.com/patent/JP2022088366A/en,https://patentimages.storage.googleapis.com/7e/1f/c2/1d8dfade38aa64/JP2022088366A.pdf,A-Baseline,General Infrastructure,ALL,automated classification customs,automated classification customs,None (fallback)
patent/US12024712B2/en,Autoflowering markers,"Provided herein is the identification and markers and genes associated with day-neutral autoflowering in plants and their use in selecting plants, including Cannabis plants, having autoflowering activity. The markers are useful for breeding autoflowering plants by obtaining nucleic acids, …","Phylos Bioscience, Inc.",Erica Bakker,2024-07-02,2022-02-05,2020-03-10,2024-07-02,US12024712B2,https://patents.google.com/patent/US12024712B2/en,https://patentimages.storage.googleapis.com/f9/92/56/4e630f5eeb0de2/US12024712.pdf,A-Baseline,General Infrastructure,ALL,automated classification customs,automated classification customs,None (fallback)
patent/US10362559B2/en,Method for supporting device-to-device direct communication in wireless …,"BEST MODE FOR INVENTION Although the terms used in the present invention are selected from generally known and used terms, terms used herein may be varied depending on operator's intention or customs in the art, appearance of new technology, or the like. In addition, some of the terms mentioned in …",Lg Electronics Inc.,Taehun Kim,2019-07-23,2016-09-07,2015-09-07,2019-07-23,US10362559B2,https://patents.google.com/patent/US10362559B2/en,https://patentimages.storage.googleapis.com/69/9b/3c/7f8ced732d62ea/US10362559.pdf,A-Baseline,General Infrastructure,ALL,automated classification customs,automated classification customs,None (fallback)
patent/TWI657078B/en,Substituted naphthyridine and quinoline compounds as mao inhibitors,"The present invention provides a chemical entity of formula (I), wherein R 1 , R 2 , R 3 , Y, and n have any of the values described herein and a composition comprising such chemical entities; a method of making the same; and a wide range The uses in the method include metabolic and response …",達特神經科學（開曼）有限責任公司,吉麗安 貝欣兒,2019-04-21,2014-03-14,2013-03-14,2019-04-21,TWI657078B,https://patents.google.com/patent/TWI657078B/en,https://patentimages.storage.googleapis.com/aa/55/0d/fda0bae04653bb/TWI657078B.pdf,A-Baseline,General Infrastructure,ALL,automated classification customs,automated classification customs,None (fallback)
patent/US11418915B2/en,Trajectory analysis with mode of transportation analysis,"Machine learning techniques may be applied to determining a mode of transportation for a trajectory of a sequence of user locations. The mode of transportation, such as walking, bicycling, riding in a car or bus, riding in a train, or other mode, may be determined by creating a training set of …","DataSpark, PTE. LTD.",Ying Li,2022-08-16,2017-09-27,2017-02-17,2022-08-16,US11418915B2,https://patents.google.com/patent/US11418915B2/en,https://patentimages.storage.googleapis.com/6f/d7/ae/701196fb4b4fa7/US11418915.pdf,A-Baseline,General Infrastructure,ALL,automated classification customs,automated classification customs,None (fallback)
patent/US20210065259A1/en,"Method, system and computer program product for selecting and tracking a …","Embodiments disclosed herein relate to communication of a task-related request from a requester to service providers. The task-related request may specify a set of parameters, including a task completion location and a representation of the task related request. The service providers may be …",Jimmy Luong,Jimmy Luong,2021-03-04,2019-09-04,2019-09-04,,US20210065259A1,https://patents.google.com/patent/US20210065259A1/en,https://patentimages.storage.googleapis.com/4b/1b/48/2d6c74632a3343/US20210065259A1.pdf,A-Baseline,General Infrastructure,ALL,automated classification customs,automated classification customs,None (fallback)
patent/JP2020508124A/en,Surgical stapler with an elastically deformable tip,"The surgical instrument includes a body, a shaft, and an end effector operable to compress, staple, and cut tissue. The end effector includes an anvil and a cartridge. The anvil has a curved tip. The curved tip is elastically deformable from the biased curved position when the tip receives a force …",Ethicon Llc,ハリス・ジェイソン・エル,2020-03-19,2018-02-12,2017-02-17,,JP2020508124A,https://patents.google.com/patent/JP2020508124A/en,https://patentimages.storage.googleapis.com/13/97/e6/44bc43cc50d82f/JP2020508124A.pdf,A-Baseline,General Infrastructure,ALL,automated classification customs,automated classification customs,None (fallback)
patent/UA126070C2/en,"SYSTEMS, METHODS AND DEVICES FOR SOIL AND SEED CONTROL",0096) Fig. 69 is a block diagram illustrating a computer system on which an embodiment of the invention may be implemented. I0097| Fig. 70 shows a typical version of the timeline view for data entry. 00981) Fig. 71 shows a typical version of a spreadsheet for data entry. DETAILED DESCRIPTION 0099) …,Зе Клаймет Корпорейшн,Дейл Кох,2022-08-10,2017-12-15,2016-12-19,,UA126070C2,https://patents.google.com/patent/UA126070C2/en,https://patentimages.storage.googleapis.com/bb/9a/3e/f3ae367a997e26/UA126070C2.pdf,A-Baseline,General Infrastructure,ALL,automated classification customs,automated classification customs,None (fallback)
patent/KR102294555B1/en,"Automatic manufacturing apparatus for reports, and control method thereof","In the above implication indicator analysis category, new entry status analysis considering the proportion of sales and number of start-up companies in the target industrial market, growth opportunity analysis considering market concentration, market growth rate, and participation rate of SMEs, and …",Korea Institute Of Science And Technology Information,유형선,2021-08-27,2019-09-18,2019-09-18,2021-08-27,KR102294555B1,https://patents.google.com/patent/KR102294555B1/en,https://patentimages.storage.googleapis.com/af/dc/ee/33665e0ee3e383/KR102294555B1.pdf,A-Baseline,General Infrastructure,ALL,automated classification customs,automated classification customs,None (fallback)
patent/US20090280862A1/en,Tool Operated Combination Lock,"FIG. 25 depicts a front view of a conventional combination wheel with the dimensions of the wheel diameter, gate width and fence width dimensioned; FIG. 26 depicts the dimension of the angular clearance between the gate and the fence in degrees of FIG. 25 ; FIG. 27 depicts an isometric view of one …",Stanton Concepts Inc.,Robert Loughlin,2009-11-12,2009-05-29,2004-07-22,,US20090280862A1,https://patents.google.com/patent/US20090280862A1/en,https://patentimages.storage.googleapis.com/32/64/39/447e047db385ab/US20090280862A1.pdf,A-Baseline,General Infrastructure,ALL,automated classification customs,automated classification customs,None (fallback)
patent/CN112215533A/en,System and method for facilitating e-commerce product returns using orders for …,"The merchant may sell products to the customer using the e-commerce platform, and the customer may return items to the merchant that they are dissatisfied with using the e-commerce platform. These product returns have associated costs. Embodiments of the present disclosure relate to computer- …",秀铺菲公司,A.N.肯特里斯,2021-01-12,2020-06-24,2019-06-24,,CN112215533A,https://patents.google.com/patent/CN112215533A/en,https://patentimages.storage.googleapis.com/4b/d4/c6/a78e16934b16bb/CN112215533A.pdf,A-Baseline,General Infrastructure,ALL,automated classification customs,automated classification customs,None (fallback)
patent/UA126802C2/en,COMPOSITION CONTAINING AN ANTIGEN-BINDING DOMAIN THAT BINDS HUMAN TIGIT,"Fig. 58 KENE SO Zhenozhva: MK oatnya KT vky y Ak KANIZH VETSSKIDO VISIBLE ZO MOBKK ZHKOMNNV myushchichi mini ha My scheya moh detski ZAKK, shcha o EK Shtsemev, OVEN 7 Cook: b Bevy: customs Yakyma stu zezhoki HOM M KAKAYA BETWEEN him Drink Kh INAMN VE ZE shchi vakIvnei peZkuyua' TVA ne name WEB ME …",Компьюджен Лтд.,Марк УАЙТ,2023-02-08,2017-08-17,2016-08-17,,UA126802C2,https://patents.google.com/patent/UA126802C2/en,https://patentimages.storage.googleapis.com/4f/14/53/a481b166dc9227/UA126802C2.pdf,A-Baseline,General Infrastructure,ALL,automated classification customs,automated classification customs,None (fallback)
patent/US20200402001A1/en,Systems and methods for facilitating e-commerce product returns using an online …,"A merchant can use an e-commerce platform to sell products to customers, and customers can use the e-commerce platform to return items that they are unsatisfied with back to the merchant. These product returns have an associated cost. Embodiments of the present disclosure relate to computer- …",Shopify Inc.,Anthony Nicholas Kentris,2020-12-24,2019-06-24,2019-06-24,,US20200402001A1,https://patents.google.com/patent/US20200402001A1/en,https://patentimages.storage.googleapis.com/29/72/a6/3b3d3b4cfcc69a/US20200402001A1.pdf,A-Baseline,General Infrastructure,ALL,automated classification customs,automated classification customs,None (fallback)
patent/US11783284B2/en,Systems and methods for facilitating e-commerce product returns using an online …,"A merchant can use an e-commerce platform to sell products to customers, and customers can use the e-commerce platform to return items that they are unsatisfied with back to the merchant. These product returns have an associated cost. Embodiments of the present disclosure relate to computer- …",Shopify Inc.,Anthony Nicholas Kentris,2023-10-10,2019-06-24,2019-06-24,2023-10-10,US11783284B2,https://patents.google.com/patent/US11783284B2/en,https://patentimages.storage.googleapis.com/e9/ab/06/6ef666099f352a/US11783284.pdf,A-Baseline,General Infrastructure,ALL,automated classification customs,automated classification customs,None (fallback)
patent/AU2015283738A1/en,Systems and methods for flexible sourcing systems,"Systems, apparatuses, and methods for managing advanced projects such as optimization-based e-sourcing and resource allocation. A number of components and methods allow a user to specify complex content in a tender or project. Advantageously, manual work outside the system and the need for …",Trade Extensions Tradeext Ab,Arne Andersson,2016-06-09,2015-06-12,2014-06-13,,AU2015283738A1,https://patents.google.com/patent/AU2015283738A1/en,https://patentimages.storage.googleapis.com/4e/6b/12/f0c10a1381569a/AU2015283738A1.pdf,A-Baseline,General Infrastructure,ALL,automated classification customs,automated classification customs,None (fallback)
patent/CN107274326A/en,Detection and supervision message management system framework and the method …,"Wherein include least unit entry and least unit used in material Under quantity register information data item, the least unit of material is "" gram "" (g) for solid, is "" milli for liquid Rise "" (ml), milligram (mg), milliliter (ml) can also be extended to, this for some expensive materials for …",Gao Hua,李振国,2017-10-20,2017-07-23,2017-07-23,,CN107274326A,https://patents.google.com/patent/CN107274326A/en,https://patentimages.storage.googleapis.com/5a/eb/37/af33c87c1ee343/CN107274326A.pdf,A-Baseline,General Infrastructure,ALL,automated classification customs,automated classification customs,None (fallback)
patent/DE102022101411A1/en,OBJECT SIMULATION USING REAL ENVIRONMENTS,"Although the system described herein is applied to objects located in physical locations, the system is also applicable to other areas (e.g. face recognition in airport customs control, sorting of items in recycling plants, parts recognition in manufacturing plants and generally in areas that using …",Nvidia Corporation,Zeyu ZHAO,2022-07-28,2022-01-21,2021-01-22,,DE102022101411A1,https://patents.google.com/patent/DE102022101411A1/en,https://patentimages.storage.googleapis.com/f6/8c/1b/7178cb1c3db0e4/DE102022101411A1.pdf,A-Baseline,General Infrastructure,ALL,automated classification customs,automated classification customs,None (fallback)
patent/US20180365784A1/en,Methods and systems for detection of faked identity using unexpected questions …,"Thus, current memory-detection techniques cannot be used in many contexts as they require prior knowledge of the respondent's true identity. For example, they are not suitable for use as a general screening tool at a point of entry. A system or method that was able to identify participants with …","Converus, Inc.",Giuseppe Sartori,2018-12-20,2018-05-21,2017-05-19,,US20180365784A1,https://patents.google.com/patent/US20180365784A1/en,https://patentimages.storage.googleapis.com/88/08/07/d99848f5771c03/US20180365784A1.pdf,A-Baseline,General Infrastructure,ALL,automated classification customs,automated classification customs,None (fallback)
patent/CN104918252A/en,Method for WTRU execution integrity verification and WTRU,"The invention discloses a method for WTRU execution integrity verification and WTRU. The method includes executing following steps on a wireless emission/reception unit: measuring the integrity of at least one assembly of the WTRU, obtaining reliable reference TRV of the at least one assembly from …",Interdigital Patent Holdings Inc.,S·B·帕塔尔,2015-09-16,2010-03-05,2009-03-05,,CN104918252A,https://patents.google.com/patent/CN104918252A/en,https://patentimages.storage.googleapis.com/bd/3b/0f/325c3dc05a0778/CN104918252A.pdf,A-Baseline,General Infrastructure,ALL,automated classification customs,automated classification customs,None (fallback)
patent/US20180232464A1/en,Automatic transformation of a multitude of disparate types of input data into a …,". Although various examples of input data 110 have been discussed herein, the disclosed aspects are not limited to these examples and other types of input data can be received for entry into the reference database. Based on a request from a requesting entity, content of the reference database can be …",Mastery Transcript Consortium,Donald Scott Looney,2018-08-16,2018-02-14,2017-02-15,,US20180232464A1,https://patents.google.com/patent/US20180232464A1/en,https://patentimages.storage.googleapis.com/3c/22/31/0441286707570f/US20180232464A1.pdf,A-Baseline,General Infrastructure,ALL,automated classification customs,automated classification customs,None (fallback)
patent/CN114783577A/en,"Data analytics system, method and program product for healthcare","A block chain based program is provided that includes everything to transform and flow participants' personal medical records, histories, and documents in a single portal such that: appointing with medical practitioners; a flow medical diagnosis process; providing a counterbalance to counteract …",Enzo Zelocchi,恩佐·泽洛奇,2022-07-22,2022-04-01,2021-10-27,,CN114783577A,https://patents.google.com/patent/CN114783577A/en,https://patentimages.storage.googleapis.com/1c/dd/ce/440f597e882e06/CN114783577A.pdf,A-Baseline,General Infrastructure,ALL,automated classification customs,automated classification customs,None (fallback)
patent/KR102103553B1/en,Server and system for provding history log and registeration service using …,"Includes customs, immigration and quarantine for ships, ship owners and users identified by at least one or at least one combination of QR code, unique identification code and biometric information from the marina control server interworking with the history and registration service providing …",주식회사 요트북,김건태,2020-06-01,2019-08-07,2019-08-07,2020-06-01,KR102103553B1,https://patents.google.com/patent/KR102103553B1/en,https://patentimages.storage.googleapis.com/4e/66/2b/c0c02dbe9032e8/KR102103553B1.pdf,A-Baseline,General Infrastructure,ALL,automated classification customs,automated classification customs,None (fallback)
patent/CZ202386A3/en,A way to reduce atmospheric CO2 by additional carbon storage in existing trees …,"The method of reducing CO2 in the atmosphere by additional carbon storage in existing trees through appropriate tree selection and optimization of supporting measures includes the definition of the site where the measures are to be implemented, further includes the selection of S-group trees, …",Martin Tušer,Martin Tušer,2023-08-23,2023-03-03,2023-03-03,,CZ202386A3,https://patents.google.com/patent/CZ202386A3/en,https://patentimages.storage.googleapis.com/04/53/df/3ccc689dcdafb8/CZ202386A3.pdf,A-Baseline,General Infrastructure,ALL,automated classification customs,automated classification customs,None (fallback)
patent/KR20200086665A/en,Composition and method,"The present disclosure relates to kidney organoids and methods of making the same. The organoids and methods can be used in a variety of applications such as disease modeling, drug screening, regenerative medicine, and 5-scale production of kidney cells.",머독 칠드런스 리서치 인스티튜트,멜리사 리틀,2020-07-17,2018-10-31,2017-10-31,,KR20200086665A,https://patents.google.com/patent/KR20200086665A/en,https://patentimages.storage.googleapis.com/4c/15/4c/a53a68fcd67365/KR20200086665A.pdf,A-Baseline,General Infrastructure,ALL,automated classification customs,automated classification customs,None (fallback)
patent/BR112021013997A2/en,SPORE-BASED PROBIOTIC COMPOSITION FOR MODULATION OF DERMAL AND SUBDERMAL …,Spore-based probiotic composition for modulation of dermal and subdermal properties. The present invention relates to methods for modulating dermal and subdermal properties of a subject. The present invention relates to methods comprising administering to a subject a spore-based probiotic …,Novozymes A/S,Kiran Krishnan,2021-09-21,2020-01-15,2019-01-15,,BR112021013997A2,https://patents.google.com/patent/BR112021013997A2/en,https://patentimages.storage.googleapis.com/b0/b3/24/0f6e35d9564229/BR112021013997A2.pdf,A-Baseline,General Infrastructure,ALL,automated classification customs,automated classification customs,None (fallback)
patent/US10936687B1/en,Codex search patterns virtual maestro,"A Codex system including a plurality of computers linked into a neural network. The Codex continuously scans and gathers information from, understands, and interacts with, an environment, the environment being an Internet comprising a multitude of websites. Processors of the computers operates in …",Richard Paiz,Richard Paiz,2021-03-02,2018-09-12,2010-04-21,2021-03-02,US10936687B1,https://patents.google.com/patent/US10936687B1/en,https://patentimages.storage.googleapis.com/f4/7d/23/6719d3c6c14350/US10936687.pdf,A-Baseline,General Infrastructure,ALL,automated classification customs,automated classification customs,None (fallback)
patent/US10945096B2/en,Mobility gene for visit data,"Mobility observations may be analyzed to create so-called mobility genes, which may be intermediate data forms from which various analyses may be performed. The mobility genes may include a trajectory gene, which may describe a trajectory through which a user may have travelled. The trajectory …","DataSpark, PTE. LTD.",Ying Li,2021-03-09,2017-02-17,2017-02-17,2021-03-09,US10945096B2,https://patents.google.com/patent/US10945096B2/en,https://patentimages.storage.googleapis.com/9f/3e/12/642a2625636c4b/US10945096.pdf,A-Baseline,General Infrastructure,ALL,automated classification customs,automated classification customs,None (fallback)
patent/AU2020262101A1/en,"Aircraft, satellite, spacecraft, technology, infrastructure, and resource …","Some embodiments include a computer-implemented method that manages immigrant investor visas and/or investments in pursuit of immigrant investor visas including, but not limited to, the United States Citizenship and Immigration Service (""USCIS"") Employment-Based Fifth Preference Immigrant Investor …","O3 Worldwide, Inc.",Tariq Syed HASAN,2021-12-16,2020-04-22,2019-04-22,,AU2020262101A1,https://patents.google.com/patent/AU2020262101A1/en,https://patentimages.storage.googleapis.com/b4/91/e9/87c9d8e0879511/AU2020262101A1.pdf,A-Baseline,General Infrastructure,ALL,automated classification customs,automated classification customs,None (fallback)
patent/JP2019510066A/en,"Substituted aminopurine compounds, compositions thereof and methods of …","As used herein, cancer (including solid and hematologic cancers) comprising administering an effective amount of an aminopurine compound of Formula (I) and a composition comprising an effective amount of such a compound Provide a method for treatment or prevention. [Figure 1] [Figure] Figure 1",シグナル ファーマシューティカルズ，エルエルシー,エフ． ボーイラン ジョン,2019-04-11,2017-03-31,2016-04-01,,JP2019510066A,https://patents.google.com/patent/JP2019510066A/en,https://patentimages.storage.googleapis.com/8c/4a/5c/f3c16da69aca62/JP2019510066A.pdf,A-Baseline,General Infrastructure,ALL,automated classification customs,automated classification customs,None (fallback)
patent/CN114929490A/en,Applying and using unique unclonable physical identifiers,"In a general aspect, a unique unclonable physical identifier is applied and used. The method of applying a unique marker may comprise: an object having surface features is received and unique markers are formed on the surface features of the object. The unique markers include a distribution of …",达斯特一致有限责任公司,O·高尔顿,2022-08-19,2020-11-05,2019-11-05,,CN114929490A,https://patents.google.com/patent/CN114929490A/en,https://patentimages.storage.googleapis.com/3a/6d/b8/1fdc1656ad8c31/CN114929490A.pdf,A-Baseline,General Infrastructure,ALL,automated classification customs,automated classification customs,None (fallback)
patent/US20210279341A1/en,"Cryptographic security system, method, and program product using data …","A method, system, and program product includes a data handler that receives data. A security controller retrieves an identifier that is used to determine a non-random pad and a representative cryptographic algorithm. A pad handler retrieves the non-random pad associated with the identifier. A …",Timothy Arthur Huck,Timothy Arthur Huck,2021-09-09,2020-10-15,2020-03-05,,US20210279341A1,https://patents.google.com/patent/US20210279341A1/en,https://patentimages.storage.googleapis.com/a8/a6/22/ccea9ee708de62/US20210279341A1.pdf,A-Baseline,General Infrastructure,ALL,automated classification customs,automated classification customs,None (fallback)
patent/US20210281406A1/en,"Cryptographic security system, method, and program product using data …","A method, system, and program product includes receiving data and retrieving a set of partitioning algorithms and distinct, cryptographic key and key-based cryptographic algorithm rule pairs. The data is partitioned using the set of partitioning algorithms to produce data partitions. An operation …",Timothy Arthur Huck,Timothy Arthur Huck,2021-09-09,2020-03-05,2020-03-05,,US20210281406A1,https://patents.google.com/patent/US20210281406A1/en,https://patentimages.storage.googleapis.com/a7/ea/63/2f85475a52f921/US20210281406A1.pdf,A-Baseline,General Infrastructure,ALL,automated classification customs,automated classification customs,None (fallback)
patent/UA127242C2/en,MIXTURES AND COMPOSITIONS CONTAINING STRAINS OF PAENIBACILLUS OR FUSARICIDINS …,"S fo ov v 4 U id Moy nabyaa sh yak nd MEN, i | in SHU N in M h a uche tva we wl Mu Za U diz xx Mne . spiapuka Z chai k Tseh osi 4 it n U 7 v i VO sema i MM t. ZO Zov M vir bod i sia customs j OOHZNOZHK se shchi ok o 7 KZ i ki ZM ""kn tvra gm MBO ON action U Here her Z And so: ho - GO Zhov Ye Fo AD …",Basf Se,Ізабелла Зіпе,2023-06-21,2017-02-06,2016-02-09,,UA127242C2,https://patents.google.com/patent/UA127242C2/en,https://patentimages.storage.googleapis.com/24/ab/47/1ac78afbd99322/UA127242C2.pdf,A-Baseline,General Infrastructure,ALL,automated classification customs,automated classification customs,None (fallback)
patent/CN107203261A/en,Watch type mobile terminal and its control method,"… predicate Sound recognition unit is configured as receiving input voice.In this case, it is defeated in response to sensing phonetic entry and the rotation Enter, the controller can be configured as at least one in content output emoticon and the sentence based on the phonetic entry Kind.",Lg Electronics Inc.,金钟环,2017-09-26,2017-03-15,2016-03-16,,CN107203261A,https://patents.google.com/patent/CN107203261A/en,https://patentimages.storage.googleapis.com/f1/20/46/de9378ea66837f/CN107203261A.pdf,A-Baseline,General Infrastructure,ALL,automated classification customs,automated classification customs,None (fallback)
patent/UA125534C2/en,ANTI-GARP-TGF- b -ANTIBODY,"The present invention relates to antibodies and antigen binding fragments thereof, which bind to a complex of GARP and TGF-β1, particularly a complex of human GARP and human TGF-β1. These antibodies and antigen binding fragments exhibit a combination of advantageous properties including high …",Ардженкс Бвба,дер Вонінґ Себастьян ван,2022-04-13,2018-05-11,2017-05-11,,UA125534C2,https://patents.google.com/patent/UA125534C2/en,https://patentimages.storage.googleapis.com/c0/10/a8/4d660d048430dd/UA125534C2.pdf,A-Baseline,General Infrastructure,ALL,automated classification customs,automated classification customs,None (fallback)
patent/EP3720426A1/en,"High cannabigerol cannabis plants, methods of producing and methods of using …","The invention provides compositions and methods for the breeding, production, processing and use of Specialty Cannabis and oannabinoid compositions. The Specialty Cannabis plants, plant parts, plant tissues and plant cells of the present disclosure comprise high levels of CBG in combination with …","Biotech Institute, LLC",Mark A. Lewis,2020-10-14,2018-12-07,2017-12-08,,EP3720426A1,https://patents.google.com/patent/EP3720426A1/en,,A-Baseline,General Infrastructure,ALL,automated classification customs,automated classification customs,None (fallback)
patent/CN114631021A/en,Apparatus and method for the determination of prohibited substances,"… likely to be consumed. Deterministic analysis is performed in the laboratory and involves the use of a device to identify the drug used by the suspect, and for sample preparation, storage and transport to the appropriate central laboratory using cargo entry points and secure transport facilities.",Tallinn University Of Technology,J·马齐纳-辛卡尔,2022-06-14,2020-08-31,2019-08-30,,CN114631021A,https://patents.google.com/patent/CN114631021A/en,https://patentimages.storage.googleapis.com/15/78/02/35736cf8e4ebe8/CN114631021A.pdf,A-Baseline,General Infrastructure,ALL,automated classification customs,automated classification customs,None (fallback)
patent/CN106980662A/en,Based on magnanimity across the user tag sorting technique for shielding …,"5. it is according to claim 1 based on magnanimity across screen viewing behavior data user tag sorting technique, it is characterised in that institute The main body that the user property in label model defines label object is stated, user property basic element evidence includes Customs Assigned …",上海星红桉数据科技有限公司,李馥岑,2017-07-25,2017-03-21,2017-03-21,,CN106980662A,https://patents.google.com/patent/CN106980662A/en,https://patentimages.storage.googleapis.com/7f/02/60/77506b115cb67c/CN106980662A.pdf,A-Baseline,General Infrastructure,ALL,automated classification customs,automated classification customs,None (fallback)
patent/EP3702969A1/en,Integrated labeling of medical supplies,"The invention provides method to survey handling of a medical or biological product said method comprising use of a label for labelling a container suitable for containing said material, said label provided with information suitable for identifying said material, said label also provided with a …",Kornelis Wiegers,Kornelis Wiegers,2020-09-02,2019-02-26,2019-02-26,,EP3702969A1,https://patents.google.com/patent/EP3702969A1/en,https://patentimages.storage.googleapis.com/2d/99/5f/517c98ee9e158d/EP3702969A1.pdf,A-Baseline,General Infrastructure,ALL,automated classification customs,automated classification customs,None (fallback)
patent/CN112526047A/en,Method for quantitatively detecting flavonoid compounds in sea buckthorn based …,The invention discloses a method for quantitatively detecting flavonoid compounds in sea buckthorn based on an ultra-high performance liquid chromatography-high resolution mass spectrometry technology. The method for quantitatively detecting the flavonoid compounds comprises the following steps: …,China Customs Science And Technology Research Center,严华,2021-03-19,2020-10-23,2020-10-23,,CN112526047A,https://patents.google.com/patent/CN112526047A/en,https://patentimages.storage.googleapis.com/69/db/c5/951cd1f2f02641/CN112526047A.pdf,A-Baseline,General Infrastructure,ALL,automated classification customs,automated classification customs,None (fallback)
patent/US20210045311A1/en,"Propyl cannabinoid hemp plants, methods of producing and methods of using them","The invention provides compositions and methods for the breeding, production, processing and use of Specialty Cannabis , including new hemp varieties comprising high levels of propyl cannabinoids with low THC content Cannabinoid compositions comprising high levels of propyl cannabinoids with low …","Biotech Institute, Llc",Mark A. Lewis,2021-02-18,2018-12-10,2017-12-08,,US20210045311A1,https://patents.google.com/patent/US20210045311A1/en,https://patentimages.storage.googleapis.com/eb/66/0d/91de61be62925c/US20210045311A1.pdf,A-Baseline,General Infrastructure,ALL,automated classification customs,automated classification customs,None (fallback)
patent/UA125644C2/en,"SUBSTITUTED 5,6,7,8-TETRAHYDRO [1,2,4] TRIAZOLO [4,3-a] PYRIDIN-3 (2H) -ONE AND …","This application relates to new substituted 5,6,7,8-tetrahydro [1,2,4] triazolo [4,3-a] pyridin-3 (2H) -ones and 2,5,6,7-tetrahydro-3H- pyrrolo [2,1-c] [1,2,4] triazol-3-ones, method for their preparation, their use alone or in combination for the treatment and / or prevention of diseases, as well …",Bayer Aktiengesellschaft,Ніколь Бібер,2022-05-11,2017-05-08,2016-05-09,,UA125644C2,https://patents.google.com/patent/UA125644C2/en,https://patentimages.storage.googleapis.com/54/e8/09/5e2d7c41d515ed/UA125644C2.pdf,A-Baseline,General Infrastructure,ALL,automated classification customs,automated classification customs,None (fallback)
patent/UA126563C2/en,CHIMERAL NEUROTOXIN,The present invention relates to chimeric neurotoxins with enhanced properties and their use in therapy.,Іпсен Біофарм Лімітед,Сай Ман Лю,2022-11-02,2017-05-05,2016-05-05,,UA126563C2,https://patents.google.com/patent/UA126563C2/en,https://patentimages.storage.googleapis.com/81/2b/8d/0e1def3e87c8f0/UA126563C2.pdf,A-Baseline,General Infrastructure,ALL,automated classification customs,automated classification customs,None (fallback)
patent/KR20090019662A/en,Method and device for transmitting AC / NAC signal in mobile communication …,"… the detailed description of the present invention may unnecessarily obscure the subject matter of the present invention. Terms to be described later are terms defined in consideration of functions in the present invention, and may be changed according to intentions or customs of users or operators.","Samsung Electronics Co., Ltd.",김영범,2009-02-25,2008-01-14,2007-08-21,,KR20090019662A,https://patents.google.com/patent/KR20090019662A/en,https://patentimages.storage.googleapis.com/78/e5/9c/3b23c0a1f21893/KR20090019662A.pdf,A-Baseline,General Infrastructure,ALL,automated classification customs,automated classification customs,None (fallback)
patent/JP2020537527A/en,Methods and systems for detecting somatic cell structure mutations,"The embodiments disclosed herein provide methods, systems, and computer program products for detecting subtle chromosomal imbalances in genotype data using long-term phase information. Clone growth results from mutations, and subsequent selective growth, and the embodiments disclosed herein are …",President And Fellows Of Harvard College,ジュリオ ジェノヴェーゼ,2020-12-24,2018-10-17,2017-10-17,,JP2020537527A,https://patents.google.com/patent/JP2020537527A/en,https://patentimages.storage.googleapis.com/fd/fb/18/09f8fd069269e4/JP2020537527A.pdf,A-Baseline,General Infrastructure,ALL,automated classification customs,automated classification customs,None (fallback)
patent/CN118602537A/en,An intelligent air conditioning control method based on physiological …,"The present invention discloses an intelligent air conditioning control method based on the physiological parameters of the elderly, comprising the following steps: 1) monitoring the physiological parameters and indoor environmental parameters of the elderly user, and transmitting them to the …",Chongqing University,邵艳坡,2024-09-06,2024-06-19,2024-06-19,,CN118602537A,https://patents.google.com/patent/CN118602537A/en,https://patentimages.storage.googleapis.com/fa/eb/31/b2fb016ab5a6d8/CN118602537A.pdf,A-Baseline,General Infrastructure,ALL,automated classification customs,automated classification customs,None (fallback)
patent/CN118197625A/en,A prediction model for malnutrition in patients with nasopharyngeal carcinoma,"Exclusion criteria: ① Malnutrition exists when admitted to a hospital; ② Combining other malignant tumors; ③ Patients who received anti-tumor-related treatments prior to group entry; ④ Severe hearing impairment or communication impairment; ⑤ Combining severe center of gravity, lung and brain …",广西医科大学第一附属医院,卢佳美,2024-06-14,2024-03-28,2024-03-28,,CN118197625A,https://patents.google.com/patent/CN118197625A/en,https://patentimages.storage.googleapis.com/59/07/99/aa78714781991d/CN118197625A.pdf,A-Baseline,General Infrastructure,ALL,automated classification customs,automated classification customs,None (fallback)
patent/US11048765B1/en,Search engine optimizer,"… scores to solve for a solution. X_FOB is similarly same to those in the field, as requesting FOB pricing using a time dimension (X) expressed in days, whereas Y_CDIF offers door to door services including customs and duties for mission critical item using time dimension (Y) express in hours. Z_ …",Richard Paiz,Richard Paiz,2021-06-29,2018-02-05,2008-06-25,2021-06-29,US11048765B1,https://patents.google.com/patent/US11048765B1/en,https://patentimages.storage.googleapis.com/1a/51/73/a47042ecb4e84d/US11048765.pdf,A-Baseline,General Infrastructure,ALL,automated classification customs,automated classification customs,None (fallback)
patent/WO2021242293A1/en,A system to provide mental health care services addressing the root causes and …,A platform and system to help mental health patients to get the mental health care services provided by mental health care services providers 24 hours from anywhere and help mental health patients to get mental health assessment and mental health illness treatment systems addressing the root …,Khan Sardar,Sardar KHAN,2021-12-02,2020-09-16,2020-05-25,,WO2021242293A1,https://patents.google.com/patent/WO2021242293A1/en,https://patentimages.storage.googleapis.com/94/32/60/f7292c7b4bf8a4/WO2021242293A1.pdf,A-Baseline,General Infrastructure,ALL,automated classification customs,automated classification customs,None (fallback)
patent/US10945023B2/en,Digital device and method of processing data in said digital device,"Although terminologies used in the present specification are selected from general terminologies used currently and widely in consideration of functions in the present invention, they may be changed in accordance with intentions of technicians engaged in the corresponding fields, customs, advents …",Lg Electronics Inc.,Haeryong KIM,2021-03-09,2016-08-23,2015-08-26,2021-03-09,US10945023B2,https://patents.google.com/patent/US10945023B2/en,https://patentimages.storage.googleapis.com/b9/c2/fc/fa711ce32c27b6/US10945023.pdf,A-Baseline,General Infrastructure,ALL,automated classification customs,automated classification customs,None (fallback)
patent/JP7335850B2/en,"High fever detection method, high fever detection device, and high fever …","In the high-temperature person detection device, there are a first image recognition unit, a second image recognition unit, a person's body temperature determination unit, a detection operation instruction unit that determines the rule when a high-temperature person is detected, a mobile terminal, …",Kabushiki Kaisha Toshiba,武弘 吉本,2023-08-30,2020-04-10,2020-04-10,2023-08-30,JP7335850B2,https://patents.google.com/patent/JP7335850B2/en,https://patentimages.storage.googleapis.com/43/e1/2e/e59f7e3b599917/JP7335850B2.pdf,A-Baseline,General Infrastructure,ALL,automated classification customs,automated classification customs,None (fallback)
patent/CN107025618A/en,Human life moves the holistic medicine technology of comprehensive information,"1. the method is mainly characterized in that, big medical science is in, in doctor trained in Western medicine theoretical foundation, to re-recognize human collateral channel system, Import and export bioelectromagnetics field energy and the substantial connection and rule of human life motion.",Wang Kejia,王科甲,2017-08-08,2016-01-31,2016-01-31,,CN107025618A,https://patents.google.com/patent/CN107025618A/en,https://patentimages.storage.googleapis.com/0b/98/3e/330551238fc30e/CN107025618A.pdf,A-Baseline,General Infrastructure,ALL,automated classification customs,automated classification customs,None (fallback)
patent/ES2956066T3/en,Method for the determination of sodium hyaluronate content in a hydrogel,"This deficiency makes it very difficult to know exactly what is legally on the market. However, similar to medications, illegal products containing HA can be purchased online and are intercepted by customs or during routine inspections at different shipping companies. Consequently, there is an …",Ub Care S R L,Roberto Mocchi,2023-12-12,2020-11-30,2019-12-02,2023-12-12,ES2956066T3,https://patents.google.com/patent/ES2956066T3/en,https://patentimages.storage.googleapis.com/61/8f/ea/41d53a16d0b65f/ES2956066T3.pdf,A-Baseline,General Infrastructure,ALL,automated classification customs,automated classification customs,None (fallback)
patent/KR20190138825A/en,Substituted N-arylethyl-2-aminoquinoline-4-carboxamides and uses thereof,"Mol. Physiol. 2005, 288, L1010-L1016. In bleomycin-induced pulmonary fibrosis in mice, clearance of FP receptors by knockdown (FP − / −) induced a marked decrease in lung fibrosis compared to wild type mice [Oga et al., Nat. Med. 2009, 15, 1426-1430. In FP − / − mice, after administration of …",Bayer Aktiengesellschaft,하르트무트 베크,2019-12-16,2018-04-04,2017-04-10,,KR20190138825A,https://patents.google.com/patent/KR20190138825A/en,https://patentimages.storage.googleapis.com/ff/73/b3/a8e53254030d20/KR20190138825A.pdf,A-Baseline,General Infrastructure,ALL,automated classification customs,automated classification customs,None (fallback)
patent/WO2018151676A1/en,Stay and trajectory identification from historical analysis of communications …,"Sequences of location data points can be broken down into travel periods and stay periods through historical analysis of location data points. The noise and inaccuracies of location data points gathered from communications networks, such as mobile telephony networks,makes it difficult to …",Dataspark Pte. Ltd.,Ying Li,2018-08-23,2018-02-14,2017-02-17,,WO2018151676A1,https://patents.google.com/patent/WO2018151676A1/en,https://patentimages.storage.googleapis.com/00/d3/47/7a2a42dee86a6f/WO2018151676A1.pdf,A-Baseline,General Infrastructure,ALL,automated classification customs,automated classification customs,None (fallback)
patent/CN112183915A/en,Scientific research credit evaluation method,"The default state is set as a natural science fund type, a science and technology attack and customs type, a science and technology achievement transformation type and a school, enterprise and cooperation type, and all science and technology project management departments can be added and deleted …",吉林省通联信用服务有限公司,杨玉东,2021-01-05,2019-07-05,2019-07-05,,CN112183915A,https://patents.google.com/patent/CN112183915A/en,https://patentimages.storage.googleapis.com/e1/2c/21/39f75ab2d03449/CN112183915A.pdf,A-Baseline,General Infrastructure,ALL,automated classification customs,automated classification customs,None (fallback)
patent/WO2024025566A1/en,System for cargo transport,"A system for cargo transport in the field of intermodal logistics aims to solve supply chain-related disruptions experienced during the Covid-19 pandemic. Cargo frame cargo ships (24), cargo frame barges (26), cargo frame docks (20), 3-axis structures, and 3-axis hoists (10) utilize a cargo frame …",Pan Trevor,Trevor PAN,2024-02-01,2022-07-29,2022-07-29,,WO2024025566A1,https://patents.google.com/patent/WO2024025566A1/en,https://patentimages.storage.googleapis.com/e8/9a/7d/ac3c526bf2afe9/WO2024025566A1.pdf,A-Baseline,General Infrastructure,ALL,automated classification customs,automated classification customs,None (fallback)
patent/JP2009532955A/en,Item management system and related method,"… some processing. In FIG. 5, the action column 518 can include a menu or entry field where the remote user can give instructions regarding the processing of individual items. For example, in the illustrated embodiment, the user can choose to shred a mail item, read a mail item, or send a mail item.",アース クラス メイル コーポレイション,マイケル ディー マイルズ,2009-09-10,2007-03-30,2006-03-30,,JP2009532955A,https://patents.google.com/patent/JP2009532955A/en,https://patentimages.storage.googleapis.com/a0/04/2b/843347da671592/JP2009532955A.pdf,A-Baseline,General Infrastructure,ALL,automated classification customs,automated classification customs,None (fallback)
patent/UA129565C2/en,GENETICALLY MODIFIED PLANT RESISTANT TO PUCCINIA GRAMINIS,… UH VED THEREFORE EK KK KVN KI IN KK ECO KK AS ECO MKU. Customs MEM MUKHI i TEKI KK M shli SHK MYST ZHDE KIM UK SVI VM MKH PEKMUMKTSI MELE ftMiM v pe pl UKH VE p MOV KE VM MKK KV diFKscheya ZK. A V ev in VYVYKVU VYM KI KEKV IK VKM p Pe KKU VYMENI KEKV NTK KAB KPC KUM KE UKKEK KK AKNKKKH MMA K EM.,Коммонвелт Сайнтіфік Енд Індастріел Рісерч Організейшн,Цзянпін Чжан,2025-06-04,2019-04-12,2018-11-30,,UA129565C2,https://patents.google.com/patent/UA129565C2/en,https://patentimages.storage.googleapis.com/95/08/3d/e386b1415060f5/UA129565C2.pdf,A-Baseline,General Infrastructure,ALL,automated classification customs,automated classification customs,None (fallback)
patent/JP2022028438A/en,"Method, kit and device for evaluating risk of development of alzheimer-type …","… following definitions: Indications by abbreviations such as nucleotides, polynucleotides, DNAs, RNAs, etc. shall be in accordance with ""Guidelines for Preparation of Specifications, etc. Containing Base Sequences or Amino Acid Sequences"" (edited by the Japan Patent Office) and customs in the art. . …",Toray Industries Inc.,智織 大森,2022-02-16,2020-08-03,2020-08-03,,JP2022028438A,https://patents.google.com/patent/JP2022028438A/en,https://patentimages.storage.googleapis.com/94/b1/96/8b141c5b7539ee/JP2022028438A.pdf,A-Baseline,General Infrastructure,ALL,automated classification customs,automated classification customs,None (fallback)
patent/TWM554599U/en,"Management system of banking data encryption-classification-storage, decryption …","… Japan, the electronic money market has reached 1.4 trillion yen ($15 billion) in 2010, making it the current leader in global mobile payments. At present, Taiwan’s domestic digitalization process is hindered by regulations and popular customs. Compared with other countries, it is still far behind.",The Shanghai Commercial & Savings Bank Ltd,chong-zhi Zhou,2018-01-21,2017-08-21,2017-08-21,,TWM554599U,https://patents.google.com/patent/TWM554599U/en,https://patentimages.storage.googleapis.com/15/39/ab/b4ca328e7accf1/TWM554599U.pdf,A-Baseline,General Infrastructure,ALL,automated classification customs,automated classification customs,None (fallback)
patent/WO2018151677A1/en,Real time trajectory identification from communications network,"Real time status of a device's movements may be determined from a sequence of location observations. The status may be in the form of a state, which may be ""stay"", ""transit"",""pause"", and ""unknown"". A state transition may occur from transit to stay when the device has remained within a predefined …",Dataspark Pte. Ltd.,Ying Li,2018-08-23,2018-02-14,2017-02-17,,WO2018151677A1,https://patents.google.com/patent/WO2018151677A1/en,https://patentimages.storage.googleapis.com/4f/77/29/8b1b1125968e1f/WO2018151677A1.pdf,A-Baseline,General Infrastructure,ALL,automated classification customs,automated classification customs,None (fallback)
patent/JP2018167011A/en,A system or mechanism or device that establishes a chained multi-layered causal …,"More specifically, culturality is uncertainly grasped from people's traditional behavior. In other words, a certain “culturality” includes motives, assumptions, concepts, ethos, memes, mindsets, unconsciousness, customs, preferences, attachments, customs, atmospheres, and the like. In other words, …",Taichi Misawa,太智 三澤,2018-11-01,2017-03-29,2017-03-29,,JP2018167011A,https://patents.google.com/patent/JP2018167011A/en,https://patentimages.storage.googleapis.com/55/62/b2/700a3655550787/JP2018167011A.pdf,A-Baseline,General Infrastructure,ALL,automated classification customs,automated classification customs,None (fallback)
patent/JPWO2020032228A1/en,"Kits, Devices and Methods for Detecting Prostate Cancer","… definitions: Indications by abbreviations such as nucleotides, polynucleotides, DNAs, RNAs, etc. shall be in accordance with ""Guidelines for Preparation of Specifications, etc. Containing Base Sequences or Amino Acid Sequences"" (edited by the Japan Patent Office) and customs in the art. .. As used …",Toray Industries Inc.,真紀子 吉本,2021-08-26,2019-08-09,2018-08-10,,JPWO2020032228A1,https://patents.google.com/patent/JPWO2020032228A1/en,https://patentimages.storage.googleapis.com/48/50/1d/c1e1dd07436282/JPWO2020032228A1.pdf,A-Baseline,General Infrastructure,ALL,automated classification customs,automated classification customs,None (fallback)
patent/US20110071861A1/en,"Online nationalized & localized ads (text, image and video) self-creation …","The tabs of On Sale, Special Deals, Clearance, Closeouts, Overstocks, Liquidation Sales, National Tent Events, New & Unique Products, Quality Products, Hot Products, Products & Services Promotion, Business Opportunities, Finance-Investment, Franchises, Coupons, Coupon Books, Weekly Ads Catalog, …",Qiuhang Richard Qian,Qiuhang Qian,2011-03-24,2010-06-18,2009-09-24,,US20110071861A1,https://patents.google.com/patent/US20110071861A1/en,https://patentimages.storage.googleapis.com/25/95/34/d8616d91f8ca8a/US20110071861A1.pdf,A-Baseline,General Infrastructure,ALL,automated classification customs,automated classification customs,None (fallback)
patent/KR20190138824A/en,Substituted N-arylethyl-2-arylquinoline-4-carboxamides and uses thereof,"Mol. Physiol. 2005, 288, L1010-L1016. In bleomycin-induced pulmonary fibrosis in mice, clearance of FP receptors by knockdown (FP − / −) induced a marked decrease in lung fibrosis compared to wild type mice [Oga et al., Nat. Med. 2009, 15, 1426-1430. In FP − / − mice, after administration of …",Bayer Aktiengesellschaft,하르트무트 베크,2019-12-16,2018-04-04,2017-04-10,,KR20190138824A,https://patents.google.com/patent/KR20190138824A/en,https://patentimages.storage.googleapis.com/fd/20/50/a53646c8e85a27/KR20190138824A.pdf,A-Baseline,General Infrastructure,ALL,automated classification customs,automated classification customs,None (fallback)
patent/US20210398092A1/en,"Method and system for recommending, monitoring, selecting, purchasing and …","… may be a password or other biometric data (voice, retina, etc.) to verify identity. The list of recipients can be gathered from manual entry or other third party sources, such as contacts lists on a mobile device in a different program or associated profiles on a social networking account. The list …",Elizabeth BORUHOVIN,Elizabeth BORUHOVIN,2021-12-23,2021-08-21,2016-10-22,,US20210398092A1,https://patents.google.com/patent/US20210398092A1/en,https://patentimages.storage.googleapis.com/6b/f1/bc/df72ce3d822653/US20210398092A1.pdf,A-Baseline,General Infrastructure,ALL,automated classification customs,automated classification customs,None (fallback)
patent/CN109752079A/en,Effective perceived noise level mensuration detects the method that console …,"The present invention relates to the detection methods that a kind of console mode ceramic pedestal pan rinses noise, and detecting step includes: sample installation and debugging；Sound source reference body and frustum of a cone bulk measurement surface determine；Sound-pressure-level measurement …",Li Wenjie,李文杰,2019-05-14,2018-05-18,2018-05-18,,CN109752079A,https://patents.google.com/patent/CN109752079A/en,https://patentimages.storage.googleapis.com/05/7b/b0/6e9ef76767e4b0/CN109752079A.pdf,A-Baseline,General Infrastructure,ALL,automated classification customs,automated classification customs,None (fallback)
patent/CN110160632A/en,Acoustic energy grade cylindrical measurement face method detects the method …,"The present invention relates to a kind of console mode ceramic pedestal pans to rinse noise detecting method, and detecting step includes: sample installation and debugging；Sound source reference body and cylindrical measurement surface determine；Sound-pressure-level measurement；Acoustic energy …",Li Wenjie,李文杰,2019-08-23,2018-05-18,2018-05-18,,CN110160632A,https://patents.google.com/patent/CN110160632A/en,https://patentimages.storage.googleapis.com/a9/38/71/00d90ce4a892b7/CN110160632A.pdf,A-Baseline,General Infrastructure,ALL,automated classification customs,automated classification customs,None (fallback)
patent/WO2020179895A1/en,"Kit, device, and method for detecting uterine leiomyosarcoma","… definitions: Indications by abbreviations such as nucleotides, polynucleotides, DNAs, RNAs, etc. shall be in accordance with ""Guidelines for Preparation of Specifications, etc. Containing Base Sequences or Amino Acid Sequences"" (edited by the Japan Patent Office) and customs in the art. .. In the …",Toray Industries Inc.,真紀子 吉本,2020-09-10,2020-03-06,2019-03-07,,WO2020179895A1,https://patents.google.com/patent/WO2020179895A1/en,https://patentimages.storage.googleapis.com/d1/11/b4/d90f6460c81e99/WO2020179895A1.pdf,A-Baseline,General Infrastructure,ALL,automated classification customs,automated classification customs,None (fallback)
patent/US10959090B1/en,Personal search results,"The search engine optimizer transforms input information interactively and works independently and in parallel with a browser and search engine supercomputer. The optimizer reorganizes the input, and provides an optimized version as an output. The output (Optimized, reorganized input) is sent to …",Richard Paiz,Richard Paiz,2021-03-23,2016-08-24,2004-08-25,2021-03-23,US10959090B1,https://patents.google.com/patent/US10959090B1/en,https://patentimages.storage.googleapis.com/aa/3f/c9/a7494779b13975/US10959090.pdf,A-Baseline,General Infrastructure,ALL,automated classification customs,automated classification customs,None (fallback)
patent/US20230252584A1/en,Social media network interface features connected to cryptographic ledger,Disclosed herein is a social media network interface feature that ranks/sorts users based on a past interaction with creators of cryptographic objects. The cryptographic objects are managed by a disparate set of platforms with varied rules and customs with regard to original creators. While …,"Emoji ID, LLC",Naveen Kumar JAIN,2023-08-10,2022-11-09,2022-02-04,,US20230252584A1,https://patents.google.com/patent/US20230252584A1/en,https://patentimages.storage.googleapis.com/bc/47/db/7dc84ddf5237da/US20230252584A1.pdf,A-Baseline,General Infrastructure,ALL,automated classification customs,automated classification customs,None (fallback)
patent/DE102017131205A1/en,Electronic bill management system,"… services purchased in a first country to a second country with different VAT or sales tax laws. In this case, the system can automatically analyze the corresponding invoice document data and deduce corresponding VAT or sales tax claims at the border crossing, e.g. at airports or customs stations.",H & S Energie Gmbh,Reinhard Heymann,2019-06-27,2017-12-22,2017-12-22,,DE102017131205A1,https://patents.google.com/patent/DE102017131205A1/en,https://patentimages.storage.googleapis.com/c2/f2/37/24d442f0ac5428/DE102017131205A1.pdf,A-Baseline,General Infrastructure,ALL,automated classification customs,automated classification customs,None (fallback)
patent/WO2019113574A1/en,"Propyl cannabinoid hemp plants, methods of producing and methods of using them","The invention provides compositions and methods for the breeding, production, processing and use of Specialty Cannabis, including new hemp varieties comprising high levels of propyl cannabinoids with low THC content. Cannabinoid compositions comprising high levels of propyl cannabinoids with low …",Biotech Institute LLC,Mark A. Lewis,2019-06-13,2018-12-10,2017-12-08,,WO2019113574A1,https://patents.google.com/patent/WO2019113574A1/en,https://patentimages.storage.googleapis.com/f6/c8/76/cc929940e44301/WO2019113574A1.pdf,A-Baseline,General Infrastructure,ALL,automated classification customs,automated classification customs,None (fallback)
patent/US20230161749A1/en,Scoring method for matches based on age probability,"Disclosed herein relates to a method that improves the accuracy of producing family trees. The DNA of a target individual is processed to find a matching individual. Using the known family tree of the matching individual, multiple candidate family trees are generated with multiple proposed …","Ancestry.Com Dna, Llc",Jingwen Pei,2023-05-25,2022-11-23,2021-11-24,,US20230161749A1,https://patents.google.com/patent/US20230161749A1/en,https://patentimages.storage.googleapis.com/d7/2c/a5/588ec108e31b89/US20230161749A1.pdf,A-Baseline,General Infrastructure,ALL,automated classification customs,automated classification customs,None (fallback)
patent/US20220098640A1/en,Methods and Systems for Multiplex Gene Amplification from Ultra-Low DNA Input …,"Systems and methods of performing multiplex PCR on low and ultra-low quantities of starting template using custom primer sequences having a homotag. In some embodiments, these primers are capable of amplifying over 100 targets simultaneously and/or are capable of amplifying targets from low …",The Board Of Trustees Of The Leland Stanford Junior University,Curt Scharfe,2022-03-31,2019-09-11,2018-09-11,,US20220098640A1,https://patents.google.com/patent/US20220098640A1/en,https://patentimages.storage.googleapis.com/20/4a/d2/036c2b61b52e64/US20220098640A1.pdf,A-Baseline,General Infrastructure,ALL,automated classification customs,automated classification customs,None (fallback)
patent/KR102761760B1/en,Method of manufacturing fish eaten with bones with improved texture by combined …,"In addition, the terminology used in this specification is a term used to appropriately express preferred embodiments of the present invention, and this may vary depending on the intention of the user or operator, or the customs of the field to which the present invention belongs. Therefore, the …",경상국립대학교산학협력단,김진수,2025-02-05,2022-04-28,2021-06-07,2025-02-05,KR102761760B1,https://patents.google.com/patent/KR102761760B1/en,https://patentimages.storage.googleapis.com/03/ad/24/79ab6889e6c23c/KR102761760B1.pdf,A-Baseline,General Infrastructure,ALL,automated classification customs,automated classification customs,None (fallback)
patent/CN111417707A/en,"Storage stable enzyme preparation, its preparation and use","Liquid enzyme preparation containing component (a): at least one salt of general formula (I): (R 2 ) 3 N + -(CH 2 ) n C(R 3 )(R 4 )-(O-X) m -O-C(O)-R 1 A- ( I), wherein n is selected from 1-12, m is selected from 0-50, R 1 is selected from linear or branched C 1 -C 10 alkyl and C 6 -C 10 aryl, …",Basf Se,S·许弗,2020-07-14,2018-11-19,2017-11-29,,CN111417707A,https://patents.google.com/patent/CN111417707A/en,https://patentimages.storage.googleapis.com/a7/74/b0/6f52157fe77358/CN111417707A.pdf,A-Baseline,General Infrastructure,ALL,automated classification customs,automated classification customs,None (fallback)
patent/EP4312946A1/en,Multistable photochromic pigments for intradermal use,"… minimal migration in the dermis. Long-term tattoo fading is caused by clearance of the pigments via drainage into the lymph nodes by these immune cells, and this process may be accelerated by pigment photodegradation associated with laser tattoo removal treatment as well as UV exposure in sunlight.","The Regents Of The University Of Colorado, A Body Corporate",Carson J. BRUNS,2024-02-07,2022-03-31,2021-03-31,,EP4312946A1,https://patents.google.com/patent/EP4312946A1/en,,A-Baseline,General Infrastructure,ALL,automated classification customs,automated classification customs,None (fallback)
patent/WO2019113582A1/en,Specialty plants and cannabinoid compositions comprising hexyl butyrate,"The invention provides compositions and methods for the breeding, production, processing and use of Specialty Cannabis. Cannabinoid compositions and uses thereof are also disclosed.",Biotech Institute LLC,Mark A. Lewis,2019-06-13,2018-12-10,2017-12-08,,WO2019113582A1,https://patents.google.com/patent/WO2019113582A1/en,https://patentimages.storage.googleapis.com/3e/a0/6d/684bc036cc9f2f/WO2019113582A1.pdf,A-Baseline,General Infrastructure,ALL,automated classification customs,automated classification customs,None (fallback)
patent/RU2732824C1/en,Method of student's health improvement,"TOP techniques include a group of psychotherapeutic methods aimed at studying the body, exploring how needs, desires and feelings manifest themselves in various bodily states, and teaching ways to solve problems using bodywork techniques. The action of TOC methods often turns out to be more careful …",Федеральное государственное бюджетное учреждение «Национальный медицинский …,Андрей Петрович Рачин,2020-09-22,2020-06-02,2020-06-02,2020-09-22,RU2732824C1,https://patents.google.com/patent/RU2732824C1/en,https://patentimages.storage.googleapis.com/ea/d1/97/c73dbe261be199/RU2732824C1.pdf,A-Baseline,General Infrastructure,ALL,automated classification customs,automated classification customs,None (fallback)
patent/KR20170092408A/en,Digital device and method for controlling the same,"In addition, although the terms used in the present specification have been selected from the general terms that are widely used in the present invention in consideration of the functions according to the technical idea of the present invention, they are not limited to the intentions or customs of …",Lg Electronics Inc.,배경남,2017-08-11,2016-02-03,2016-02-03,,KR20170092408A,https://patents.google.com/patent/KR20170092408A/en,https://patentimages.storage.googleapis.com/c5/a4/96/837afbefd0c0a2/KR20170092408A.pdf,A-Baseline,General Infrastructure,ALL,automated classification customs,automated classification customs,None (fallback)
patent/CN113409618B/en,Area ASM message voice prompt device of AIS/VDES,"… the high bandwidth of VDES, the information available for the future ships is greatly enriched, so that not only the safety information of maritime affairs, search and rescue and the like can be transmitted, but also the business information of port operation, freight management, electronic customs …",福建吉星智能科技股份有限公司,刘华松,2023-04-07,2021-07-05,2021-07-05,2023-04-07,CN113409618B,https://patents.google.com/patent/CN113409618B/en,https://patentimages.storage.googleapis.com/e9/d8/91/fe8d7dd84f28fb/CN113409618B.pdf,A-Baseline,General Infrastructure,ALL,automated classification customs,automated classification customs,None (fallback)
patent/EP4381055A1/en,Varin genes,"Provided herein is the identification of the causal gene KR associated with THCV, THCVA, CBDV, CBDVA, CBGV, CBGVA, CBCV, or CBCVA production in Cannabis plants. Also included are isolated cells, nucleic acids, transgenic Cannabis plants; methods of editing, and methods of using marker assisted …","Phylos Bioscience, Inc.",Erica BAKKER,2024-06-12,2022-08-04,2021-08-06,,EP4381055A1,https://patents.google.com/patent/EP4381055A1/en,,A-Baseline,General Infrastructure,ALL,automated classification customs,automated classification customs,None (fallback)
patent/US7890517B2/en,Appliance for enterprise information integration and enterprise resource …,"The invention provides apparatus, platforms and methods according to the invention provide a surveillance, monitoring and real-time events platform to (i) enable the integration and communication of information between government agencies and organizations specifically tasked with ensuring the …","Metatomix, Inc.",Robert F. Angelo,2011-02-15,2005-02-23,2001-05-15,2011-02-15,US7890517B2,https://patents.google.com/patent/US7890517B2/en,https://patentimages.storage.googleapis.com/ff/ad/77/f9d7a30a906d15/US7890517.pdf,A-Baseline,General Infrastructure,ALL,automated classification customs,automated classification customs,None (fallback)
patent/AU2002362949B2/en,System and method for reinsurance placement,"54. A set of computer executable instructions according to any one of claims 49 to 52, wherein the set of computer executable instructions are operable to enable the host server to: prompt the at least one cedent computer for the entry of risk data; receive from the at least one cedent computer the …",Swiss Reinsurance Company,Sylvia Steinmann,2008-07-31,2002-10-10,2001-10-12,2008-07-31,AU2002362949B2,https://patents.google.com/patent/AU2002362949B2/en,https://patentimages.storage.googleapis.com/eb/b4/5a/b6d872a23b7a03/AU2002362949B2.pdf,A-Baseline,General Infrastructure,ALL,automated classification customs,automated classification customs,None (fallback)
patent/US20060080263A1/en,Identity theft protection and notification system,"FIG. 4 . Preferably, an encrypted output 36 is stored with an indicator 42 and associated contact information 38 . This group of information will hereinafter be referred to as an entry 44 . The contact information stored in the database 40 can be used by the alert system 14 for notifying subscribers …",Willis John A,John Willis,2006-04-13,2005-08-23,2004-10-13,,US20060080263A1,https://patents.google.com/patent/US20060080263A1/en,https://patentimages.storage.googleapis.com/0e/01/3d/5dcd08372824cd/US20060080263A1.pdf,A-Baseline,General Infrastructure,ALL,automated classification customs,automated classification customs,None (fallback)
patent/US20010033639A1/en,Controller for use with communications systems for converting a voice message …,The principles of the present invention introduce non-realtime messaging systems (and controllers for use therewith) that are capable of converting received oral messages from callers into at least substantially equivalent text messages for transmission to subscribers thereof. This may be …,Martin Larry J.,Larry Martin,2001-10-25,2001-03-05,1997-12-31,,US20010033639A1,https://patents.google.com/patent/US20010033639A1/en,https://patentimages.storage.googleapis.com/50/2a/11/bd586cd7847c29/US20010033639A1.pdf,A-Baseline,General Infrastructure,ALL,automated classification customs,automated classification customs,None (fallback)
patent/US20060080347A1/en,Enhanced trade compliance system: mass amendment,"9 . The method of claim 1 , wherein the database comprises an entry history database that is configured to store data relating to imported goods, and is further configured to generate and store entry history data that track a history of data entries that have been made in the trade compliance system.","Honda Motor Co., Ltd.",Tom Potts,2006-04-13,2005-08-29,2002-12-27,,US20060080347A1,https://patents.google.com/patent/US20060080347A1/en,https://patentimages.storage.googleapis.com/f8/61/1f/629a0de8d6dd5e/US20060080347A1.pdf,A-Baseline,General Infrastructure,ALL,automated classification customs,automated classification customs,None (fallback)
patent/US20060059009A1/en,Enhanced trade compliance system: country of origin certifications,"claim 8 , further comprising: determining whether entry information about any one of the parts was added into the database after a request for COO certification for the product was last entered; and eliminating all requests for COO certification for any one of the parts about which entry information …","Honda Motor Co., Ltd.",Tom Potts,2006-03-16,2005-08-29,2002-12-27,,US20060059009A1,https://patents.google.com/patent/US20060059009A1/en,https://patentimages.storage.googleapis.com/db/25/89/12c4eff0d6f22f/US20060059009A1.pdf,A-Baseline,General Infrastructure,ALL,automated classification customs,automated classification customs,None (fallback)
patent/US7389286B2/en,"Enhanced trade compliance system: audit processing, payment balancing process …","2. Description of Related Art When a U.S. company imports goods from foreign sources, it may be subject to numerous U.S. Customs regulations. One such set of requirements is based upon a complex classification system promulgated by U.S. Customs, known as the Harmonized Tariff Schedule (“HTS”) code.","Honda Motor Co., Ltd.",Frederic Holmes,2008-06-17,2005-01-19,2002-12-27,2008-06-17,US7389286B2,https://patents.google.com/patent/US7389286B2/en,https://patentimages.storage.googleapis.com/8b/26/5f/6d85a82f5fa8b2/US7389286.pdf,A-Baseline,General Infrastructure,ALL,automated classification customs,automated classification customs,None (fallback)
patent/WO2002099769A1/en,Air traffic management system and method,"With more 15 aircraft flying in ""instrument conditions,"" the ""see and avoid"" protocol of VFR was unworkable. That fact, coupled with the entry of higher flying, faster aircraft created potential controller confusion in separating these differing types of aircraft. Air Traffic Control Units (ATCUs) …",The Boeing Company,Carl Dean,2002-12-12,2002-05-29,2001-06-01,,WO2002099769A1,https://patents.google.com/patent/WO2002099769A1/en,https://patentimages.storage.googleapis.com/1f/b7/6b/358ce596c16a45/WO2002099769A1.pdf,A-Baseline,General Infrastructure,ALL,automated classification customs,automated classification customs,None (fallback)
patent/CA2961228A1/en,Wearable device to faciliate mindfulness practices with brain activity analyzer …,"PROVISIONAL PATENT APPLICATION Sidney GOIAME jean-Baptiste TUENN March 20th, 2017 Wearable device to facilitate mindfulness practices with brain activity analyzer and brain stimulator, and methods thereof ABSTRACT Aweaxable device to facilitate mindfulness practices with brain activity analyzer and …",Sidney Goiame,Sidney Goiame,2018-09-20,2017-03-20,2017-03-20,,CA2961228A1,https://patents.google.com/patent/CA2961228A1/en,https://patentimages.storage.googleapis.com/a3/fd/42/34dc067d196d9c/CA2961228A1.pdf,A-Baseline,General Infrastructure,ALL,automated classification customs,automated classification customs,None (fallback)
patent/KR20160149118A/en,Information exchange system between a plurality of terminals.,"(SNS) information included in the member information, mobile terminal membership information, mobile terminal information, net wallet marketing information, electronic commerce information, purchased article information, Membership information, membership information included in the payment …",Kwon Soon-Tae,권순태,2016-12-27,2015-06-17,2015-06-17,,KR20160149118A,https://patents.google.com/patent/KR20160149118A/en,https://patentimages.storage.googleapis.com/41/f4/ef/920b55c404f123/KR20160149118A.pdf,A-Baseline,General Infrastructure,ALL,automated classification customs,automated classification customs,None (fallback)
patent/KR20160149119A/en,Information exchange system between a plurality of terminals.,"(SNS) information included in the member information, mobile terminal membership information, mobile terminal information, net wallet marketing information, electronic commerce information, purchased article information, Membership information, membership information included in the payment …",Kwon Soon-Tae,권순태,2016-12-27,2015-06-17,2015-06-17,,KR20160149119A,https://patents.google.com/patent/KR20160149119A/en,https://patentimages.storage.googleapis.com/2e/4c/9b/80e75d78c090cf/KR20160149119A.pdf,A-Baseline,General Infrastructure,ALL,automated classification customs,automated classification customs,None (fallback)
patent/WO2005081963A2/en,Appliance for enterprise information integration and enterprise resource …,"The invention provides apparatus, platforms and methods according to the invention provide a surveillance, monitoring and real-time events platform to (i) enable the integration and communication of information between government agencies and organizations specifically tasked with ensuring the …","Metatomix, Inc.",Robert F. Angelo,2005-09-09,2005-02-23,2004-02-23,,WO2005081963A2,https://patents.google.com/patent/WO2005081963A2/en,https://patentimages.storage.googleapis.com/9d/84/36/0ff96caba18a41/WO2005081963A2.pdf,A-Baseline,General Infrastructure,ALL,automated classification customs,automated classification customs,None (fallback)
patent/KR20070063514A/en,Identifier Theft Prevention and Notification System,"The verification interface 60 can be provided by the API or through a web site hosted by the server 26. The verification interface 60 has an identifier number entry box 62, a message entry box 64, a status box 66, and is supported by the encryption module 30. The interfaces 50, 60 shown in the …",Id Alert Inc.,존 에이. 윌리스,2007-06-19,2005-08-19,2004-08-20,,KR20070063514A,https://patents.google.com/patent/KR20070063514A/en,https://patentimages.storage.googleapis.com/3a/e2/4a/cccea32523fd8f/KR20070063514A.pdf,A-Baseline,General Infrastructure,ALL,automated classification customs,automated classification customs,None (fallback)
patent/KR20170087283A/en,Information exchange system between a plurality of terminals.,"(SNS) information included in the member information, mobile terminal membership information, mobile terminal information, net wallet marketing information, electronic commerce information, purchased article information, Membership information, membership information included in the payment …",Kwon Soon-Tae,권순태,2017-07-28,2016-01-20,2016-01-20,,KR20170087283A,https://patents.google.com/patent/KR20170087283A/en,https://patentimages.storage.googleapis.com/85/7c/b5/e2bc13e7b91ebb/KR20170087283A.pdf,A-Baseline,General Infrastructure,ALL,automated classification customs,automated classification customs,None (fallback)
patent/KR20170087277A/en,Information exchange system between a plurality of terminals.,"(SNS) information included in the member information, mobile terminal membership information, mobile terminal information, net wallet marketing information, electronic commerce information, purchased article information, Membership information, membership information included in the payment …",Kwon Soon-Tae,권순태,2017-07-28,2016-01-20,2016-01-20,,KR20170087277A,https://patents.google.com/patent/KR20170087277A/en,https://patentimages.storage.googleapis.com/73/4d/55/308f0d103300af/KR20170087277A.pdf,A-Baseline,General Infrastructure,ALL,automated classification customs,automated classification customs,None (fallback)
patent/CN101015166A/en,Identity Theft Protection and Notification System,"Data stored by alarm system 14 is preferably stored in a storage device such as database 40 shown in FIG. 4 . Preferably, encrypted output 36 is stored with indicator 42 and associated contact information 38 . Hereinafter, this set of information is referred to as an entry 44 . The contact …",Id Alert Inc.,约翰·A·威利斯,2007-08-08,2005-08-19,2004-08-20,,CN101015166A,https://patents.google.com/patent/CN101015166A/en,https://patentimages.storage.googleapis.com/20/7d/1c/6f55fe8374dad3/CN101015166A.pdf,A-Baseline,General Infrastructure,ALL,automated classification customs,automated classification customs,None (fallback)
patent/WO2023219162A1/en,"Sensing device, method for manufacturing sensing device, and sensing system","However, it is important to note that quality assurance evaluation items are limited to management of customs and process conditions (for example, heating at 100°C for 2 minutes, annealing at room temperature for 1 hour after printing, etc.) There are many cases where no analysis has been performed …",Konica Minolta Inc.,倫生 泉,2023-11-16,2023-05-12,2022-05-13,,WO2023219162A1,https://patents.google.com/patent/WO2023219162A1/en,https://patentimages.storage.googleapis.com/63/6a/91/249199c6976b8a/WO2023219162A1.pdf,A-Baseline,General Infrastructure,ALL,automated classification customs,automated classification customs,None (fallback)
patent/AU2002362949A1/en,System and method for reinsurance placement,14. A method for facilitating preparation of a reinsurance renewal package by a cedent through a computer user interface comprising: prompting for entry of risk data; receiving the risk data; storing the risk data on a server; providing access to the risk data to perform offline calculations …,Swiss Reinsurance Company,Sylvia Steinmann,2003-07-03,2002-10-10,2001-10-12,,AU2002362949A1,https://patents.google.com/patent/AU2002362949A1/en,,A-Baseline,General Infrastructure,ALL,automated classification customs,automated classification customs,None (fallback)
patent/KR20210045369A/en,The air car electric(Generator),"The electric twin turbine generator is a customs clearance pinion gear at the side center of the duct turbine and the electric twin turbine generator forms a gear on a bi-directional motor under the side center of the duct turbine, and the two electric twin turbine generators at the front and rear …",Kim Yong-Won,김용원,2021-04-26,2021-03-31,2021-03-31,,KR20210045369A,https://patents.google.com/patent/KR20210045369A/en,https://patentimages.storage.googleapis.com/77/02/86/6e5900e071af4a/KR20210045369A.pdf,A-Baseline,General Infrastructure,ALL,automated classification customs,automated classification customs,None (fallback)
patent/WO2023061516A1/en,"Preventive system for detecting the theft of an electric cable, telephone cable …","The present invention relates to a preventive system for detecting the theft of an electric cable, telephone cable, power meter (electricity meter) and breaker. It consists of an electric and electronic device that is integrated in the electric and telephone distribution networks with the purpose …",Arias Vargas Vidal,Vidal ARIAS VARGAS,2023-04-20,2021-11-05,2021-10-14,,WO2023061516A1,https://patents.google.com/patent/WO2023061516A1/en,https://patentimages.storage.googleapis.com/32/93/32/42a5aeca35b961/WO2023061516A1.pdf,A-Baseline,General Infrastructure,ALL,automated classification customs,automated classification customs,None (fallback)
patent/KR20220056835A/en,An aqua bicycle equipped with 3 air thrusters that combines an air pump and an …,"… (bl), 1st floor (1p) lower bed (b2), air intake fallopian tube (4i) , shelf (s) frame (sf), amoled LCD monitor (am), first floor (1p) ceiling (c), frame (cf), generator case (G), shaft (80), pedal (10), motor ( M1), BB shaft (bb), ,water tank (wt), diverter (c) top plate (up), quadrilateral customs …",Kim Yong-Won,김용원,2022-05-06,2022-04-18,2022-04-18,,KR20220056835A,https://patents.google.com/patent/KR20220056835A/en,https://patentimages.storage.googleapis.com/f5/eb/f2/00a7fba507e585/KR20220056835A.pdf,A-Baseline,General Infrastructure,ALL,automated classification customs,automated classification customs,None (fallback)
patent/HK1259921A1/en,Dynamic reverse gas stack model for portable chemical detection devices to …,"1. A system, comprising: a molecular detector adapted to generate information indicative of the presence of one or more target molecules based on one or more samples of an environment; a positioning system configured to generate location information representative of one or more locations, each of …",University Of North Texas,古伊德·富兰朵林·弗尔贝克四世,2019-12-06,2016-10-12,2015-10-19,,HK1259921A1,https://patents.google.com/patent/HK1259921A1/en,https://patentimages.storage.googleapis.com/6b/3f/db/60336a15a6a999/HK1259921A1.pdf,A-Baseline,General Infrastructure,ALL,automated classification customs,automated classification customs,None (fallback)
patent/US20200107143A1/en,"System, method, and apparatus for providing interpretive communication on a …","In the travel industry this “point-of-sale” service may be utilized by airlines, rental car operations, hotels, cruise operators and the like. It has direct application for point-of-entry interpreting for immigration desks, customs officials and transport operators. In the education sector it …",Robert Glen Klinefelter,Robert Glen Klinefelter,2020-04-02,2019-12-02,2001-10-25,,US20200107143A1,https://patents.google.com/patent/US20200107143A1/en,https://patentimages.storage.googleapis.com/a6/58/46/3a019fa9cec673/US20200107143A1.pdf,A-Baseline,General Infrastructure,ALL,automated classification customs,automated classification customs,None (fallback)
patent/RU2817309C2/en,Method of balneotherapy for patients with osteoarthritis with concomitant …,"In terms of organoleptic and physico-chemical indicators, the panto-salt concentrate for baths meets the regulatory requirements of the Technical Regulations of the Customs Union TP CU 009/2011. All raw materials used for the production of panto-salt concentrate comply with the requirements of …","Федеральное государственное бюджетное учреждение ""Федеральный научно- …",Ирина Николаевна Смирнова,2024-04-15,2021-10-25,,2024-04-15,RU2817309C2,https://patents.google.com/patent/RU2817309C2/en,https://patentimages.storage.googleapis.com/98/0d/77/de08499aefd4fc/RU2817309C2.pdf,A-Baseline,General Infrastructure,ALL,automated classification customs,automated classification customs,None (fallback)
patent/FR3101874A1/en,Efficient Photo-Modulation of the Luminescence of Lanthanide (III) Ions in the …,"… Trends in Trade in Counterfeit and Pirated Goods ”, the 2019 report by the OECD (the Organization for Economic Co-operation and Development) and the Office of Intellectual Property of the European Union estimates at 509 billion dollars the value of counterfeits imported worldwide, based on customs …",Universite De Rennes 1,Stéphane RIGAUT,2021-04-16,2019-10-15,2019-10-15,,FR3101874A1,https://patents.google.com/patent/FR3101874A1/en,https://patentimages.storage.googleapis.com/47/2a/b5/64423c546f806c/FR3101874A1.pdf,A-Baseline,General Infrastructure,ALL,automated classification customs,automated classification customs,None (fallback)
patent/KR20240139284A/en,Integrated support system and method for import and export management,"A customer page section (340) that provides electronic preparation of export and import documents and electronic data interchange (EDI) document management tools, and provides functions for checking the status of each customs clearance procedure, checking related EDI documents, and managing …",주식회사 레인디어스,정승연,2024-09-23,2023-03-14,2023-03-14,,KR20240139284A,https://patents.google.com/patent/KR20240139284A/en,https://patentimages.storage.googleapis.com/1d/ba/6c/b89c2566241f06/KR20240139284A.pdf,A-Baseline,General Infrastructure,ALL,automated classification customs,automated classification customs,None (fallback)
patent/US20240394837A1/en,Method for correcting image by device and device therefor,"… description are selected, as much as possible, from general terms that are widely used at present while taking into consideration the functions obtained in accordance with the embodiments, these terms may be replaced by other terms based on intentions of one of ordinary skill in the art, customs, …","Samsung Electronics Co., Ltd.",Sung-Hoon Kim,2024-11-28,2024-08-01,2016-11-08,,US20240394837A1,https://patents.google.com/patent/US20240394837A1/en,https://patentimages.storage.googleapis.com/44/f2/26/b3b4c330720d8d/US20240394837A1.pdf,A-Baseline,General Infrastructure,ALL,automated classification customs,automated classification customs,None (fallback)
patent/WO2023225465A2/en,Autoflowering genes,"Provided herein is the identification and markers and causal genes associated with day-neutral autoflowering in plants and their use in selecting plants, including Cannabis plants, having autoflowering activity. The markers are useful for breeding autoflowering plants by obtaining nucleic acids, …","Phylos Bioscience, Inc.",Erica BAKKER,2023-11-23,2023-05-13,2022-05-16,,WO2023225465A2,https://patents.google.com/patent/WO2023225465A2/en,https://patentimages.storage.googleapis.com/b8/34/f7/aa79dd397dc8f5/WO2023225465A2.pdf,A-Baseline,General Infrastructure,ALL,automated classification customs,automated classification customs,None (fallback)
patent/HK40074694A/en,Apparatus and method for determination of banned substances,"… may consume such chemicals. Deterministic analysis is performed at the laboratory, including the use of some means to identify drugs used by suspects, and for sample preparation, storage, and transport to the corresponding central laboratory using cargo entry points and secure transport facilities.",Tallinn University Of Technology,J‧马齐纳-辛卡尔,2023-01-06,2020-08-31,2019-08-30,,HK40074694A,https://patents.google.com/patent/HK40074694A/en,https://patentimages.storage.googleapis.com/f4/1f/e1/1651f991ce3762/HK40074694A.pdf,A-Baseline,General Infrastructure,ALL,automated classification customs,automated classification customs,None (fallback)
patent/RU2847174C1/en,Method of ensuring information confidentiality in heterogeneous large-scale …,"Classification of automated systems and requirements for the protection of information: approved by the decision of the Chairman of the State Customs Committee under the President of the Russian Federation dated 30.03.1992 // FSTEC of Russia, 1992. - 25 p.; Requirements for the protection of …",федеральное государственное казенное военное образовательное учреждение высшего …,Даниил Олегович Ларин,2025-09-29,2025-05-12,,2025-09-29,RU2847174C1,https://patents.google.com/patent/RU2847174C1/en,,A-Baseline,General Infrastructure,ALL,automated classification customs,automated classification customs,None (fallback)
patent/WO2025184562A1/en,Genetic markers for plant height,"Provided are genetic markers associated with modified plant height in Cannabis. The genetic markers are useful, for example, for identifying, selecting, and/or breeding Cannabis plants having modified plant height. Also provided are genes conferring modified plant height in Cannabis.","Phylos Bioscience, Inc.",Erica BAKKER,2025-09-04,2025-02-28,2024-03-01,,WO2025184562A1,https://patents.google.com/patent/WO2025184562A1/en,,A-Baseline,General Infrastructure,ALL,automated classification customs,automated classification customs,None (fallback)
patent/WO2025143900A1/en,Method and device for transmitting/receiving paging information in satellite …,"… for the sake of clarity and conciseness. Terms described below are terms defined in consideration of functions in the disclosure, which may vary according to intentions or customs of users and providers. Therefore, the definition should be made based on the content throughout this specification.","Samsung Electronics Co., Ltd.",Sungjin Park,2025-07-03,2024-12-27,2023-12-27,,WO2025143900A1,https://patents.google.com/patent/WO2025143900A1/en,https://patentimages.storage.googleapis.com/95/4e/ec/9689f5bee15c0f/WO2025143900A1.pdf,A-Baseline,General Infrastructure,ALL,automated classification customs,automated classification customs,None (fallback)
patent/RU2740266C1/en,Method of treating posture disorders,"TOP techniques include a group of psychotherapeutic methods aimed at studying the body, exploring how needs, desires and feelings manifest themselves in various bodily states, and teaching ways to solve problems using bodywork techniques. The action of TOC methods often turns out to be more careful …",Федеральное государственное бюджетное учреждение «Национальный медицинский …,Андрей Петрович Рачин,2021-01-12,2020-06-02,2020-06-02,2021-01-12,RU2740266C1,https://patents.google.com/patent/RU2740266C1/en,https://patentimages.storage.googleapis.com/1c/3a/26/1e73d231be16ae/RU2740266C1.pdf,A-Baseline,General Infrastructure,ALL,automated classification customs,automated classification customs,None (fallback)
patent/CN1254429A/en,Invoice purchase order system,", because bank thinks that this satellite information is that additional detail and the uniform customs (UCP) that are used for the granting of managerial credit card do not need these information, so the user of the letter of credit (client) has just limited the quantity of information about …",Citibank N.A.,特里萨·M·格林,2000-05-24,1997-02-07,1996-02-09,,CN1254429A,https://patents.google.com/patent/CN1254429A/en,https://patentimages.storage.googleapis.com/42/20/d5/24fa5b75b3314e/CN1254429A.pdf,A-Baseline,General Infrastructure,ALL,automated classification customs,automated classification customs,None (fallback)
patent/US20240117450A1/en,Powdery mildew markers for cannabis,"Provided herein is the identification of markers and genes associated with powdery mildew susceptibility and resistance in Cannabis . The markers are useful for breeding Cannabis plants having resistance to powdery mildew, and methods for selecting plants by obtaining nucleic acids and detecting …","Phylos Bioscience, Inc.",Erica Bakker,2024-04-11,2022-02-04,2021-02-09,,US20240117450A1,https://patents.google.com/patent/US20240117450A1/en,https://patentimages.storage.googleapis.com/1a/7a/3d/97c4b68a1fbd5e/US20240117450A1.pdf,A-Baseline,General Infrastructure,ALL,automated classification customs,automated classification customs,None (fallback)
patent/WO2023137336A1/en,Hermaphroditism markers,"Provided herein is the identification of markers and genes associated with hermaphroditism susceptibility and resistance in Cannabis. The markers are useful for breeding Cannabis plants having resistance to hermaphroditism, and methods for selecting plants by obtaining nucleic acids and detecting …","Phylos Bioscience, Inc.",Erica BAKKER,2023-07-20,2023-01-11,2022-01-11,,WO2023137336A1,https://patents.google.com/patent/WO2023137336A1/en,https://patentimages.storage.googleapis.com/bb/85/16/36bacf4055cb59/WO2023137336A1.pdf,A-Baseline,General Infrastructure,ALL,automated classification customs,automated classification customs,None (fallback)
patent/EP4496413A1/en,Method and device for scheduling multiple shared channels in wireless …,"… it is determined that the description may make the subject matter of the disclosure unnecessarily unclear. The terms which will be described below are terms defined in consideration of the functions in the disclosure, and may be different according to users, intentions of the users, or customs.","Samsung Electronics Co., Ltd",Jaeyeon SHIM,2025-01-22,2023-04-19,2022-04-22,,EP4496413A1,https://patents.google.com/patent/EP4496413A1/en,https://patentimages.storage.googleapis.com/2e/52/d7/14c8f09894996a/EP4496413A1.pdf,A-Baseline,General Infrastructure,ALL,automated classification customs,automated classification customs,None (fallback)
patent/CN115010548A/en,Special biological compound fertilizer applied to pear fire germ antagonistic …,"Background technique Fire blight of pear is a devastating bacterial disease caused by Erwinia amylovora, and the pathogen is an entry quarantine pest in my country. The flowers, leaves and branches infected by Pear Blight appear black and dry, and look like fire, hence the name of the disease.",新疆惠森生物技术有限公司,王心歌,2022-09-06,2022-04-07,2022-04-07,,CN115010548A,https://patents.google.com/patent/CN115010548A/en,https://patentimages.storage.googleapis.com/21/6c/32/301357e04880f0/CN115010548A.pdf,A-Baseline,General Infrastructure,ALL,automated classification customs,automated classification customs,None (fallback)
patent/KR20230060081A/en,oyster gratin with cream sauce and its manufacturing method thereof,"In addition, the terminology used in this specification is a term used to appropriately express a preferred embodiment of the present invention, which may vary according to the intention of a user or operator or customs in the field to which the present invention belongs. Therefore, definitions of …",삼삼물산주식회사,김진수,2023-05-04,2021-10-27,2021-10-27,,KR20230060081A,https://patents.google.com/patent/KR20230060081A/en,https://patentimages.storage.googleapis.com/0c/70/e3/a5ba0105e9ec7c/KR20230060081A.pdf,A-Baseline,General Infrastructure,ALL,automated classification customs,automated classification customs,None (fallback)
patent/US10073979B2/en,"Method, system, and program for an improved enterprise spatial system","filtering the data set using a data filter in the layer definition table entry. 3. The method of claim 1 , further comprising: rendering the data set using a rendering specification. 4. The method of claim 1 , further comprising: obtaining access credentials from the layer definition table entry to …","The Paradigm Alliance, Inc.",Tim A. von Kaenel,2018-09-11,2015-02-06,2002-03-16,2018-09-11,US10073979B2,https://patents.google.com/patent/US10073979B2/en,https://patentimages.storage.googleapis.com/6d/95/98/c51e8544e80339/US10073979.pdf,A-Baseline,General Infrastructure,ALL,customs clearance system,customs clearance system,None (fallback)
patent/EP3320427B1/en,Device and processing architecture for instruction memory efficiency,"in response to the resource available signal, entering the instruction data as an entry of at least one queue for computational resources to execute the instruction data to generate instruction results, the queue advancing to a next entry, if available, when the instruction data is dispatched from …","Huawei Technologies Co., Ltd.",John Edward Vincent,2021-03-31,2016-04-28,2015-08-26,2021-03-31,EP3320427B1,https://patents.google.com/patent/EP3320427B1/en,https://patentimages.storage.googleapis.com/4c/32/fc/edbd5ae72df398/EP3320427B1.pdf,A-Baseline,General Infrastructure,ALL,customs clearance system,customs clearance system,None (fallback)
patent/US11886464B1/en,Triage model in service monitoring system,Machine data of an operating environment is conveyed by a network to a data intake and query system (DIQS) which reflects the machine data as timestamped entries of a field-searchable datastore. Monitoring functionality may search the machine data to identify notable event instances. A notable …,Splunk Inc.,Adam Jamison Oliner,2024-01-30,2023-01-23,2016-09-26,2024-01-30,US11886464B1,https://patents.google.com/patent/US11886464B1/en,https://patentimages.storage.googleapis.com/b3/e8/5a/d40e0071c572a3/US11886464.pdf,A-Baseline,General Infrastructure,ALL,customs clearance system,customs clearance system,None (fallback)
patent/US20250315454A1/en,User interface for technology add-on content,"Determining a set of extraction rules include clustering event segments into at least a first group of event segments, and determining, using first field data in the first group of event segments, a first set of extraction rules for extracting the first field data from each event segment of the …",Splunk Llc,Li Li,2025-10-09,2025-06-20,2016-03-31,,US20250315454A1,https://patents.google.com/patent/US20250315454A1/en,,A-Baseline,General Infrastructure,ALL,customs clearance system,customs clearance system,None (fallback)
patent/CN109070082B/en,"Modular Organ Microphysiology System with Integrated Pumping, Leveling, and …","Fig. 22A, 22B and 22C show a continuous time course development of a spillway with a V-shaped inlet geometry (cross-sectional side view), from initial fluid front entry into the conduit (fig. 22A) to fluid front migration along the conduit (fig. 22B) and fluid accumulation in the conduit (fig. 22C) …",Massachusetts Institute Of Technology,L·格里菲思,2021-10-15,2017-02-06,2016-02-04,2021-10-15,CN109070082B,https://patents.google.com/patent/CN109070082B/en,https://patentimages.storage.googleapis.com/57/72/62/e5337d07220aa6/CN109070082B.pdf,A-Baseline,General Infrastructure,ALL,customs clearance system,customs clearance system,None (fallback)
patent/US10071308B2/en,System and method for capturing text for an online application,"a webserver configured to communicate with the video game hosting service, a text capture program code on the webserver is configured to provide a data entry field for receiving text input from a second client device over the network, the text capture program code configured to communicate the text …",Sony Interactive Entertainment America Llc,Stephen G. Perlman,2018-09-11,2017-06-05,2002-12-10,2018-09-11,US10071308B2,https://patents.google.com/patent/US10071308B2/en,https://patentimages.storage.googleapis.com/53/b1/5a/863f4ebaadff11/US10071308.pdf,A-Baseline,General Infrastructure,ALL,customs clearance system,customs clearance system,None (fallback)
patent/JP7541062B2/en,Consumables data integrated management system and platform,"The invention also relates to another lid adapted for attachment to a reagent container to allow entry and exit of a probe and including a top surface, the top surface including a pattern of cuts separating the top surface into segments, the segments bending downwards as the probe enters the …",メソ スケール テクノロジーズ エルエルシー,コチャー、マニシュ,2024-08-27,2022-10-13,2015-07-23,2024-08-27,JP7541062B2,https://patents.google.com/patent/JP7541062B2/en,https://patentimages.storage.googleapis.com/f9/0d/c0/dff665d5a78575/JP7541062B2.pdf,A-Baseline,General Infrastructure,ALL,customs clearance system,customs clearance system,None (fallback)
patent/AU2016203542B2/en,A Method To Produce A Highly Concentrated Immunoglobulin Preparation For …,The present invention relates to a new and improved method for preparing a highly concentrated immunoglobulin composition from pooled plasma for subcutaneous injection. A composition comprising 20% or more immunoglobulin suitable for subcutaneous use is also described.,Takeda Pharmaceutical Company Limited,Theresa Friederike Bauer,2018-02-15,2016-05-30,2009-05-27,2018-02-15,AU2016203542B2,https://patents.google.com/patent/AU2016203542B2/en,https://patentimages.storage.googleapis.com/2f/50/4f/837c55dc68b7cc/AU2016203542B2.pdf,A-Baseline,General Infrastructure,ALL,customs clearance system,customs clearance system,None (fallback)
patent/US10101391B2/en,Adapter circuitry with link and system interfaces to core circuitry,"is a timing diagram of SScan2 Format with CDX Activation; FIG. 141 is a timing diagram of SScan2 Transaction, Type 0 with Shift Entry from Exit State; FIG. 142 is a timing diagram of SScan2 Transaction, Type 1 with Shift Entry from Exit State; FIG. 143 is a timing diagram of SScan2 Transaction, …",Texas Instruments Incorporated,Gary L. Swoboda,2018-10-16,2018-02-23,2005-03-21,2018-10-16,US10101391B2,https://patents.google.com/patent/US10101391B2/en,https://patentimages.storage.googleapis.com/2c/4f/7d/5f45b861a07a0e/US10101391.pdf,A-Baseline,General Infrastructure,ALL,customs clearance system,customs clearance system,None (fallback)
patent/US20210317406A1/en,Gene targets for t-cell-based immunotherapy,"Shown is the red fluorescence channel, for representative wells, as annotated at bottom left of each panel. Scale bar is 500 um. Section C: Clearance of A375 by antigen-specific CD8 T cells after 36 hours. Values are normalized to A375 cell counts in wells with no T cells. Horizontal lines are mean …",The Regents Of The University Of California,Alexander Marson,2021-10-14,2019-07-09,2018-07-09,,US20210317406A1,https://patents.google.com/patent/US20210317406A1/en,https://patentimages.storage.googleapis.com/eb/b1/76/151b125a378566/US20210317406A1.pdf,A-Baseline,General Infrastructure,ALL,customs clearance system,customs clearance system,None (fallback)
patent/US11546448B2/en,System and method for data compression based on data position in frames …,"Method and system for lossless and stateless compression scheme is used with a fixed-length data such as frames. Frames having a payload of M bits length are mapped into a payload of N bits length, where N<M. The N bits payload of each received frame is extracted, and mapped using a memory, PLD, …",Arilou Information Security Technologies Ltd.,Avraham Entelis,2023-01-03,2022-03-19,2019-01-20,2023-01-03,US11546448B2,https://patents.google.com/patent/US11546448B2/en,https://patentimages.storage.googleapis.com/b9/d4/4b/eb08c89e82f29f/US11546448.pdf,A-Baseline,General Infrastructure,ALL,customs clearance system,customs clearance system,None (fallback)
patent/AU2016262739B2/en,"Devices, systems, and methods associated with analyte monitoring devices and …","Analyte monitoring systems, devices, and methods associated with analyte monitoring devices, and devices incorporating the same are provided. Various graphical user interfaces (GUI) and navigation flows are provided for performing various features, activities, functions, etc., associated with the …",Abbott Diabetes Care Inc.,Timothy C. Dunn,2018-11-15,2016-11-24,2011-02-28,2018-11-15,AU2016262739B2,https://patents.google.com/patent/AU2016262739B2/en,https://patentimages.storage.googleapis.com/8f/0f/cd/349b077216da65/AU2016262739B2.pdf,A-Baseline,General Infrastructure,ALL,customs clearance system,customs clearance system,None (fallback)
patent/US11896840B2/en,Devices and methods for light delivery,"CROSS-REFERENCE TO RELATED APPLICATIONS This application is a continuation application of U.S. patent application Ser. No. 17/056,094, filed Nov. 17, 2020, now allowed, which is a U.S. national entry of PCT Patent Application Serial No. PCT/US2019/032831, filed May 17, 2019, which itself claims …",Northwestern University,Shuai Xu,2024-02-13,2022-11-30,2018-05-18,2024-02-13,US11896840B2,https://patents.google.com/patent/US11896840B2/en,https://patentimages.storage.googleapis.com/df/f8/c1/367a8a89b1c658/US11896840.pdf,A-Baseline,General Infrastructure,ALL,customs clearance system,customs clearance system,None (fallback)
patent/US10585955B2/en,System and method for providing an information-centric application,"… , updates to the status of a record, as well as the creation of the record itself. Some records are publicly accessible, such that any user can follow the record, while other records are private, for which appropriate security clearance/permissions are a prerequisite to a user following the record.","Salesforce.Com, Inc.",John Wookey,2020-03-10,2016-07-28,2012-07-30,2020-03-10,US10585955B2,https://patents.google.com/patent/US10585955B2/en,https://patentimages.storage.googleapis.com/d5/c6/56/52b942586fc561/US10585955.pdf,A-Baseline,General Infrastructure,ALL,customs clearance system,customs clearance system,None (fallback)
patent/US20200242708A1/en,Computer implemented methods and apparatus for informing a user of social …,"… , updates to the status of a record, as well as the creation of the record itself. Some records are publicly accessible, such that any user can follow the record, while other records are private, for which appropriate security clearance/permissions are a prerequisite to a user following the record.","Salesforce.Com, Inc.",Elena Schneider,2020-07-30,2020-04-16,2011-10-10,,US20200242708A1,https://patents.google.com/patent/US20200242708A1/en,https://patentimages.storage.googleapis.com/1c/dc/c1/24037501b25d91/US20200242708A1.pdf,A-Baseline,General Infrastructure,ALL,customs clearance system,customs clearance system,None (fallback)
patent/ES2970458T3/en,Editing a database while previewing a virtual web page,"The disclosed embodiments relate to updating a back-end database containing data sets that populate a plurality of web pages of a website. The operations include receiving, through a user interface, a plurality of data elements; storing groups of at least one data item in a database; generating a …",Wix Com Ltd,Uval Blumenfeld,2024-05-28,2018-07-24,2017-07-24,2024-05-28,ES2970458T3,https://patents.google.com/patent/ES2970458T3/en,https://patentimages.storage.googleapis.com/fd/fd/fc/4b05c09eefe22e/ES2970458T3.pdf,A-Baseline,General Infrastructure,ALL,customs clearance system,customs clearance system,None (fallback)
patent/US10365971B1/en,System and method for event-driven live migration of multi-process applications,"A system, method, and computer readable medium for asynchronous live migration of applications between two or more servers. The computer readable medium includes computer-executable instructions for execution by a processing system. Primary applications runs on primary hosts and one or more …",Open Invention Network Llc,Allan Havemose,2019-07-30,2016-05-10,2005-08-26,2019-07-30,US10365971B1,https://patents.google.com/patent/US10365971B1/en,https://patentimages.storage.googleapis.com/3b/dd/97/38506e39c5a4bb/US10365971.pdf,A-Baseline,General Infrastructure,ALL,customs clearance system,customs clearance system,None (fallback)
patent/US10289459B1/en,System and method for event-driven live migration of multi-process applications,A system and method for event-driven live migration of applications between two or more servers. Primary applications runs on primary hosts and one or more replicated instances of each primary application run on one or more backup hosts. Event driven live migration is provided through a …,Open Invention Network Llc,Allan Havemose,2019-05-14,2016-05-27,2010-08-06,2019-05-14,US10289459B1,https://patents.google.com/patent/US10289459B1/en,https://patentimages.storage.googleapis.com/fc/42/78/ed8c573a9c2968/US10289459B1.pdf,A-Baseline,General Infrastructure,ALL,customs clearance system,customs clearance system,None (fallback)
patent/EP3745318A1/en,Training a neural network using selective weight updates,"In at least one embodiment, each item or entry has an embedding vector and a metadata entry (e.g., array entry) that corresponds to how recently said embedding vector has been updated. In at least one embodiment, each item has an associated metadata entry encoded as an integer that represents how …",Nvidia Corporation,Carl Case,2020-12-02,2020-05-04,2019-05-31,,EP3745318A1,https://patents.google.com/patent/EP3745318A1/en,https://patentimages.storage.googleapis.com/38/bf/fc/e5217044deffbd/EP3745318A1.pdf,A-Baseline,General Infrastructure,ALL,customs clearance system,customs clearance system,None (fallback)
patent/US12314024B2/en,Method for establishing a building automation system including installing a …,"A control system configurable by a configuration application and comprising one or more control processors, one or more gateways, a communication network, a portable electronic device executing the configuration application and one or more controllable devices wherein the controllable device is …","Creston Electronics, Inc.",Evan Robert Ackmann,2025-05-27,2022-09-16,2014-09-10,2025-05-27,US12314024B2,https://patents.google.com/patent/US12314024B2/en,https://patentimages.storage.googleapis.com/b1/c5/21/e96528ea407e99/US12314024B2.pdf,A-Baseline,General Infrastructure,ALL,customs clearance system,customs clearance system,None (fallback)
patent/US9898497B2/en,Validating coherency between multiple data sets between database transfers,A user interface may be designed to receive conflicting data from multiple data sources during a merger of legacy computer systems. The interface automatically validates the conflicting data against each other to generate a final data set for review. Summary information for each data set can be …,Oracle International Corporation,Lesvia Elena Ruiz Velazquez,2018-02-20,2015-03-31,2015-03-31,2018-02-20,US9898497B2,https://patents.google.com/patent/US9898497B2/en,https://patentimages.storage.googleapis.com/e7/32/d2/88f96667612610/US9898497.pdf,A-Baseline,General Infrastructure,ALL,customs clearance system,customs clearance system,None (fallback)
patent/US9823813B2/en,Apparatus and methods for performing an action on a database record,"… , updates to the status of a record, as well as the creation of the record itself. Some records are publicly accessible, such that any user can follow the record, while other records are private, for which appropriate security clearance/permissions are a prerequisite to a user following the record.","Salesforce.Com, Inc.",Scott D. Beechuk,2017-11-21,2014-11-10,2013-03-15,2017-11-21,US9823813B2,https://patents.google.com/patent/US9823813B2/en,https://patentimages.storage.googleapis.com/4f/f8/65/86050615f60df9/US9823813.pdf,A-Baseline,General Infrastructure,ALL,customs clearance system,customs clearance system,None (fallback)
patent/EP2748631B1/en,Ultrasound matrix inspection,"A method for performing ultrasound scanning of a conduit, comprising: providing an ultrasound array (200) having a plurality of ultrasound elements (202) arrayed substantially parallel to a longitudinal axis of the conduit (2); positioning the ultrasound array (200) to project ultrasound signals …",Ontario Power Generation Inc.,Raymond TEN GROTENHUIS,2019-05-01,2012-09-26,2011-09-26,2019-05-01,EP2748631B1,https://patents.google.com/patent/EP2748631B1/en,https://patentimages.storage.googleapis.com/8a/bc/0e/c655f9cec3299f/EP2748631B1.pdf,A-Baseline,General Infrastructure,ALL,customs clearance system,customs clearance system,None (fallback)
patent/EP3662066B1/en,Cellular models of and therapies for ocular diseases,"… sequence comprises an enhancer, optionally wherein the enhancer comprises a post-transcriptional regulatory element (PRE), an internal ribosome entry site (IRES), an intron regulatory sequence, a mini-intron splice donor/splice acceptor (SD-SA), or a constitutive transport element (CTE), or …",Reflection Biotechnologies Limited,Richard R. Yang,2024-06-05,2018-07-31,2017-07-31,2024-06-05,EP3662066B1,https://patents.google.com/patent/EP3662066B1/en,https://patentimages.storage.googleapis.com/dc/4e/6c/67f5c689edfcdc/EP3662066B1.pdf,A-Baseline,General Infrastructure,ALL,customs clearance system,customs clearance system,None (fallback)
patent/US11966426B2/en,Non-tabular datasource connector,"What is claimed is: 1. A method comprising: receiving, by a native data search and processing system, a plurality of attributes of a query in a native language of the native data search and processing system via a user interface configured to assist in building a query language statement;",Splunk Inc.,Frederick Dean De Boer,2024-04-23,2021-01-28,2018-01-31,2024-04-23,US11966426B2,https://patents.google.com/patent/US11966426B2/en,https://patentimages.storage.googleapis.com/8b/e9/a9/a877236617027e/US11966426.pdf,A-Baseline,General Infrastructure,ALL,customs clearance system,customs clearance system,None (fallback)
patent/US11423652B2/en,Adding beauty products to augmented reality tutorials,"illustrates a point of entry, in accordance with some embodiments. FIG. 8 illustrates an AR tutorial carousel, in accordance with some embodiments. FIG. 9 illustrates points of entry into AR tutorial, in accordance with some embodiments. FIG. 10 illustrates a point of entry, in accordance with some …",Snap Inc.,Christine Barron,2022-08-23,2021-01-22,2020-06-10,2022-08-23,US11423652B2,https://patents.google.com/patent/US11423652B2/en,https://patentimages.storage.googleapis.com/af/94/78/a188969c88577e/US11423652.pdf,A-Baseline,General Infrastructure,ALL,customs clearance system,customs clearance system,None (fallback)
patent/US11683874B2/en,Method and arrangements for multi-channel control,A device having a memory to store a setting for a load; an actuator to connect power to or disconnect power from the load; a user input device to adjust a first attribute of the load; a wireless communication interface to receive the setting; and a controller to generate a first control signal to …,"Leviton Manufacturing Co., Inc.",Kyle Cohen,2023-06-20,2020-09-09,2019-09-10,2023-06-20,US11683874B2,https://patents.google.com/patent/US11683874B2/en,https://patentimages.storage.googleapis.com/ff/50/0d/aa028501712dfb/US11683874.pdf,A-Baseline,General Infrastructure,ALL,customs clearance system,customs clearance system,None (fallback)
patent/EP3477502B1/en,Patching content across shared and tenant containers in multi-tenancy database …,"A system (400, 3200, 3300, 3400, 3500, 3600, 3700, 3800, 3900) comprising: an application (408) at a first software version; a shared database container (402, 3202, 3310, 3402), wherein the shared database container (402, 3202, 3310, 3402) includes shared content (3214, 3216, 3316, 3403) shared by …",Sap Se,Ulrich Auer,2022-08-17,2017-11-23,2017-10-26,2022-08-17,EP3477502B1,https://patents.google.com/patent/EP3477502B1/en,https://patentimages.storage.googleapis.com/ad/56/95/b99899e5e74e4f/EP3477502B1.pdf,A-Baseline,General Infrastructure,ALL,customs clearance system,customs clearance system,None (fallback)
patent/EP3477488B1/en,Deploying changes to key patterns in multi-tenancy database systems,"A system (2100, 5400) comprising a database system (2202,2222,2240) comprising: a current shared database container (2106, 2208, 5402) for storing data accessible to multiple tenants, the multiple tenants including a first tenant; a tenant database container (2108, 5412, 5440) for storing data for …",Sap Se,Uwe Schlarb,2020-11-18,2018-07-23,2017-10-26,2020-11-18,EP3477488B1,https://patents.google.com/patent/EP3477488B1/en,https://patentimages.storage.googleapis.com/b0/7c/57/dce1ca4f8a0bb4/EP3477488B1.pdf,A-Baseline,General Infrastructure,ALL,customs clearance system,customs clearance system,None (fallback)
patent/US9963145B2/en,Connected vehicle communication with processing alerts related to traffic …,"Methods and systems are provided. One method for processing communication between a vehicle and traffic lights is provided. The method includes processing geo-location for the vehicle using on-board electronics of the vehicle and data obtained from a global positioning system, and determining a …","Emerging Automotive, Llc",Angel A. Penilla,2018-05-08,2017-03-25,2012-04-22,2018-05-08,US9963145B2,https://patents.google.com/patent/US9963145B2/en,https://patentimages.storage.googleapis.com/81/d9/33/b9e7a3a2008363/US9963145.pdf,A-Baseline,General Infrastructure,ALL,customs clearance system,customs clearance system,None (fallback)
patent/US11964028B2/en,RNA nanoparticles and method of use thereof,shows confocal images showing strong binding and entry of pRNA-3WJ-FA nanoparticles into HT29 colon cancer cells. Magnification: 180×. FIG. 16 shows confocal images showing strong binding and entry of Cy5 labeled pRNA-3WJ-EpCAM aptamer constructs into HT29 colon cancer cells. The aptamer was …,University Of Kentucky Research Foundation,Peixuan Guo,2024-04-23,2020-11-09,2015-04-17,2024-04-23,US11964028B2,https://patents.google.com/patent/US11964028B2/en,https://patentimages.storage.googleapis.com/bb/77/e6/d022200aecd0f4/US11964028.pdf,A-Baseline,General Infrastructure,ALL,customs clearance system,customs clearance system,None (fallback)
patent/US11317995B2/en,Teeth repositioning systems and methods,"Systems and methods of repositioning teeth, using one or more appliances for installing on a patient's teeth are described. The appliance includes an arch shaped member; a plurality of spring members coupled to or provided on the arch shaped member; and a plurality of securing members for securing …","Brius Technologies, Inc.",Seyed Mehdi Roein Peikar,2022-05-03,2021-01-25,2015-12-06,2022-05-03,US11317995B2,https://patents.google.com/patent/US11317995B2/en,https://patentimages.storage.googleapis.com/88/eb/1e/bcc508921f5ae6/US11317995.pdf,A-Baseline,General Infrastructure,ALL,customs clearance system,customs clearance system,None (fallback)
patent/US12323524B2/en,"Social aggregating, fractionally efficient transfer guidance, conditional …",", in which the instantiated aggregated crypto 2-party transaction trigger entry unlock event is receipt of the first encrypted token and of the second encrypted token. 9. The apparatus of claim 1 , in which the determination that the instantiated aggregated crypto 2-party transaction trigger entry …",Fmr Llc,Timothy Lohe,2025-06-03,2021-04-22,2015-07-14,2025-06-03,US12323524B2,https://patents.google.com/patent/US12323524B2/en,https://patentimages.storage.googleapis.com/39/c9/2f/d4a15ec41a6b76/US12323524B2.pdf,A-Baseline,General Infrastructure,ALL,customs clearance system,customs clearance system,None (fallback)
patent/US11759186B2/en,Ductus side-entry and prosthetic disorder response systems,"and its accessory channel, that is, its supporting or adjuvant agent delivery line, or sideline 11 are connected by means of a ductus side-entry jacket to left anterior descending artery 2 . Chemical bonding can be to the analyte or through an intermediary substance having an inherent chemical …",David S. Goldsmith,David S. Goldsmith,2023-09-19,2018-06-08,2018-06-08,2023-09-19,US11759186B2,https://patents.google.com/patent/US11759186B2/en,https://patentimages.storage.googleapis.com/41/a6/ce/91189cfb9e2563/US11759186.pdf,A-Baseline,General Infrastructure,ALL,customs clearance system,customs clearance system,None (fallback)
patent/US11366686B1/en,Managing user data in a multitenant deployment,A multitenant deployment includes a computing cluster that executes multiple containerized instances of a software application. Each containerized instance is associated with one or more datastores that can be assigned to different tenants. A registry store maintains a mapping between tenants and …,Splunk Inc.,Ledio Ago,2022-06-21,2020-11-30,2017-09-25,2022-06-21,US11366686B1,https://patents.google.com/patent/US11366686B1/en,https://patentimages.storage.googleapis.com/b7/e8/35/a85fa3c0fc6a64/US11366686.pdf,A-Baseline,General Infrastructure,ALL,customs clearance system,customs clearance system,None (fallback)
patent/US11281211B2/en,"Driving control apparatus, driving control method, and program","The present disclosure relates to a driving control apparatus, a driving control method, and a program that can safety update a personalization function that has been learned to match habits and customs of each driver on the basis of a driving operation of a driver and detection results of various …",Sony Corporation,Kenta Kawamoto,2022-03-22,2016-09-16,2015-09-30,2022-03-22,US11281211B2,https://patents.google.com/patent/US11281211B2/en,https://patentimages.storage.googleapis.com/64/79/1e/d162d22d2934c4/US11281211.pdf,A-Baseline,General Infrastructure,ALL,customs clearance system,customs clearance system,None (fallback)
patent/US9892442B2/en,Data processing systems and methods for efficiently assessing the risk of …,"is a flow chart showing an example of a process performed by the Template Update Module. FIG. 10 is an example of a graphical user interface (GUI) showing a dialog that allows for entry of description information related to a privacy campaign. FIG. 11 is an example of a notification, generated by …","OneTrust, LLC",Kabir A. Barday,2018-02-13,2017-06-09,2016-04-01,2018-02-13,US9892442B2,https://patents.google.com/patent/US9892442B2/en,https://patentimages.storage.googleapis.com/52/f4/65/b3433444312468/US9892442.pdf,A-Baseline,General Infrastructure,ALL,customs clearance system,customs clearance system,None (fallback)
patent/US10176503B2/en,Data processing systems and methods for efficiently assessing the risk of …,"is a flow chart showing an example of a process performed by the Template Update Module. FIG. 10 is an example of a graphical user interface (GUI) showing a dialog that allows for entry of description information related to a privacy campaign. FIG. 11 is an example of a notification, generated by …","OneTrust, LLC",Kabir A. Barday,2019-01-08,2018-02-12,2016-04-01,2019-01-08,US10176503B2,https://patents.google.com/patent/US10176503B2/en,https://patentimages.storage.googleapis.com/83/eb/72/c255d629f4e0bd/US10176503.pdf,A-Baseline,General Infrastructure,ALL,customs clearance system,customs clearance system,None (fallback)
patent/CN115066681B/en,Music content generation,Techniques are disclosed relating to automatically generating new music content based on an image representation of an audio file. Techniques related to implementing audio techniques for real-time audio generation are also disclosed. Additional techniques are disclosed relating to implementing …,艾米有限公司,爱德华·巴拉萨尼亚,2025-05-30,2021-02-11,2020-02-11,2025-05-30,CN115066681B,https://patents.google.com/patent/CN115066681B/en,https://patentimages.storage.googleapis.com/6f/02/66/d367a98d3a2c62/CN115066681B.pdf,A-Baseline,General Infrastructure,ALL,customs clearance system,customs clearance system,None (fallback)
patent/US10812531B2/en,Metadata-based cloud security,"… a cross-application monitor in one implementation of the technology disclosed, showing in detail an extraction engine, a classification engine and a security engine. FIG. 1C is an exemplary event log entry that identifies content-level activity being performed via an API of a cloud service. FIG. 2A","Netskope, Inc.",Krishna Narayanaswamy,2020-10-20,2020-02-05,2016-03-11,2020-10-20,US10812531B2,https://patents.google.com/patent/US10812531B2/en,https://patentimages.storage.googleapis.com/a6/b4/e8/13064182e425bf/US10812531.pdf,A-Baseline,General Infrastructure,ALL,customs clearance system,customs clearance system,None (fallback)
patent/US10715552B2/en,Enabling user definition of anomaly action rules in a network security system,"storing, in a memory, an entry for each of a plurality of anomaly action rules including the anomaly action rule, each entry including an anomaly action rule name and an action of the anomaly action rule, an identifier of a user that created the anomaly action rule, or a point in time at which the …",Splunk Inc.,George TSIRONIS,2020-07-14,2017-04-30,2017-04-30,2020-07-14,US10715552B2,https://patents.google.com/patent/US10715552B2/en,https://patentimages.storage.googleapis.com/28/96/fe/7c2400c64da9a2/US10715552.pdf,A-Baseline,General Infrastructure,ALL,customs clearance system,customs clearance system,None (fallback)
patent/US11488147B2/en,"Computationally efficient transfer processing and auditing apparatuses, methods …",add the destination wallet address as a second row and column entry to the stored distance matrix datastructure representing a weighted graph of the plurality of transactions; add the transaction amount and the timestamp as an entry to the row corresponding to the source wallet address and the …,Fmr Llc,Xinxin Sheng,2022-11-01,2017-04-12,2015-07-14,2022-11-01,US11488147B2,https://patents.google.com/patent/US11488147B2/en,https://patentimages.storage.googleapis.com/e9/ee/74/317eda187f8c8c/US11488147.pdf,A-Baseline,General Infrastructure,ALL,customs clearance system,customs clearance system,None (fallback)
patent/CN106104619B/en,Biometric solution to enable high throughput fare payment and system entry,"18. The method of claim 1, wherein the entry point comprises an express entry point, the user includes a first user, and the controlled access area has a conventional entry point in addition to the express entry point, The method further includes: An objection token is sent to the quick entry point …",Mastercard International Incorporated,萨勒曼·H·赛义德,2020-01-21,2015-02-12,2014-02-12,2020-01-21,CN106104619B,https://patents.google.com/patent/CN106104619B/en,https://patentimages.storage.googleapis.com/b6/e3/e8/981182adf11c2a/CN106104619B.pdf,A-Baseline,General Infrastructure,ALL,customs clearance system,customs clearance system,None (fallback)
patent/US10667474B2/en,Identifying management zones in agricultural fields and generating planting …,FIG. 4 is a block diagram that illustrates a computer system 400 upon which an embodiment of the invention may be implemented. FIG. 5 depicts an example embodiment of a timeline view for data entry. FIG. 6 depicts an example embodiment of a spreadsheet view for data entry. FIG. 7 depicts an example …,The Climate Corporation,Emily Rowan,2020-06-02,2018-07-24,2016-11-16,2020-06-02,US10667474B2,https://patents.google.com/patent/US10667474B2/en,https://patentimages.storage.googleapis.com/62/ef/80/d6aad0025decab/US10667474.pdf,A-Baseline,General Infrastructure,ALL,customs clearance system,customs clearance system,None (fallback)
patent/EP3520018B1/en,Unified programming environment for programmable devices,"a programming unit (110) configured to receive a job control package (1418) having a security kernel (2620), an authentication list (2632), and a target payload (2354) and to authenticate a programmable device (128) by matching a serial number (512) of the programmable device (128) with an entry of …",Data I/O Corporation,Rajeev GULATI,2024-05-22,2017-09-28,2016-09-30,2024-05-22,EP3520018B1,https://patents.google.com/patent/EP3520018B1/en,https://patentimages.storage.googleapis.com/8d/24/10/7d2d0885f1dc42/EP3520018B1.pdf,A-Baseline,General Infrastructure,ALL,customs clearance system,customs clearance system,None (fallback)
patent/US12333402B2/en,Systems for self-organizing data collection and storage in a manufacturing …,"Systems for self-organizing data collection and storage in a manufacturing environment are disclosed. A system may include a data collector for handling a plurality of sensor inputs from sensors in the manufacturing system, wherein the plurality of sensor inputs is configured to sense at least one …","Strong Force Iot Portfolio 2016, Llc",Charles Howard Cella,2025-06-17,2022-12-02,2016-05-09,2025-06-17,US12333402B2,https://patents.google.com/patent/US12333402B2/en,https://patentimages.storage.googleapis.com/88/5d/64/63304b5bb0afa5/US12333402B2.pdf,A-Baseline,General Infrastructure,ALL,customs clearance system,customs clearance system,None (fallback)
patent/US11704102B2/en,"Systems and methods for exporting, publishing, browsing and installing on- …","In accordance with embodiments, there are provided mechanisms and methods for creating, exporting, viewing and testing, and importing custom applications in a multitenant database environment. These mechanisms and methods can enable embodiments to provide a vehicle for sharing applications across …","Salesforce, Inc.",David Brooks,2023-07-18,2022-03-21,2005-09-09,2023-07-18,US11704102B2,https://patents.google.com/patent/US11704102B2/en,https://patentimages.storage.googleapis.com/d9/c0/09/6d790135396e3d/US11704102.pdf,A-Baseline,General Infrastructure,ALL,customs clearance system,customs clearance system,None (fallback)
patent/US11409290B2/en,"Driving control apparatus, driving control method, and program","33 , a personalization function of the driver and supplies the function in autonomous driving mode. A personalization function is designed to reflect personal habits and customs in driving action. Therefore, as the action of each of the various components making up the vehicle body action section 33",Sony Corporation,Kenta Kawamoto,2022-08-09,2020-08-14,2015-09-30,2022-08-09,US11409290B2,https://patents.google.com/patent/US11409290B2/en,https://patentimages.storage.googleapis.com/2d/f0/6e/1ed6e1c1b78b28/US11409290.pdf,A-Baseline,General Infrastructure,ALL,customs clearance system,customs clearance system,None (fallback)
patent/US11384337B2/en,Closed process for expansion and gene editing of tumor infiltrating lymphocytes …,"The present invention provides improved and/or shortened methods for expanding TILs and producing therapeutic populations of TILs, including novel methods for expanding TIL populations in a closed system that lead to improved efficacy, improved phenotype, and increased metabolic health of the TILs …","Iovance Biotherapeutics, Inc.",Cecile Chartier-Courtaud,2022-07-12,2021-07-28,2018-04-27,2022-07-12,US11384337B2,https://patents.google.com/patent/US11384337B2/en,https://patentimages.storage.googleapis.com/5d/db/cf/452e7c49700a3a/US11384337.pdf,A-Baseline,General Infrastructure,ALL,customs clearance system,customs clearance system,None (fallback)
patent/US11923080B2/en,Medical monitoring system,Medical patient monitoring devices that have the capability of detecting the physical proximity of a clinician token are disclosed. The medical patient monitoring devices may be configured to perform a selected action when the presence of a clinician is detected. The selected action may be …,Masimo Corporation,Ammar Al-Ali,2024-03-05,2021-08-10,2009-03-04,2024-03-05,US11923080B2,https://patents.google.com/patent/US11923080B2/en,https://patentimages.storage.googleapis.com/7d/ff/45/eda703df5defb0/US11923080.pdf,A-Baseline,General Infrastructure,ALL,customs clearance system,customs clearance system,None (fallback)
patent/ES2847252T3/en,Procedures for modulating DNA repair results,"A computer-implemented procedure for designing a guide polynucleotide to predictably insert an adenine (A) or thymine (T) nucleotide into a cleavage site produced by Cas9-mediated DNA cleavage in a cell, the procedure comprising: selecting a target region in the DNA in the cell to be modified; and …",Caribou Biosciences Inc,Daniel Capurso,2021-08-02,2017-02-21,2016-02-22,2021-08-02,ES2847252T3,https://patents.google.com/patent/ES2847252T3/en,https://patentimages.storage.googleapis.com/d8/ca/77/d06e7747595b05/ES2847252T3.pdf,A-Baseline,General Infrastructure,ALL,customs clearance system,customs clearance system,None (fallback)
patent/US20190370615A1/en,State machine methods and apparatus comprising work unit transitions that …,… communication with the entity comprises at least one of: retrieving first information from the database; storing second information in the database; creating an electronic calendar entry relating to the entity; sending third information to the entity; receiving fourth information from the entity;,"Talla, Inc.",William Murphy,2019-12-05,2019-04-30,2016-10-31,,US20190370615A1,https://patents.google.com/patent/US20190370615A1/en,https://patentimages.storage.googleapis.com/82/6e/af/776d36d75e5993/US20190370615A1.pdf,A-Baseline,General Infrastructure,ALL,customs clearance system,customs clearance system,None (fallback)
patent/JP7708436B2/en,Compositions and methods for delivering nucleic acids to cells - Patents.com,"(a) Below: (i) a first heavy chain CDR consisting of the amino acid sequence of SEQ ID NO: 16, a second heavy chain CDR consisting of the amino acid sequence of SEQ ID NO: 17, and a third heavy chain CDR consisting of the amino acid sequence of SEQ ID NO: 18 , in combination with a first light …",Yale University,エリアス キジャーノ，,2025-07-15,2020-08-31,2019-08-30,2025-07-15,JP7708436B2,https://patents.google.com/patent/JP7708436B2/en,,A-Baseline,General Infrastructure,ALL,customs clearance system,customs clearance system,None (fallback)
patent/US20210164039A1/en,Method of in situ gene sequencing,"What is claimed is: 1 . A method for in situ gene sequencing of a target nucleic acid in a cell in an intact tissue, the method comprising: (a) contacting a fixed and permeabilized intact tissue with at least a pair of oligonucleotide primers under conditions to allow for specific hybridization,",The Board Of Trustees Of The Leland Stanford Junior University,Xiao Wang,2021-06-03,2019-04-04,2018-04-09,,US20210164039A1,https://patents.google.com/patent/US20210164039A1/en,https://patentimages.storage.googleapis.com/09/d2/c1/91612dd64f1715/US20210164039A1.pdf,A-Baseline,General Infrastructure,ALL,customs clearance system,customs clearance system,None (fallback)
patent/US10557676B2/en,Firearm ammunition availability detection system,"… a size of a cartridge of the second ammunition type. 19. The magazine of claim 15 , wherein the hardware processor is further configured to determine the count of cartridges by accessing an entry in the calibration table corresponding to the location of the follower. 20. The magazine of claim 15 , …","Maztech Industries, LLC",David Michael Masarik,2020-02-11,2019-03-08,2018-03-08,2020-02-11,US10557676B2,https://patents.google.com/patent/US10557676B2/en,https://patentimages.storage.googleapis.com/85/c0/d7/9ef66127b932b6/US10557676.pdf,A-Baseline,General Infrastructure,ALL,customs clearance system,customs clearance system,None (fallback)
patent/US11368575B2/en,Management of calls and media content associated with a caller on mobile …,"Call originator feedback may be gathered from members of a call group for a call originator. This feedback may be stored in a contact firewall data structure indexed by call originator identification information, where a contact firewall function can intercept a call to a member of the group when …","Vyng, Inc.",Paul Kats,2022-06-21,2019-10-21,2015-05-01,2022-06-21,US11368575B2,https://patents.google.com/patent/US11368575B2/en,https://patentimages.storage.googleapis.com/e2/9a/06/3b7620ff952dbd/US11368575.pdf,A-Baseline,General Infrastructure,ALL,customs clearance system,customs clearance system,None (fallback)
patent/AU2014342254B2/en,Near-infrared fluorescent contrast bioimaging agents and methods of use thereof,The instant invention provides near-infrared fluorescent biological contrast agents and methods of using them.,Beth Israel Deaconess Medical Center,Hak Soo Choi,2020-03-26,2014-10-30,2013-10-31,2020-03-26,AU2014342254B2,https://patents.google.com/patent/AU2014342254B2/en,https://patentimages.storage.googleapis.com/00/6d/5d/200b13e7b5e3f6/AU2014342254B2.pdf,A-Baseline,General Infrastructure,ALL,customs clearance system,customs clearance system,None (fallback)
patent/AU2016200707B2/en,Nanoparticle formulations with enhanced mucosal penetration,"For drug or gene delivery applications, therapeutic particles must be able to 1) achieve uniform distribution over the mucosal surface of interest, 15 as well as 2) cross the mucus barrier efficiently to avoid rapid mucus clearance and ensure effective delivery of their therapeutic payload to …",The Johns Hopkins University,Richard Cone,2017-04-20,2016-02-04,2012-01-19,2017-04-20,AU2016200707B2,https://patents.google.com/patent/AU2016200707B2/en,https://patentimages.storage.googleapis.com/0a/7a/14/9381368f55fc06/AU2016200707B2.pdf,A-Baseline,General Infrastructure,ALL,customs clearance system,customs clearance system,None (fallback)
patent/US10505856B2/en,Chassis controller,"Networks have traditionally been managed through low-level configuration of individual components. Network configurations often depend on the underlying network: for example, blocking a user's access with an access control list (“ACL”) entry requires knowing the user's current IP address. More …","Nicira, Inc.",Pankaj THAKKAR,2019-12-10,2018-02-28,2011-10-25,2019-12-10,US10505856B2,https://patents.google.com/patent/US10505856B2/en,https://patentimages.storage.googleapis.com/7d/db/bc/85322a04935cbd/US10505856.pdf,A-Baseline,General Infrastructure,ALL,customs clearance system,customs clearance system,None (fallback)
patent/US9081850B2/en,Sequential chain registry,… database table. FIG. 14 shows an exemplary instance of application of a DocString identifier. FIG. 15 is an embodiment of a data entry form for enabling an SCR database to receive data. FIG. 16 is a flow chart illustrating an example embodiment of a method to create a DocString identifier. FIG. 17,"SCR Technologies, Inc.",Randal B. Fischer,2015-07-14,2014-04-01,2010-08-27,2015-07-14,US9081850B2,https://patents.google.com/patent/US9081850B2/en,https://patentimages.storage.googleapis.com/34/e1/89/c3ecd6fb28a4e2/US9081850.pdf,A-Baseline,General Infrastructure,ALL,customs clearance system,customs clearance system,None (fallback)
patent/JP5938089B2/en,Conduit connection with sensing function,"(Item 34) A gasket disposed between the face seal member and the second coupling component, the gasket comprising: the surface sealing member and each of the second coupling components upon completion of the attachment tool; 34. The mounting tool of item 33, forming a zero clearance surface. (Item …",スウエイジロク・カンパニー,フランク アントン アーサー,2016-06-22,2014-12-09,2007-06-26,2016-06-22,JP5938089B2,https://patents.google.com/patent/JP5938089B2/en,https://patentimages.storage.googleapis.com/de/9d/c4/c9013efb29cfb1/JP5938089B2.pdf,A-Baseline,General Infrastructure,ALL,customs clearance system,customs clearance system,None (fallback)
patent/US10410475B2/en,"Apparatus, system, method, and computer-readable medium for casino card …","Apparatuses, systems, methods, and computer-readable media are disclosed for detecting, storing, and retrieving information about the composition of present and past hands of cards in a casino table game. The method includes causing a card-handling device to substantially automatically generate a …","Bally Gaming, Inc.",Attila Grauzer,2019-09-10,2018-03-19,2007-06-06,2019-09-10,US10410475B2,https://patents.google.com/patent/US10410475B2/en,https://patentimages.storage.googleapis.com/fb/6e/44/9d43ec5245f508/US10410475.pdf,A-Baseline,General Infrastructure,ALL,customs clearance system,customs clearance system,None (fallback)
patent/US11816140B1/en,Non-text machine data processing,"… storing, as a new entry in a text-based index, the at least one keyword derived from the textual annotation of the indexed text data with the associated URI to the storage location of the AN content corresponding with the particular segment, wherein the text-based index includes textual content.",Splunk Inc.,Adam Oliner,2023-11-14,2022-04-14,2016-07-29,2023-11-14,US11816140B1,https://patents.google.com/patent/US11816140B1/en,https://patentimages.storage.googleapis.com/10/b7/86/b82f222e3f295b/US11816140.pdf,A-Baseline,General Infrastructure,ALL,customs clearance system,customs clearance system,None (fallback)
patent/EP3151884B1/en,Drug delivery system and method of use,"A drug delivery system (100) comprising: a drug delivery device (602, 700, 800, 1700, 1800, 1900, 2000, 2100, 2200, 2300, 2400 2500, 2600, 2700, 2800, 2900, 3000, 3100) comprising a reservoir (604, 650, 712, 840, 1710, 1810, 1910, 2010, 2110, 2210, 2310, 2410, 2510, 2610, 2710, 2810, 2910), a …",Amgen Inc.,Ferry Tamtoro,2025-08-13,2015-06-03,2014-06-03,2025-08-13,EP3151884B1,https://patents.google.com/patent/EP3151884B1/en,,A-Baseline,General Infrastructure,ALL,customs clearance system,customs clearance system,None (fallback)
patent/US11636397B1/en,Graphical user interface for concurrent forecasting of multiple time series,"Embodiments of the present invention are directed to facilitating concurrent forecasting associating with multiple time series data sets. In accordance with aspects of the present disclosure, a request to perform a predictive analysis in association with multiple time series data sets is received.",Splunk Inc.,Manish Sainani,2023-04-25,2022-01-24,2016-01-29,2023-04-25,US11636397B1,https://patents.google.com/patent/US11636397B1/en,https://patentimages.storage.googleapis.com/c6/31/30/0a7080b82c90a5/US11636397.pdf,A-Baseline,General Infrastructure,ALL,customs clearance system,customs clearance system,None (fallback)
patent/US9384254B2/en,System and method for providing intra-process communication for an application …,"Systems and methods are provided for intra-process communication in a backup framework. A custom requester is registered with a framework configured to run and coordinate one or more requesters and one or more providers, wherein the framework provides an application programmer interface for the …","Actifio, Inc.",Uday TEKADE,2016-07-05,2013-06-18,2012-06-18,2016-07-05,US9384254B2,https://patents.google.com/patent/US9384254B2/en,https://patentimages.storage.googleapis.com/a1/c3/78/8b475caa2f1c0c/US9384254.pdf,A-Baseline,General Infrastructure,ALL,customs clearance system,customs clearance system,None (fallback)
patent/US11120344B2/en,Suggesting follow-up queries based on a follow-up recommendation machine …,"In various embodiments, a natural language (NL) application implements functionality that enables users to more effectively access various data storage systems based on NL requests. As described, the operations of the NL application are guided by, at least in part, on one or more templates and/or …",Splunk Inc.,Dipock Das,2021-09-14,2017-07-29,2017-07-29,2021-09-14,US11120344B2,https://patents.google.com/patent/US11120344B2/en,https://patentimages.storage.googleapis.com/29/bd/38/5fa41849a4482a/US11120344.pdf,A-Baseline,General Infrastructure,ALL,customs clearance system,customs clearance system,None (fallback)
patent/US10885026B2/en,Translating a natural language request to a domain-specific language request …,"In various embodiments, a natural language (NL) application implements functionality that enables users to more effectively access various data storage systems based on NL requests. As described, the operations of the NL application are guided by, at least in part, on one or more templates and/or …",Splunk Inc.,Dipock Das,2021-01-05,2017-07-29,2017-07-29,2021-01-05,US10885026B2,https://patents.google.com/patent/US10885026B2/en,https://patentimages.storage.googleapis.com/14/66/f9/cae84a799964ad/US10885026.pdf,A-Baseline,General Infrastructure,ALL,customs clearance system,customs clearance system,None (fallback)
patent/US11914588B1/en,Determining a user-specific approach for disambiguation based on an interaction …,"In various embodiments, a natural language (NL) application implements functionality that enables users to more effectively access various data storage systems based on NL requests. As described, the operations of the NL application are guided by, at least in part, on one or more templates and/or …",Splunk Inc.,Dipock Das,2024-02-27,2022-09-12,2017-07-29,2024-02-27,US11914588B1,https://patents.google.com/patent/US11914588B1/en,https://patentimages.storage.googleapis.com/42/5c/25/9f21a8f75c4be1/US11914588.pdf,A-Baseline,General Infrastructure,ALL,customs clearance system,customs clearance system,None (fallback)
patent/JP7068173B2/en,Mesoporous silica nanoparticles with lipid bilayer coating for cargo delivery,"a) Silica nanoparticles that have a surface and define a large number of pores suitable for containing molecules therein; b) A lipid bilayer that coats the surface and contains phospholipids and cholesterol (CHOL); c) Protonating agent disposed in the pores containing the large number of pores, …",The Regents Of The University Of California,アンドレ・イー・ネル,2022-05-16,2017-01-06,2016-01-08,2022-05-16,JP7068173B2,https://patents.google.com/patent/JP7068173B2/en,https://patentimages.storage.googleapis.com/01/63/c0/854ac865bc3a7e/JP7068173B2.pdf,A-Baseline,General Infrastructure,ALL,customs clearance system,customs clearance system,None (fallback)
patent/US11816465B2/en,"Devices, systems and methods for tracking and upgrading firmware in intelligent …","Devices, systems and methods for tracking and upgrading firmware in intelligent electronic devices (IEDs) are provided. The devices, systems and methods provide for tracking firmware versions of at least one or a fleet of IEDs, e.g., electronic power or revenue meters, notifying a user that an …",Ei Electronics Llc,Luna A. Koval,2023-11-14,2019-09-20,2013-03-15,2023-11-14,US11816465B2,https://patents.google.com/patent/US11816465B2/en,https://patentimages.storage.googleapis.com/31/b0/d8/9690ca389e5c63/US11816465.pdf,A-Baseline,General Infrastructure,ALL,customs clearance system,customs clearance system,None (fallback)
patent/US12236351B2/en,Gaze detection using one or more neural networks,"Apparatuses, systems, and techniques are described to determine locations of objects using images including digital representations of those objects. In at least one embodiment, a gaze of one or more occupants of a vehicle is determined independently of a location of one or more sensors used to …",Nvidia Corporation,Feng Hu,2025-02-25,2023-10-30,2019-08-19,2025-02-25,US12236351B2,https://patents.google.com/patent/US12236351B2/en,https://patentimages.storage.googleapis.com/75/36/ae/9e7fba3367d182/US12236351.pdf,A-Baseline,General Infrastructure,ALL,customs clearance system,customs clearance system,None (fallback)
patent/US10417554B2/en,Methods and systems for neural and cognitive processing,"Provided herein is a system for creating, modifying, deploying and running intelligent systems by combining and customizing the function and operation of reusable component modules arranged into neural processing graphs which direct the flow of signals among the modules, analogous in part to …",Lee J. Scheffler,Lee J. Scheffler,2019-09-17,2015-05-21,2014-05-22,2019-09-17,US10417554B2,https://patents.google.com/patent/US10417554B2/en,https://patentimages.storage.googleapis.com/39/26/be/86c4e671c86358/US10417554.pdf,A-Baseline,General Infrastructure,ALL,customs clearance system,customs clearance system,None (fallback)
patent/US11816963B2/en,Event wagering with group and/or in run options,"Some embodiments may relate to wagering one or more events. Such events may include sporting events. For example, one or more races may be wagered upon. In some embodiments, one or more wager may include an in running or in game wager. In some embodiments, one or more wagers may include a wager on …","Cfph, Llc",Kenneth L. Miller,2023-11-14,2022-02-28,2012-01-30,2023-11-14,US11816963B2,https://patents.google.com/patent/US11816963B2/en,https://patentimages.storage.googleapis.com/a4/19/68/6ee7f2fa8fc1d7/US11816963.pdf,A-Baseline,General Infrastructure,ALL,customs clearance system,customs clearance system,None (fallback)
patent/US12190682B2/en,Event wagering with group and/or in run options,"Some embodiments may relate to wagering one or more events. Such events may include sporting events. For example, one or more races may be wagered upon. In some embodiments, one or more wager may include an in running or in game wager. In some embodiments, one or more wagers may include a wager on …","Cfph, Llc",Kenneth L. Miller,2025-01-07,2023-09-18,2014-03-26,2025-01-07,US12190682B2,https://patents.google.com/patent/US12190682B2/en,https://patentimages.storage.googleapis.com/7c/25/e7/4023bfa44861b7/US12190682.pdf,A-Baseline,General Infrastructure,ALL,customs clearance system,customs clearance system,None (fallback)
patent/US11520559B2/en,Entertainment server and associated social networking services,"Certain exemplary embodiments relate to entertainment systems that interact with users so as to provide for social networking and/or other services. In certain exemplary embodiments, an entertainment system is configured to provide jukebox-related and entertainment system mediated services that …","Touchtunes Music Company, Llc",Dominique Dion,2022-12-06,2021-08-16,2009-03-18,2022-12-06,US11520559B2,https://patents.google.com/patent/US11520559B2/en,https://patentimages.storage.googleapis.com/78/9e/eb/6b89d77e0ee006/US11520559B2.pdf,A-Baseline,General Infrastructure,ALL,customs clearance system,customs clearance system,None (fallback)
patent/US10430263B2/en,"Devices, systems and methods for validating and upgrading firmware in …","Apparatuses, systems, and method for validating and upgrading firmware in an intelligent electronic device (IED) are provided. In one aspect of the present disclosure, an IED is provided including at least one processor and at least one memory. The at least one memory includes at least a first …",Electro Industries/Gauge Tech,Jorge A. Polar Seminario,2019-10-01,2017-02-01,2016-02-01,2019-10-01,US10430263B2,https://patents.google.com/patent/US10430263B2/en,https://patentimages.storage.googleapis.com/2e/02/6d/7d13a42fa696cc/US10430263.pdf,A-Baseline,General Infrastructure,ALL,customs clearance system,customs clearance system,None (fallback)
patent/US11540745B2/en,Custom patient interface and methods for making same,"CROSS-REFERENCE TO RELATED APPLICATIONS This application is a continuation of U.S. patent application Ser. No. 15/312,921 filed Nov. 21, 2016 which is a national phase entry under 35 U.S.C. § 371 of International Application No. PCT/AU2015/050370 filed Jul. 2, 2015, published in English, which …",ResMed Pty Ltd,Tzu-Chin Yu,2023-01-03,2020-07-06,2014-07-02,2023-01-03,US11540745B2,https://patents.google.com/patent/US11540745B2/en,https://patentimages.storage.googleapis.com/88/69/63/afaa5584756e8a/US11540745.pdf,A-Baseline,General Infrastructure,ALL,customs clearance system,customs clearance system,None (fallback)
patent/US12421495B2/en,Compositions and methods for selective phagocytosis of human cancer cells,… of intravenous anti-CD47 is therefore one critical metric in several ongoing clinical trials. Safety of systemic anti-SIRPα is equally problematic because recent studies show this at least causes SIRPα blockade on splenic macrophages which again leads to rapid clearance of circulating components.,The Trustees Of The University Of Pennsylvania,Dennis E. Discher,2025-09-23,2021-03-10,2015-12-01,2025-09-23,US12421495B2,https://patents.google.com/patent/US12421495B2/en,,A-Baseline,General Infrastructure,ALL,customs clearance system,customs clearance system,None (fallback)
patent/US11100124B2/en,Systems and methods for similarity and context measures for trademark and …,"… repositories (e.g., to conduct trademark or service mark clearances), where differences in spelling, context, or presentation of search terms can yield different results that may or may not include pertinent trademarks or service marks that should be reviewed as part of the trademark clearance …",Camelot Uk Bidco Limited,Peter Keyngnaert,2021-08-24,2018-05-17,2014-05-09,2021-08-24,US11100124B2,https://patents.google.com/patent/US11100124B2/en,https://patentimages.storage.googleapis.com/a4/1f/b9/0b651ee5f4b7ef/US11100124.pdf,A-Baseline,General Infrastructure,ALL,customs clearance system,customs clearance system,None (fallback)
patent/US20220321932A1/en,Time-based dynamic secondary content placement calls in time-shifted content,"Apparatus and methods for enabling time-based secondary content scheduling and dynamic placement for users of a content distribution network. In one embodiment, the network comprises a managed network, and the secondary content comprises advertising which was scheduled at the time the primary …","Charter Communications Operating, Llc",Basil Badawiyeh,2022-10-06,2022-06-16,2017-03-14,,US20220321932A1,https://patents.google.com/patent/US20220321932A1/en,https://patentimages.storage.googleapis.com/ee/28/55/9aeac5d51d361d/US20220321932A1.pdf,A-Baseline,General Infrastructure,ALL,customs clearance system,customs clearance system,None (fallback)
patent/US10295093B2/en,Conduit connection with sensor on a threaded body,"This configuration thus achieves a zero clearance connection because the fitting components can be separated without need for axial movement of the conduit C relative to the body 14 . In various embodiments, though not necessarily required in all cases, the zero clearance seal is axially separated …",Swagelok Company,Arthur Frank Anton,2019-05-21,2016-06-21,2007-06-26,2019-05-21,US10295093B2,https://patents.google.com/patent/US10295093B2/en,https://patentimages.storage.googleapis.com/9a/7d/5a/3d8f55f94ac46d/US10295093.pdf,A-Baseline,General Infrastructure,ALL,customs clearance system,customs clearance system,None (fallback)
patent/US9936737B2/en,Methods and systems for a dual function vapor device,"Provided are systems, methods and electronic vapor devices comprising a first container containing a first vaporizable liquid and a second container comprising a second vaporizable liquid. A vaporizer can be configured to vaporize at least the first vaporizable liquid and the second vaporizable …","Lunatech, Llc",John David Cameron,2018-04-10,2016-10-28,2015-10-28,2018-04-10,US9936737B2,https://patents.google.com/patent/US9936737B2/en,https://patentimages.storage.googleapis.com/d4/86/d1/432aac07717620/US9936737.pdf,A-Baseline,General Infrastructure,ALL,customs clearance system,customs clearance system,None (fallback)
patent/AU2016200124B2/en,Device for Rapid Detection of Infectious Agents,"The invention is directed to a system for use in sample analysis. The system comprises a biosensor reagent, wherein the biosensor reagent includes living biological cells; a reservoir card, wherein the reservoir card stores the biosensor reagent; and a test cartridge base, wherein the test …",Fundamental Solutions Corporation,Robert Baranowski,2017-07-20,2016-01-08,2011-12-13,2017-07-20,AU2016200124B2,https://patents.google.com/patent/AU2016200124B2/en,https://patentimages.storage.googleapis.com/7c/42/96/8d4e8cb038eb60/AU2016200124B2.pdf,A-Baseline,General Infrastructure,ALL,customs clearance system,customs clearance system,None (fallback)
patent/US10644891B2/en,Secure communication of IoT devices for vehicles,"Method for establishing secure communication between a plurality of IoT devices in one or more vehicles include: provisioning the plurality of IoT devices by providing a unique identification, a digital identity token and a cryptographic key to each of the plurality of IoT devices; establishing a …","T-Central, Inc.",David W. Kravitz,2020-05-05,2019-05-14,2010-04-30,2020-05-05,US10644891B2,https://patents.google.com/patent/US10644891B2/en,https://patentimages.storage.googleapis.com/a6/4e/25/d8050a4025ad57/US10644891.pdf,A-Baseline,General Infrastructure,ALL,customs clearance system,customs clearance system,None (fallback)
patent/US11038868B2/en,System and method for identity management,"log, at an identity database associated with the first engine, an entry of the particular consummated transaction by storing the second machine-readable data encoding the transactional characteristics of the particular consummated transaction such that the transactional characteristics of the …","Morphotrust Usa, Llc",Stephen Miu,2021-06-15,2019-10-30,2013-08-23,2021-06-15,US11038868B2,https://patents.google.com/patent/US11038868B2/en,https://patentimages.storage.googleapis.com/b1/98/fd/8406d24f4b7c9c/US11038868.pdf,A-Baseline,General Infrastructure,ALL,customs clearance system,customs clearance system,None (fallback)
patent/US11895208B2/en,Systems and methods for determining the shareability of values of node profiles,"In some implementations, the value of the node field-value pair of the first node profile comprises a value data structure storing at least one entry comprising an identifier identifying an electronic activity or record object that includes the value and a source of the electronic activity or the …","People.ai, Inc.",Oleg Rogynskyy,2024-02-06,2022-10-08,2018-05-24,2024-02-06,US11895208B2,https://patents.google.com/patent/US11895208B2/en,https://patentimages.storage.googleapis.com/6f/d9/ec/861fab54288b13/US11895208.pdf,A-Baseline,General Infrastructure,ALL,customs clearance system,customs clearance system,None (fallback)
patent/US9129319B2/en,Methods and apparatus for on-line ordering,"Systems and methods for ordering supplies from suppliers or for other e-commerce activities are described. Standards for placing orders and registering catalog information in a database are described. Systems and methods for placing orders, preprocessing supplier information using geographic …",Peter A. Burton,Peter A. Burton,2015-09-08,2010-04-13,2000-03-22,2015-09-08,US9129319B2,https://patents.google.com/patent/US9129319B2/en,https://patentimages.storage.googleapis.com/7e/8e/3b/795dc9e654e98f/US9129319.pdf,A-Baseline,General Infrastructure,ALL,customs clearance system,customs clearance system,None (fallback)
patent/US10796020B2/en,Consent receipt management systems and related methods,"In particular embodiments, a consent receipt management system is configured to track and analyze one or more attributes of a user interface via which data subjects are requested to provide consent (e.g., consent to process, collect, and/or store personal data) in order to determine which of the …","OneTrust, LLC",Kabir A. Barday,2020-10-06,2020-02-24,2016-06-10,2020-10-06,US10796020B2,https://patents.google.com/patent/US10796020B2/en,https://patentimages.storage.googleapis.com/ff/4d/51/ef78a191315827/US10796020.pdf,A-Baseline,General Infrastructure,ALL,customs clearance system,customs clearance system,None (fallback)
patent/US9943111B2/en,Methods and systems for vapor cooling,"Disclosed are methods, systems, and apparatuses for vapor cooling. The methods and systems can be used in conjunction with all vaping devices including e-cigarettes, hybrid communication device electronic vapor devices, robotic vapor devices, modified vapor devices “mods,” electronic vapor devices …","Lunatech, Llc",John Cameron,2018-04-17,2016-08-31,2015-08-31,2018-04-17,US9943111B2,https://patents.google.com/patent/US9943111B2/en,https://patentimages.storage.googleapis.com/2b/84/03/c725515c9061f9/US9943111.pdf,A-Baseline,General Infrastructure,ALL,customs clearance system,customs clearance system,None (fallback)
patent/US10039327B2/en,Computing device with enabled electronic vapor device,"The present disclosure relates to an electronic vaping system. In an embodiment, the electronic vaping system may be paired (e.g., communicate, exchange data, integrate, have a symbiotic relationship, share, etc.) with a computing device. In an embodiment, an electronic vapor (eVapor) device may …","Lunatech, Llc",John Cameron,2018-08-07,2016-11-17,2015-11-17,2018-08-07,US10039327B2,https://patents.google.com/patent/US10039327B2/en,https://patentimages.storage.googleapis.com/7e/4c/80/07dfdb45a704ec/US10039327.pdf,A-Baseline,General Infrastructure,ALL,customs clearance system,customs clearance system,None (fallback)
patent/JP7436208B2/en,Methods and systems for coherent imaging and feedback control of materials …,a material processing beam source that produces a material processing beam applied to a material location in a material modification process; an imaging light source that produces imaging light; Optics that produce an interferometric output using at least one component of the imaging light …,Ipg Photonics Corporation,ジョーダン・カンコ,2024-02-21,2018-01-18,2017-01-18,2024-02-21,JP7436208B2,https://patents.google.com/patent/JP7436208B2/en,https://patentimages.storage.googleapis.com/ca/1a/ac/33a8f9ef24f706/JP7436208B2.pdf,A-Baseline,General Infrastructure,ALL,customs clearance system,customs clearance system,None (fallback)
patent/US10958954B2/en,Live video streaming system and method,"The token processing system 242 can determine whether the token repository entry of the viewer has sufficient access tokens before streaming the video to the viewer. The access tokens may further include one or more types of tokens, such as an exchange token or a initiation token, or a combination.","Halogen Networks, LLC",Markus Woschank,2021-03-23,2019-04-19,2015-10-20,2021-03-23,US10958954B2,https://patents.google.com/patent/US10958954B2/en,https://patentimages.storage.googleapis.com/b5/e7/49/490d86ce574247/US10958954.pdf,A-Baseline,General Infrastructure,ALL,customs clearance system,customs clearance system,None (fallback)
patent/EP3323080B1/en,"Computationally efficient transfer processing, auditing, and search apparatuses …","wherein the processor issues instructions from the matrix conversion component, stored in the memory, to: add the source wallet address as a first row and a column entry to a stored distance matrix representing the plurality of transactions; add the destination wallet address as a second row and …",Fmr Llc,Xinxin Sheng,2020-11-04,2016-07-13,2015-07-14,2020-11-04,EP3323080B1,https://patents.google.com/patent/EP3323080B1/en,https://patentimages.storage.googleapis.com/b5/d0/25/b865b50ba60686/EP3323080B1.pdf,A-Baseline,General Infrastructure,ALL,customs clearance system,customs clearance system,None (fallback)
patent/US11455768B2/en,Method for forward progress and programmable timeouts of tree traversal …,"… volume or a geometric primitive in the 3D scene that the traversal circuit determines is intersected by the at least one ray. 5. The ray tracing device of claim 3 , wherein modifying the at least one stack includes popping an entry from the at least one stack. 6. The ray tracing device of claim 3 , …",Nvidia Corporation,Greg Muthler,2022-09-27,2020-12-04,2018-08-10,2022-09-27,US11455768B2,https://patents.google.com/patent/US11455768B2/en,https://patentimages.storage.googleapis.com/d8/a4/d2/ecd45c1ade9588/US11455768.pdf,A-Baseline,General Infrastructure,ALL,customs clearance system,customs clearance system,None (fallback)
patent/US20250049945A1/en,Method of treatment for solid tumors containing hypoxia and/or stroma features,"Advancements in solid tumor (e.g., renal cell carcinoma) treatments and imaging are described. The advancements are based on nanoformulations that: (i) overcome deliverability issues associated with anti-cancer compounds; (ii) have increased targeted delivery to tumors, and hypoxic cores of tumors …",Wayne State University,Samaresh Sau,2025-02-13,2024-07-22,2017-12-29,,US20250049945A1,https://patents.google.com/patent/US20250049945A1/en,https://patentimages.storage.googleapis.com/12/1c/f7/1706283bca150c/US20250049945A1.pdf,A-Baseline,General Infrastructure,ALL,customs clearance system,customs clearance system,None (fallback)
patent/ES2988624T3/en,"Improvements in recognition, re-identification and security using autonomous …","A mechanism for facilitating recognition, re-identification, and security in machine learning on autonomous machines is described. One method of embodiments, as described herein, includes facilitating a camera to detect one or more objects within a physical proximity, the one or more objects …",Intel Corporation,Barnan Das,2024-11-21,2018-03-23,2017-04-24,2024-11-21,ES2988624T3,https://patents.google.com/patent/ES2988624T3/en,https://patentimages.storage.googleapis.com/91/ed/4e/048889ce9e586d/ES2988624T3.pdf,A-Baseline,General Infrastructure,ALL,customs clearance system,customs clearance system,None (fallback)
patent/US12068938B2/en,Network health data aggregation service,Respective network metrics sets corresponding to one or more data sources are examined at a network health manager. Network health states corresponding to one or more endpoint pair categories are determined based on the analysis of the network metric sets. An indication of the network health state …,"Amazon Technologies, Inc.",Kenneth Grey Richards,2024-08-20,2023-04-28,2016-09-28,2024-08-20,US12068938B2,https://patents.google.com/patent/US12068938B2/en,https://patentimages.storage.googleapis.com/2c/f0/72/ed33f1703c698a/US12068938.pdf,B-Threshold,Value-Based Processing,"Amazon Technologies, Inc.",value-based routing,value-based routing,None (fallback)
patent/AU2016277754B2/en,Distributed load balancer,"TITLE: DISTRIBUTED LOAD BALANCER 5 A distributed load balancer in which a router receives packets from at least one client and routes packet flows to multiple load balancer (LB) nodes according to a per-flow hashed multipath routing technique. For a given packet flow, the LB nodes randomly select …","Amazon Technologies, Inc.",Douglas Stewart Laurence,2018-02-01,2016-12-23,2013-04-16,2018-02-01,AU2016277754B2,https://patents.google.com/patent/AU2016277754B2/en,https://patentimages.storage.googleapis.com/7f/b2/43/0b5353d2fd3b30/AU2016277754B2.pdf,B-Threshold,Value-Based Processing,"Amazon Technologies, Inc.",value-based routing,value-based routing,None (fallback)
patent/US10862777B2/en,Visualization of network health information,"claim 11 , wherein the one or more network metrics groups comprise a plurality of network metrics groups, wherein the one or more computing devices are configured to: assign respective weights to individual ones of the plurality of network metrics groups; and utilize the respective weights to …","Amazon Technologies, Inc.",Kenneth Grey Richards,2020-12-08,2016-09-28,2016-09-28,2020-12-08,US10862777B2,https://patents.google.com/patent/US10862777B2/en,https://patentimages.storage.googleapis.com/06/d9/27/b220f561615ec2/US10862777.pdf,B-Threshold,Value-Based Processing,"Amazon Technologies, Inc.",value-based routing,value-based routing,None (fallback)
patent/US10243820B2/en,Filtering network health information based on customer impact,"An occurrence of a network health impairment event associated with a service of a provider network is detected using metrics corresponding to one or more data sources. Based on an analysis of a list of services being utilized on behalf of a customer, a determination is made that the probability of …","Amazon Technologies, Inc.",Kenneth Grey Richards,2019-03-26,2016-09-28,2016-09-28,2019-03-26,US10243820B2,https://patents.google.com/patent/US10243820B2/en,https://patentimages.storage.googleapis.com/92/7c/0d/dd350caeac8314/US10243820.pdf,B-Threshold,Value-Based Processing,"Amazon Technologies, Inc.",value-based routing,value-based routing,None (fallback)
patent/US9495478B2/en,Namespace management in distributed storage systems,"in response to a determination that the candidate node meets a split criterion, distribute the new entry and at least a selected subset of entries of the particular list of entries among a plurality of DAG nodes including at least one new DAG node using respective bit sequences obtained by applying …","Amazon Technologies, Inc.",Joshua Samuel Hendrickson,2016-11-15,2014-03-31,2014-03-31,2016-11-15,US9495478B2,https://patents.google.com/patent/US9495478B2/en,https://patentimages.storage.googleapis.com/8d/75/e7/4db2c283b2ff28/US9495478.pdf,B-Threshold,Value-Based Processing,"Amazon Technologies, Inc.",value-based routing,value-based routing,None (fallback)
patent/EP3127017B1/en,Atomic writes for multiple-extent operations,"… successive subsequences of a hash value obtained for a file name, according to at least some embodiments. FIG. 47 illustrates an example of the first of two types of HDAG node splits that may result from an attempt to insert an entry into a namespace, according to at least some embodiments. FIG. 48",Amazon Technologies Inc.,Jacob A. Strauss,2021-02-17,2015-03-31,2014-03-31,2021-02-17,EP3127017B1,https://patents.google.com/patent/EP3127017B1/en,https://patentimages.storage.googleapis.com/55/f6/af/cdbe080a9cbfac/EP3127017B1.pdf,B-Threshold,Value-Based Processing,"Amazon Technologies, Inc.",value-based routing,value-based routing,None (fallback)
patent/CA2944166C/en,File storage using variable stripe sizes,"node splits that may result from an attempt to insert an entry into a namespace, according to at least some embodiments. [0051] FIG. 48 illustrates an example of the second of two types of HDAG node splits that may result from an attempt to insert an entry into a namespace, according to at least …","Amazon Technologies, Inc.",Matti Juhani Oikarinen,2019-01-29,2015-03-31,2014-03-31,2019-01-29,CA2944166C,https://patents.google.com/patent/CA2944166C/en,https://patentimages.storage.googleapis.com/10/f9/11/586544032f22d6/CA2944166C.pdf,B-Threshold,Value-Based Processing,"Amazon Technologies, Inc.",value-based routing,value-based routing,None (fallback)
patent/AU2015240904B2/en,Session management in distributed storage systems,"… at least some embodiments. WO 2015/153659 PCT/US2015/023669 6 [0054] FIG. 51 is a flow diagram illustrating aspects of operations that may be performed in response to an insertion of an entry into a namespace that results in a first type of HD AG node split, according to at least some embodiments.","Amazon Technologies, Inc.",Pradeep Vincent,2017-09-14,2015-03-31,2014-03-31,2017-09-14,AU2015240904B2,https://patents.google.com/patent/AU2015240904B2/en,https://patentimages.storage.googleapis.com/00/3f/5d/ea3deb46083ff1/AU2015240904B2.pdf,B-Threshold,Value-Based Processing,"Amazon Technologies, Inc.",value-based routing,value-based routing,None (fallback)
patent/US9274710B1/en,Offset-based congestion control in storage systems,"… successive subsequences of a hash value obtained for a file name, according to at least some embodiments. FIG. 47 illustrates an example of the first of two types of HDAG node splits that may result from an attempt to insert an entry into a namespace, according to at least some embodiments. FIG. 48","Amazon Technologies, Inc.",Matti Juhani Oikarinen,2016-03-01,2014-03-31,2014-03-31,2016-03-01,US9274710B1,https://patents.google.com/patent/US9274710B1/en,https://patentimages.storage.googleapis.com/29/e5/db/1fb6ab2775dbce/US9274710.pdf,B-Threshold,Value-Based Processing,"Amazon Technologies, Inc.",value-based routing,value-based routing,None (fallback)
patent/EP3127000B1/en,Scalable file storage service,"… successive subsequences of a hash value obtained for a file name, according to at least some embodiments. FIG. 47 illustrates an example of the first of two types of HDAG node splits that may result from an attempt to insert an entry into a namespace, according to at least some embodiments. FIG. 48",Amazon Technologies Inc.,Pradeep Vincent,2019-07-17,2015-03-31,2014-03-31,2019-07-17,EP3127000B1,https://patents.google.com/patent/EP3127000B1/en,https://patentimages.storage.googleapis.com/18/d7/9c/316e4fd0dd629d/EP3127000B1.pdf,B-Threshold,Value-Based Processing,"Amazon Technologies, Inc.",value-based routing,value-based routing,None (fallback)
patent/US9779015B1/en,Oversubscribed storage extents with on-demand page allocation,"… successive subsequences of a hash value obtained for a file name, according to at least some embodiments. FIG. 47 illustrates an example of the first of two types of HDAG node splits that may result from an attempt to insert an entry into a namespace, according to at least some embodiments. FIG. 48","Amazon Technologies, Inc.",Matti Juhani Oikarinen,2017-10-03,2014-03-31,2014-03-31,2017-10-03,US9779015B1,https://patents.google.com/patent/US9779015B1/en,https://patentimages.storage.googleapis.com/d6/2f/d7/047ee775c856de/US9779015.pdf,B-Threshold,Value-Based Processing,"Amazon Technologies, Inc.",value-based routing,value-based routing,None (fallback)
patent/US10911596B1/en,Voice user interface for wired communications system,"A system capable of connecting a device to a Public Switched Telephone Network (PSTN) using an adapter. During a telephone call using the PSTN, the adapter may receive an incoming call from the PSTN and send caller identification to remote server(s). The remote server(s) may determine an identity …","Amazon Technologies, Inc.",Tu Dien Do,2021-02-02,2017-08-31,2017-08-31,2021-02-02,US10911596B1,https://patents.google.com/patent/US10911596B1/en,https://patentimages.storage.googleapis.com/4a/4d/fc/ba705a9609aeba/US10911596.pdf,B-Threshold,Value-Based Processing,"Amazon Technologies, Inc.",value-based routing,value-based routing,None (fallback)
patent/US10074371B1/en,Voice control of remote device by disabling wakeword detection,"A system configured to enable remote control to allow a first user to provide assistance to a second user. The system may receive a command from the second user granting remote control to the first user, enabling the first user to initiate a voice command on behalf of the second user. In some …","Amazon Technologies, Inc.",Peng Wang,2018-09-11,2017-03-14,2017-03-14,2018-09-11,US10074371B1,https://patents.google.com/patent/US10074371B1/en,https://patentimages.storage.googleapis.com/59/6c/1f/d458aaea899bc9/US10074371.pdf,B-Threshold,Value-Based Processing,"Amazon Technologies, Inc.",value-based routing,value-based routing,None (fallback)
patent/US10326869B2/en,Enabling voice control of telephone device,"A system capable of connecting a device to a Public Switched Telephone Network (PSTN) using an adapter. The device may send audio data via a data network to a server and the server can determine a voice command included in the audio data. Based on the voice command, the server may send an …","Amazon Technologies, Inc.",Gregory Michael Hart,2019-06-18,2016-12-28,2016-08-19,2019-06-18,US10326869B2,https://patents.google.com/patent/US10326869B2/en,https://patentimages.storage.googleapis.com/68/a9/02/35ac2558a58fb5/US10326869.pdf,B-Threshold,Value-Based Processing,"Amazon Technologies, Inc.",value-based routing,value-based routing,None (fallback)
patent/US12355637B2/en,Virtual network interface objects,"… , the network interface virtualization coordinator is configured to: assign one or more IP addresses to a virtual network interface attached to the resource instance, wherein the resource instance is implemented via at least one of the one or more servers of the cloud-based computing service; and","Amazon Technologies, Inc.",Eric W. Schultze,2025-07-08,2022-01-03,2011-11-18,2025-07-08,US12355637B2,https://patents.google.com/patent/US12355637B2/en,https://patentimages.storage.googleapis.com/23/1b/b6/167ee7946b7c1b/US12355637B2.pdf,B-Threshold,Value-Based Processing,"Amazon Technologies, Inc.",value-based routing,value-based routing,None (fallback)
patent/US9294558B1/en,Connection re-balancing in distributed storage systems,"… successive subsequences of a hash value obtained for a file name, according to at least some embodiments. FIG. 47 illustrates an example of the first of two types of HDAG node splits that may result from an attempt to insert an entry into a namespace, according to at least some embodiments. FIG. 48","Amazon Technologies, Inc.",Pradeep Vincent,2016-03-22,2014-03-31,2014-03-31,2016-03-22,US9294558B1,https://patents.google.com/patent/US9294558B1/en,https://patentimages.storage.googleapis.com/1a/74/86/d2584bdc6babdc/US9294558.pdf,B-Threshold,Value-Based Processing,"Amazon Technologies, Inc.",value-based routing,value-based routing,None (fallback)
patent/US9602424B1/en,Connection balancing using attempt counts at distributed storage systems,"… successive subsequences of a hash value obtained for a file name, according to at least some embodiments. FIG. 47 illustrates an example of the first of two types of HDAG node splits that may result from an attempt to insert an entry into a namespace, according to at least some embodiments. FIG. 48","Amazon Technologies, Inc.",Pradeep Vincent,2017-03-21,2014-03-31,2014-03-31,2017-03-21,US9602424B1,https://patents.google.com/patent/US9602424B1/en,https://patentimages.storage.googleapis.com/c8/21/52/bab35971987d4d/US9602424.pdf,B-Threshold,Value-Based Processing,"Amazon Technologies, Inc.",value-based routing,value-based routing,None (fallback)
patent/US10911263B2/en,Programmatic interfaces for network health information,"12. The system as recited in claim 11 , wherein the one or more computing devices are configured to: assign respective weights to individual ones of the one or more network metrics groups; and utilize the respective weights to determine the impairment-related summary state. 13. The system as recited …","Amazon Technologies, Inc.",Kenneth Grey Richards,2021-02-02,2016-09-28,2016-09-28,2021-02-02,US10911263B2,https://patents.google.com/patent/US10911263B2/en,https://patentimages.storage.googleapis.com/f4/ac/b2/a843c9ecbbb9cd/US10911263.pdf,B-Threshold,Value-Based Processing,"Amazon Technologies, Inc.",value-based routing,value-based routing,None (fallback)
patent/US9569459B1/en,Conditional writes at distributed storage services,"maintain, at the selected node, a circular buffer comprising a plurality of log entries, wherein a particular log entry of the plurality of log entries indicates (a) an identifier of a physical page of the file store object at which a modification was applied and (b) a logical timestamp associated …","Amazon Technologies, Inc.",Jacob A. Strauss,2017-02-14,2014-03-31,2014-03-31,2017-02-14,US9569459B1,https://patents.google.com/patent/US9569459B1/en,https://patentimages.storage.googleapis.com/cc/73/7c/482a28506ff638/US9569459.pdf,B-Threshold,Value-Based Processing,"Amazon Technologies, Inc.",value-based routing,value-based routing,None (fallback)
patent/US9449008B1/en,Consistent object renaming in distributed systems,"claim 8 , further comprising performing, by the one or more computing devices to implement the comparison: combining, with the first name, an identifier of a node entry associated with the first name; and combining, with the second name, an identifier of a node entry associated with the second name.","Amazon Technologies, Inc.",Matti Juhani Oikarinen,2016-09-20,2014-03-31,2014-03-31,2016-09-20,US9449008B1,https://patents.google.com/patent/US9449008B1/en,https://patentimages.storage.googleapis.com/bd/94/aa/62ee4a313e9496/US9449008.pdf,B-Threshold,Value-Based Processing,"Amazon Technologies, Inc.",value-based routing,value-based routing,None (fallback)
patent/US8689111B1/en,Methods and apparatus for generation and execution of configurable bookmarks,"41 includes a bookmark section 43 and a recommended links section 46 . The bookmark section 43 includes an Edit Bookmarks entry 42 , and a number of bookmarks 44 that have been saved by the user. In the illustrated embodiment, the bookmark section 43 is presented as a series of hyperlinks to sites …","A9.Com, Inc.",Jonathan Leblang,2014-04-01,2010-07-20,2004-09-14,2014-04-01,US8689111B1,https://patents.google.com/patent/US8689111B1/en,https://patentimages.storage.googleapis.com/82/5c/bc/1466795c1b39a0/US8689111.pdf,B-Threshold,Value-Based Processing,"Amazon Technologies, Inc.",value-based routing,value-based routing,None (fallback)
patent/US10194023B1/en,Voice user interface for wired communications system,A system capable of connecting a device to a Public Switched Telephone Network (PSTN) using an adapter. The adapter may receive caller identification from the PSTN during a second ringing signal and may send notifications to remote server(s) indicating the caller identification. The remote server( …,"Amazon Technologies, Inc.",Cheuk-Man Kong,2019-01-29,2017-08-31,2017-08-31,2019-01-29,US10194023B1,https://patents.google.com/patent/US10194023B1/en,https://patentimages.storage.googleapis.com/f9/36/da/c80c448d4276e7/US10194023.pdf,B-Threshold,Value-Based Processing,"Amazon Technologies, Inc.",value-based routing,value-based routing,None (fallback)
patent/EP3520330A1/en,Visualization of network health information,"10. The system as recited in claim 9, wherein the one or more network metrics groups comprise a plurality of network metrics groups, wherein the instructions when executed on the one or more processors: assign respective weights to individual ones of the plurality of network metrics groups; and …",Amazon Technologies Inc.,Kenneth Grey Richards,2019-08-07,2017-09-27,2016-09-28,,EP3520330A1,https://patents.google.com/patent/EP3520330A1/en,,B-Threshold,Value-Based Processing,"Amazon Technologies, Inc.",value-based routing,value-based routing,None (fallback)
patent/US10326886B1/en,Enabling additional endpoints to connect to audio mixing device,"A system capable of connecting a device to a wired communication network (e.g., Public Switched Telephone Network (PSTN)) using an adapter. During a telephone call using the PSTN, the adapter may mix two or more audio streams to enable multiple devices to join the telephone call. However, the …","Amazon Technologies, Inc.",Mee Tchin Jane John Chuan,2019-06-18,2017-08-31,2017-08-31,2019-06-18,US10326886B1,https://patents.google.com/patent/US10326886B1/en,https://patentimages.storage.googleapis.com/cf/00/53/0917380c8ae888/US10326886.pdf,B-Threshold,Value-Based Processing,"Amazon Technologies, Inc.",value-based routing,value-based routing,None (fallback)
patent/AU2014253953B9/en,Distributed load balancer,"The claims defining the invention are as follows: 1. A distributed load balancer system, comprising: a plurality of load balancer nodes; and a plurality of server nodes each comprising a server and a load balancer module; wherein the plurality of load balancer nodes is configured to distribute …","Amazon Technologies, Inc.",Douglas Stewart Laurence,2016-10-27,2014-04-16,2013-04-16,2016-10-27,AU2014253953B9,https://patents.google.com/patent/AU2014253953B9/en,https://patentimages.storage.googleapis.com/15/e0/2f/d9b7006297d73b/AU2014253953B9.pdf,B-Threshold,Value-Based Processing,"Amazon Technologies, Inc.",value-based routing,value-based routing,None (fallback)
patent/US11641319B2/en,Network health data aggregation service,"claim 8 , wherein the one or more computing devices include further instructions that upon execution on or across the one or more computing devices further cause the one or more computing devices to: assign respective weights to individual ones of the one or more metrics; and utilize at least one …","Amazon Technologies, Inc.",Kenneth Grey Richards,2023-05-02,2021-02-05,2016-09-28,2023-05-02,US11641319B2,https://patents.google.com/patent/US11641319B2/en,https://patentimages.storage.googleapis.com/c4/eb/a5/826c78085499f4/US11641319.pdf,B-Threshold,Value-Based Processing,"Amazon Technologies, Inc.",threshold processing,threshold processing,None (fallback)
patent/US12335117B2/en,Visualization of network health information,"A determination is made that a graphical representation of network health state information pertaining to a client account of a provider network is to be provided. Using respective network metrics groups corresponding to several data sources, a network health state descriptor corresponding to a …","Amazon Technologies, Inc.",Kenneth Grey Richards,2025-06-17,2020-12-04,2016-09-28,2025-06-17,US12335117B2,https://patents.google.com/patent/US12335117B2/en,https://patentimages.storage.googleapis.com/7c/8d/87/f9fafc34476e79/US12335117B2.pdf,B-Threshold,Value-Based Processing,"Amazon Technologies, Inc.",threshold processing,threshold processing,None (fallback)
patent/US10554850B2/en,Video ingestion and clip creation,"Devices, systems and methods are disclosed for reducing a perceived latency associated with uploading and annotating video data. For example, video data may be divided into video sections that are uploaded individually so that the video sections may be annotated as they are received. This reduces …","Amazon Technologies, Inc.",Matthew Alan Townsend,2020-02-04,2019-03-07,2015-09-30,2020-02-04,US10554850B2,https://patents.google.com/patent/US10554850B2/en,https://patentimages.storage.googleapis.com/03/a3/37/ea8ae47979e8ee/US10554850.pdf,B-Threshold,Value-Based Processing,"Amazon Technologies, Inc.",threshold processing,threshold processing,None (fallback)
patent/US11810597B2/en,Video ingestion and clip creation,"Devices, systems and methods are disclosed for improving story assembly and video summarization. For example, video clips may be received and a theme may be determined from the received video clips based on annotation data or other characteristics of the received video data. Individual moments may …","Amazon Technologies, Inc.",Matthew Alan Townsend,2023-11-07,2021-10-04,2015-09-30,2023-11-07,US11810597B2,https://patents.google.com/patent/US11810597B2/en,https://patentimages.storage.googleapis.com/b5/4c/cc/9c5eb8eeaf7dcd/US11810597.pdf,B-Threshold,Value-Based Processing,"Amazon Technologies, Inc.",threshold processing,threshold processing,None (fallback)
patent/US20220200926A1/en,Virtual network interface objects,"… , the network interface virtualization coordinator is configured to: assign one or more IP addresses to a virtual network interface attached to the resource instance, wherein the resource instance is implemented via at least one of the one or more servers of the cloud-based computing service; and","Amazon Technologies, Inc.",Eric W. Schultze,2022-06-23,2022-01-03,2011-11-18,,US20220200926A1,https://patents.google.com/patent/US20220200926A1/en,https://patentimages.storage.googleapis.com/65/5d/dd/4796662c0ee1f7/US20220200926A1.pdf,B-Threshold,Value-Based Processing,"Amazon Technologies, Inc.",threshold processing,threshold processing,None (fallback)
patent/US9734169B2/en,Digital information infrastructure and method for security designated data and …,"Distributed computer system processes data having select content (SC) represented by one or more predetermined words, characters, etc. The system has a plurality of SC data stores in a server cloud for respective security designated (Sec-D) data and granular data, each with respective access …","Digital Doors, Inc.",Ron M. Redlich,2017-08-15,2013-05-23,2007-01-05,2017-08-15,US9734169B2,https://patents.google.com/patent/US9734169B2/en,https://patentimages.storage.googleapis.com/a1/ac/c7/52cc72f0d7f5e8/US9734169.pdf,B-Threshold,General Threshold Processing,ALL,value-based routing,value-based routing,None (fallback)
patent/JP7571353B2/en,Internet of Things,"At least one memory; machine-readable instructions; 1. A processor circuit, comprising: calculating a first hash value based on a code object prior to execution of the code object, the code object being executed in a boot sequence; comparing the first hash value with a trusted second hash value on …",Intel Corporation,エム． スミス、ネッド,2024-10-23,2022-12-27,2016-12-30,2024-10-23,JP7571353B2,https://patents.google.com/patent/JP7571353B2/en,https://patentimages.storage.googleapis.com/1f/c3/1c/bd4e20ac838c8e/JP7571353B2.pdf,B-Threshold,General Threshold Processing,ALL,value-based routing,value-based routing,None (fallback)
patent/JP6779895B2/en,"Time-dependent assessment of sensor data to determine measurement stability, …","An electrosurgical cutting and staple fastening device With at least one sensor measuring at least one parameter associated with the instrument, With at least one processor It comprises a memory associated with the processor and operably associated with the processor when executed by the processor …",Ethicon Llc,シェルトン・ザ・フォース・フレデリック・イー,2020-11-04,2016-03-01,2015-03-06,2020-11-04,JP6779895B2,https://patents.google.com/patent/JP6779895B2/en,https://patentimages.storage.googleapis.com/e7/a6/66/419e87b7a95e81/JP6779895B2.pdf,B-Threshold,General Threshold Processing,ALL,value-based routing,value-based routing,None (fallback)
patent/JP2023159177A/en,Connect to virtualized mobile core network,A user equipment (UE) that interacts with an underlay network (ULN) and establishes a connection to a virtual network slice. A procedure for establishing a connection to a virtual network slice includes a procedure for allocating a new slice instance to a UE (UE-initiated type and ULN-initiated …,Interdigital Patent Holdings Inc.,グレゴリー エス． スタンバーグ，,2023-10-31,2023-08-04,2016-05-12,,JP2023159177A,https://patents.google.com/patent/JP2023159177A/en,https://patentimages.storage.googleapis.com/bd/13/b2/4fc7613e08fc57/JP2023159177A.pdf,B-Threshold,General Threshold Processing,ALL,value-based routing,value-based routing,None (fallback)
patent/US7505575B2/en,Method and system for processing telephone calls via a remote tie-line,"A method and system include routing telephone calls from multiple private networks via public lines and trunks in a public switched telephone network (PSTN) to a host switch, at which the connections would begin to run parallel. The host switch routes the telephone calls via a private trunk group …","At&T Labs, Inc.","Harold C. Fleischer, III",2009-03-17,2007-08-28,2001-01-17,2009-03-17,US7505575B2,https://patents.google.com/patent/US7505575B2/en,https://patentimages.storage.googleapis.com/71/e9/72/bfaf0368dbf76e/US7505575.pdf,B-Threshold,General Threshold Processing,ALL,value-based routing,value-based routing,None (fallback)
patent/US10441279B2/en,Multiple level thresholds to modify operation of powered surgical instruments,"Thresholds can be assigned for one or more parameters in connection with the operation of a surgical device. An ultimate threshold can trigger a desired action, including cessation of operations or modification of operations, if the ultimate threshold is reached, or predicted to be reached. In …",Ethicon Llc,"Frederick E. Shelton, IV",2019-10-15,2015-03-06,2015-03-06,2019-10-15,US10441279B2,https://patents.google.com/patent/US10441279B2/en,https://patentimages.storage.googleapis.com/11/32/63/de73411ad5d519/US10441279.pdf,B-Threshold,General Threshold Processing,ALL,value-based routing,value-based routing,None (fallback)
patent/US12278758B2/en,Internet group management protocol (IGMP) of a Layer-2 network in a virtualized …,"… to fail simultaneously. This is achieved by the ADs not sharing critical infrastructure resources such as networking, physical cables, cable paths, cable entry points, etc., such that a failure at one AD within a region is unlikely to impact the availability of the other ADs within the same region.",Oracle International Corporation,Jagwinder Singh Brar,2025-04-15,2023-04-04,2020-12-30,2025-04-15,US12278758B2,https://patents.google.com/patent/US12278758B2/en,https://patentimages.storage.googleapis.com/c4/08/e3/6cfe990e9b5281/US12278758B2.pdf,B-Threshold,General Threshold Processing,ALL,value-based routing,value-based routing,None (fallback)
patent/US11716388B2/en,Vehicle control system,A vehicle control system includes a controller configured to control communication between or among plural vehicle devices that control movement of a single vehicle system or a multi-vehicle system via a network that communicatively couples the vehicle devices. The controller also is configured to …,"Transportation Ip Holdings, Llc",Tab Robert Mong,2023-08-01,2020-09-09,2016-03-21,2023-08-01,US11716388B2,https://patents.google.com/patent/US11716388B2/en,https://patentimages.storage.googleapis.com/92/67/49/9374b912469600/US11716388.pdf,B-Threshold,General Threshold Processing,ALL,value-based routing,value-based routing,None (fallback)
patent/US20250156284A1/en,Techniques for replicating state information for high availability,"… to fail simultaneously. This is achieved by the ADs not sharing critical infrastructure resources such as networking, physical cables, cable paths, cable entry points, etc., such that a failure at one AD within a region is unlikely to impact the availability of the other ADs within the same region.",Oracle International Corporation,Jagwinder Singh Brar,2025-05-15,2024-11-18,2020-12-30,,US20250156284A1,https://patents.google.com/patent/US20250156284A1/en,https://patentimages.storage.googleapis.com/17/36/4b/cdf343b5e2c864/US20250156284A1.pdf,B-Threshold,General Threshold Processing,ALL,value-based routing,value-based routing,None (fallback)
patent/US12368588B2/en,Techniques for efficient replication and recovery,"A “manifest,” in certain embodiments, may refer to information communicated by a file system in a source region (referred to herein as source file system) to a file system in a target region (referred to herein as target file system) for facilitating a cross-region replication process. There are …",Oracle International Corporation,Vikram Singh Bisht,2025-07-22,2023-02-14,2022-06-16,2025-07-22,US12368588B2,https://patents.google.com/patent/US12368588B2/en,,B-Threshold,General Threshold Processing,ALL,value-based routing,value-based routing,None (fallback)
patent/US11072356B2/en,Vehicle control system,A locomotive control system includes a controller configured to control communication between or among plural locomotive devices that control movement of a locomotive via a network that communicatively couples the vehicle devices. The controller also is configured to control the communication …,"Transportation Ip Holdings, Llc",Tab Robert Mong,2021-07-27,2018-04-20,2016-06-30,2021-07-27,US11072356B2,https://patents.google.com/patent/US11072356B2/en,https://patentimages.storage.googleapis.com/5d/a5/51/400d63045f3279/US11072356.pdf,B-Threshold,General Threshold Processing,ALL,value-based routing,value-based routing,None (fallback)
patent/JP7385582B2/en,at home stress test,"A method of operating a bed system for conducting a stress test at a user's home , the method comprising: The method of operation may be self-initiated or initiated by user interaction with the bed system; the bed system sensing, via a sensor of the bed system, a first collection of biometric …",Sleep Number Corporation,オミード サヤディ,2023-11-22,2019-03-06,2018-03-07,2023-11-22,JP7385582B2,https://patents.google.com/patent/JP7385582B2/en,https://patentimages.storage.googleapis.com/0b/27/f0/f2db231b31bf3c/JP7385582B2.pdf,B-Threshold,General Threshold Processing,ALL,value-based routing,value-based routing,None (fallback)
patent/JP6949872B2/en,Systems and methods for controlling surgical staples and cutting instruments,"Surgical staple fastening device With the handle A shaft extending distally from the handle, An end effector positioned at the distal end of said shaft, said end effector, A launching member that can be translated proximally and distally along the longitudinal axis of the end effector from the …",Ethicon Llc,イェイツ・デビッド・シー,2021-10-13,2017-04-07,2016-04-15,2021-10-13,JP6949872B2,https://patents.google.com/patent/JP6949872B2/en,https://patentimages.storage.googleapis.com/1f/c9/97/5c200d29d93684/JP6949872B2.pdf,B-Threshold,General Threshold Processing,ALL,value-based routing,value-based routing,None (fallback)
patent/US10963871B2/en,Bin-conserving tokenization techniques generating tokens in reverse order and …,"A payment token is generated within a token bank identification number (BIN) range, and is linked with an underlying account number of a consumer. A first instance of the token is made available in at least one of a first portable electronic device, a first mobile payment application (MPA), and a …",Mastercard International Incorporated,Ilgin Safak,2021-03-30,2017-11-22,2017-11-22,2021-03-30,US10963871B2,https://patents.google.com/patent/US10963871B2/en,https://patentimages.storage.googleapis.com/03/32/62/ffa0b903d1d30c/US10963871.pdf,B-Threshold,General Threshold Processing,ALL,value-based routing,value-based routing,None (fallback)
patent/EP3714580B1/en,Latency increase estimated rate limiter adjustment,"wherein the rate of outbound latency increase is calculated for each of the plurality of entries using: (L 0 - L N ) / (T 0 - T N ), where L 0 is the most recent outbound latency measurement, L N is the outbound latency measurement associated with the queued entry, T 0 is the time of the most recent …","Hughes Network Systems, LLC",Douglas Dillon,2022-07-20,2018-11-20,2017-11-22,2022-07-20,EP3714580B1,https://patents.google.com/patent/EP3714580B1/en,https://patentimages.storage.googleapis.com/41/a7/57/ef071a88530ac1/EP3714580B1.pdf,B-Threshold,General Threshold Processing,ALL,value-based routing,value-based routing,None (fallback)
patent/US11637875B2/en,Establishing a session initiation protocol session,"136 may include various logical entities including a proxy call session control function (P-CSCF), which is the first point of entry into the IMS network. Further, a serving call session control function (S-CSCF) handles sessions in the network and routes SIP messages to appropriate P-CSCFs as well …",Blackberry Limited,Adrian Buckley,2023-04-25,2022-03-29,2015-06-30,2023-04-25,US11637875B2,https://patents.google.com/patent/US11637875B2/en,https://patentimages.storage.googleapis.com/01/69/fd/e8d5f5627b7ae7/US11637875.pdf,B-Threshold,General Threshold Processing,ALL,value-based routing,value-based routing,None (fallback)
patent/US9306891B2/en,"Methods, systems and devices for dynamically modifying routed messages","Methods, servers and systems for communicating signaling information in a telecommunications signaling network implement methods that include receiving a first message encoding signaling information from a source component and processing the message using a fixed pipeline having a plurality of …",Openet Telecom Ltd.,Alan McNamee,2016-04-05,2014-12-12,2010-12-16,2016-04-05,US9306891B2,https://patents.google.com/patent/US9306891B2/en,https://patentimages.storage.googleapis.com/b2/ec/57/83121b1126aea0/US9306891.pdf,B-Threshold,General Threshold Processing,ALL,value-based routing,value-based routing,None (fallback)
patent/US8874609B1/en,Method and system for transparent database connection pooling and query queuing,"Roughly described, a database accelerator is installed transparently in a network between database client and server systems. It maintains a pool of connections to the database server(s) for re-use as needed. Connection requests from client systems are received and completed by the accelerator, …",Scalarc Inc,Varun Singh,2014-10-28,2013-05-24,2010-08-10,2014-10-28,US8874609B1,https://patents.google.com/patent/US8874609B1/en,https://patentimages.storage.googleapis.com/38/3c/7b/d3932225f184d3/US8874609.pdf,B-Threshold,General Threshold Processing,ALL,value-based routing,value-based routing,None (fallback)
patent/US12373437B1/en,Method and system for transparent database query caching,"… tables, across multiple user credentials without data cache overlap, the key can be mapped to not only the query, but also to a wide metadata set which includes the database name, table name, the credentials of the user requesting the query, and/or the time of storage of that particular cache entry …","Ignite Scalarc Solutions, Inc.",Varun Singh,2025-07-29,2023-10-31,2010-08-10,2025-07-29,US12373437B1,https://patents.google.com/patent/US12373437B1/en,,B-Threshold,General Threshold Processing,ALL,value-based routing,value-based routing,None (fallback)
patent/US11770417B2/en,"Information infrastructure management tools with extractor, secure storage, …",… mining as claimed in claim 10 wherein: said data collections are designated with respective sensitivity levels accessed via said communications network; and permitting access to respective sensitivity level data collection via said search only in the presence of a corresponding security clearance.,"Digital Doors, Inc.",Ron M. Redlich,2023-09-26,2022-04-15,2007-01-05,2023-09-26,US11770417B2,https://patents.google.com/patent/US11770417B2/en,https://patentimages.storage.googleapis.com/d6/41/ab/7279dad7397517/US11770417.pdf,B-Threshold,General Threshold Processing,ALL,value-based routing,value-based routing,None (fallback)
patent/AU2018346978B2/en,"Anti-respiratory syncytial virus antibodies, methods of their generation and …","2005). [0007] RSV F is a class I fusion protein that mediates viral entry into host cells by converting from a metastable prefusion conformation (preF) to a highly stable postfusion (postF) conformation. On the surface of the virus, RSV F exists in a metastable trimeric prefusion conformation (preF …","Mapp Biopharmaceutical, Inc.",Laura M. Walker,2024-02-15,2018-10-12,2017-10-13,2024-02-15,AU2018346978B2,https://patents.google.com/patent/AU2018346978B2/en,https://patentimages.storage.googleapis.com/33/8e/0e/45a0fac13b1240/AU2018346978B2.pdf,B-Threshold,General Threshold Processing,ALL,value-based routing,value-based routing,None (fallback)
patent/JP6968869B2/en,How to operate surgical instruments,"The present invention relates to surgical instruments and, in various situations, to surgical staples and cutting instruments designed for stapled and cutting tissue and staple cartridges for use with them. The features of the various embodiments are described in detail in the appended claims.",Ethicon Llc,シェルトン・ザ・フォース・フレデリック・イー,2021-11-17,2017-04-17,2016-04-18,2021-11-17,JP6968869B2,https://patents.google.com/patent/JP6968869B2/en,https://patentimages.storage.googleapis.com/b2/b4/35/1fc7ca081263dd/JP6968869B2.pdf,B-Threshold,General Threshold Processing,ALL,value-based routing,value-based routing,None (fallback)
patent/US10467183B2/en,Processors and methods for pipelined runtime services in a spatial array,"Methods and apparatuses relating to pipelined runtime services in spatial arrays are described. In one embodiment, a processor includes processing elements; an interconnect network between the processing elements; a first configuration controller coupled to a first subset of the processing …",Intel Corporation,Kent D. Glossop,2019-11-05,2017-07-01,2017-07-01,2019-11-05,US10467183B2,https://patents.google.com/patent/US10467183B2/en,https://patentimages.storage.googleapis.com/9e/ba/f4/3e1f841d8ca7d0/US10467183.pdf,B-Threshold,General Threshold Processing,ALL,value-based routing,value-based routing,None (fallback)
patent/US20250036477A1/en,Microservice provision and management,"to request clearance. In this example, when the emergency vehicle 124 requests the clearance service, an IoT device in the traffic control group 106 or the gateway 110 may request the clearance service be downloaded over a distributed services framework (DSF). The IoT devices may then orchestrate …",Intel Corporation,Katalin Bartfai-Walcott,2025-01-30,2024-10-11,2017-02-05,,US20250036477A1,https://patents.google.com/patent/US20250036477A1/en,https://patentimages.storage.googleapis.com/ae/47/c4/03c02a88f3b3ec/US20250036477A1.pdf,B-Threshold,General Threshold Processing,ALL,value-based routing,value-based routing,None (fallback)
patent/US9426118B2/en,Remote grant of network access,"… for a new network device to join the network; establishing a connection between the new network device and the gateway, wherein establishing the connection between the new network device and the gateway includes allowing the new network device to connect to a guest entry point of the network;",Belkin International Inc.,Ryan Yong Kim,2016-08-23,2014-10-28,2014-10-28,2016-08-23,US9426118B2,https://patents.google.com/patent/US9426118B2/en,https://patentimages.storage.googleapis.com/be/20/1c/a5342232f5d994/US9426118.pdf,B-Threshold,General Threshold Processing,ALL,value-based routing,value-based routing,None (fallback)
patent/US11204648B2/en,Handshake to establish agreement between two parties in virtual reality,"… . The method of claim 2 , further comprising said first and second human users undertaking an authentication process prior to entry into said virtual reality environment, wherein said virtual/augmented reality environment management server takes said action in further reliance on said authentication.",Mastercard International Incorporated,Michael Jason Friedman,2021-12-21,2018-06-12,2018-06-12,2021-12-21,US11204648B2,https://patents.google.com/patent/US11204648B2/en,https://patentimages.storage.googleapis.com/4d/ee/1f/c7f6f38529e707/US11204648.pdf,B-Threshold,General Threshold Processing,ALL,value-based routing,value-based routing,None (fallback)
patent/US10116712B2/en,Quality of experience based queue management for routers for real-time video …,"This application is the National Stage Entry under 35 U.S.C. § 371 of Patent Cooperation Treaty Application No. PCT/US2014/054385, filed Sep. 5, 20114, which claims the benefit of U.S. Provisional Patent Application No. 61/874,712 filed Sep. 6, 2013, U.S. Provisional Patent Application No. …","Vid Scale, Inc",Liangping Ma,2018-10-30,2014-09-05,2013-09-06,2018-10-30,US10116712B2,https://patents.google.com/patent/US10116712B2/en,https://patentimages.storage.googleapis.com/21/90/71/c7cbf933e5b098/US10116712.pdf,B-Threshold,General Threshold Processing,ALL,value-based routing,value-based routing,None (fallback)
patent/US11367134B2/en,Data processing system and method for facilitating transactions with user- …,"… to communicate with any particular entity, the type of data to be obtained or presented, the time interval at which data is obtained from the entities, the types of systems utilized at the various entities, etc. Thus, these interfaces may include, for example, web pages, web services, a data entry …","Fair Ip, Llc",Scott Edward Painter,2022-06-21,2020-05-26,2017-01-17,2022-06-21,US11367134B2,https://patents.google.com/patent/US11367134B2/en,https://patentimages.storage.googleapis.com/18/ef/58/d6d8ca643c94a3/US11367134.pdf,B-Threshold,General Threshold Processing,ALL,value-based routing,value-based routing,None (fallback)
patent/CN110073634B/en,Data conversion system and method,"… the scrambled lookup table results from swapping prime values (e.g., 17) in the lookup table. In other embodiments, when swapping values in a table, the last swap entry of the table is maintained such that when the table is then scrambled, the swap will start with the next entry in the table.",安捷Ｐｑ股份有限公司,S·A·费尔南德斯,2023-02-17,2017-06-05,2016-06-06,2023-02-17,CN110073634B,https://patents.google.com/patent/CN110073634B/en,https://patentimages.storage.googleapis.com/82/ef/0c/e682d61bb6970e/CN110073634B.pdf,B-Threshold,General Threshold Processing,ALL,value-based routing,value-based routing,None (fallback)
patent/US11812258B2/en,"Systems and methods for programming, controlling and monitoring wireless …","The Dev can also allow the user to program the handset of the household help personnel (i.e., cleaning person) to have access only to a certain limited function of the home security and monitor system, such as: entry and exit on certain day(s) of the week and certain time. And such the entry and …",Sol Mingso Li,Sol Mingso Li,2023-11-07,2020-05-09,2013-10-04,2023-11-07,US11812258B2,https://patents.google.com/patent/US11812258B2/en,https://patentimages.storage.googleapis.com/1d/6b/9f/9560046803d4a0/US11812258.pdf,B-Threshold,General Threshold Processing,ALL,value-based routing,value-based routing,None (fallback)
patent/US10652735B2/en,"Systems and methods for programming, controlling and monitoring wireless …","The Dev can also allow the user to program the handset of the household help personnel (i.e., cleaning person) to have access only to a certain limited function of the home security and monitor system, such as: entry and exit on certain day(s) of the week and certain time. And such the entry and …",Sol Mingso Li,Sol Mingso Li,2020-05-12,2018-05-11,2013-10-04,2020-05-12,US10652735B2,https://patents.google.com/patent/US10652735B2/en,https://patentimages.storage.googleapis.com/49/b3/13/7524fbf2f83f4c/US10652735.pdf,B-Threshold,General Threshold Processing,ALL,value-based routing,value-based routing,None (fallback)
patent/EP3731698B1/en,Bed having snore detection feature,"Abed system (100) comprising: a first bed (112) comprising: a first mattress; a first pressure sensor (1914) in communication with the first mattress to sense pressure applied to the first mattress, a first acoustic sensor (1902) placed to sense acoustics from a user on the first mattress, a first …",Sleep Number Corporation,Omid SAYADI,2023-10-11,2018-12-27,2017-12-28,2023-10-11,EP3731698B1,https://patents.google.com/patent/EP3731698B1/en,https://patentimages.storage.googleapis.com/e0/3d/76/87d28fd79d4134/EP3731698B1.pdf,B-Threshold,General Threshold Processing,ALL,value-based routing,value-based routing,None (fallback)
patent/US10341468B2/en,System and method for managing communications between a portable data terminal …,A communication protocol and system is disclosed for network communications between a data service residing on a client that provides network communications between one or more mobile applications on a mobile computing device and a network based on a process number. The shared data service …,Intermec Ip Corp.,Jaroslav Hala,2019-07-02,2017-04-27,2012-06-12,2019-07-02,US10341468B2,https://patents.google.com/patent/US10341468B2/en,https://patentimages.storage.googleapis.com/17/e2/96/9f7227f8d484cd/US10341468.pdf,B-Threshold,General Threshold Processing,ALL,value-based routing,value-based routing,None (fallback)
patent/US11865884B2/en,Smart cable system for a truck trailer,"… during particular modes of operation. For example, a yellow wire may be dedicated to the left turn signal and hazard lamps, a green wire may be dedicated to operate the right turn signal and hazard lamps, and a black wire may be dedicated for clearance side marker and identification lamps. In some …","Grote Industries, Inc.",Sankalp Pampattiwar,2024-01-09,2022-11-18,2018-11-29,2024-01-09,US11865884B2,https://patents.google.com/patent/US11865884B2/en,https://patentimages.storage.googleapis.com/db/51/df/f0207c14bf80a2/US11865884.pdf,B-Threshold,General Threshold Processing,ALL,value-based routing,value-based routing,None (fallback)
patent/KR102520387B1/en,Handling of measurement constructs following conditional mobility …,"An embodiment includes a method for conditional mobility within a radio access network (RAN) performed by a user equipment (UE). Such a method may include, from one or more RAN nodes (eg, a source RAN node and/or a target RAN node): a first indication of mobility operation; a second indication of …",Telefonaktiebolaget Lm Ericsson (Publ),세실리아 이클뢰프,2023-04-10,2020-01-29,2019-02-05,2023-04-10,KR102520387B1,https://patents.google.com/patent/KR102520387B1/en,https://patentimages.storage.googleapis.com/e5/65/65/9c2f7899065175/KR102520387B1.pdf,B-Threshold,General Threshold Processing,ALL,value-based routing,value-based routing,None (fallback)
patent/US11928729B2/en,Leveraging a network “positive card” list to inform risk management decisions,"A plurality of bank identification number (BIN) ranges are characterized according to credit risk. A list of the plurality of bank identification number (BIN) ranges characterized by credit risk is made available to a transit-specific payment network interface processor, which is coupled to a …",Mastercard International Incorporated,Jennifer DOGIN,2024-03-12,2022-12-01,2017-12-23,2024-03-12,US11928729B2,https://patents.google.com/patent/US11928729B2/en,https://patentimages.storage.googleapis.com/25/e8/28/8df0e3bf6b73cd/US11928729.pdf,B-Threshold,General Threshold Processing,ALL,value-based routing,value-based routing,None (fallback)
patent/US10938711B2/en,"Communications methods, apparatus and systems for providing scalable media …",FIG. 10 illustrates an exemplary type-3 media flow in accordance with an embodiment of the present invention. FIG. 11 illustrates exemplary instructions in the form of a flow table entry for a SDN programmable switch for the type-1 media flow illustrated in FIG. 7 . FIG. 12 illustrates exemplary …,"Ribbon Communications Operating Company, Inc.",Ashish Sharma,2021-03-02,2020-03-10,2017-05-16,2021-03-02,US10938711B2,https://patents.google.com/patent/US10938711B2/en,https://patentimages.storage.googleapis.com/a8/62/c8/4040aacc3b18ab/US10938711.pdf,B-Threshold,General Threshold Processing,ALL,value-based routing,value-based routing,None (fallback)
patent/RU2747966C2/en,Centralized control of software-defined automated system,"FIELD: industrial automated systems. SUBSTANCE: group of inventions relates to an industrial automated system. The method contains steps at which physical and virtual components of an industrial automated system are monitored, and the industrial automated system includes the first computing node …",Schneider Electric Industries Sas,Антонио ШОВЕ,2021-05-18,2016-10-12,2015-10-13,2021-05-18,RU2747966C2,https://patents.google.com/patent/RU2747966C2/en,https://patentimages.storage.googleapis.com/62/8f/10/cbdabe5ea577d6/RU2747966C2.pdf,B-Threshold,General Threshold Processing,ALL,value-based routing,value-based routing,None (fallback)
patent/US9734694B2/en,"Systems and methods for programming, controlling and monitoring wireless …","The Dev can also allow the user to program the handset of the household help personnel (i.e., cleaning person) to have access only to a certain limited function of the home security and monitor system, such as: entry and exit on certain day(s) of the week and certain time. And such the entry and …",Sol Mingso Li,Sol Mingso Li,2017-08-15,2014-09-25,2013-10-04,2017-08-15,US9734694B2,https://patents.google.com/patent/US9734694B2/en,https://patentimages.storage.googleapis.com/f2/56/53/fbc6724d384377/US9734694.pdf,B-Threshold,General Threshold Processing,ALL,value-based routing,value-based routing,None (fallback)
patent/EP3938893B1/en,Systems and methods for cache optimization,"The computer implemented method (2800) of claim 5, wherein a first cache line has a first age level setting, a second cache line has a second age level setting, and a third cache line has a third age level setting, wherein the third age level setting has a lowest age level setting causing an entry …",Intel Corporation,Altug Koker,2025-10-15,2020-03-14,2019-03-15,2025-10-15,EP3938893B1,https://patents.google.com/patent/EP3938893B1/en,,B-Threshold,General Threshold Processing,ALL,value-based routing,value-based routing,None (fallback)
patent/US12206657B2/en,Cloud-link adaptor of a multi-cloud infrastructure,Techniques are described for providing a multi-cloud control plane (MCCP) in a first cloud infrastructure (included in a first cloud environment provided by a first cloud services provider) that enables services and/or resources provided in the first cloud infrastructure to be utilized by users of …,Oracle International Corporation,Girish Nagaraja,2025-01-21,2023-02-01,2022-02-02,2025-01-21,US12206657B2,https://patents.google.com/patent/US12206657B2/en,https://patentimages.storage.googleapis.com/16/74/e0/5e2d3dc6e6fd55/US12206657.pdf,B-Threshold,General Threshold Processing,ALL,value-based routing,value-based routing,None (fallback)
patent/AU2016266084C1/en,Mesh network commissioning,"… , such as passphrases, device identifiers, and/or device addresses, for the joining devices cumbersome and error-prone for users. Mesh network commissioning techniques are described that increase user efficiency and data entry accuracy during commissioning of the joining devices to the mesh network.",Google Llc,Christopher A. Boross,2018-12-20,2016-12-02,2014-06-24,2018-12-20,AU2016266084C1,https://patents.google.com/patent/AU2016266084C1/en,https://patentimages.storage.googleapis.com/04/7e/00/91d12c56a96039/AU2016266084C1.pdf,B-Threshold,General Threshold Processing,ALL,value-based routing,value-based routing,None (fallback)
patent/US10212133B2/en,Accelerated pattern matching using pattern functions,"System, methods, and apparatuses enable a network security system to more efficiently perform pattern matching against data items. For example, the disclosed approaches may be used to improve the way in which a deep packet inspection (DPI) microservice performs pattern matching against data items …","ShieldX Networks, Inc.",Ratinder Paul Singh Ahuja,2019-02-19,2016-07-29,2016-07-29,2019-02-19,US10212133B2,https://patents.google.com/patent/US10212133B2/en,https://patentimages.storage.googleapis.com/66/75/e0/02830f1241e6ae/US10212133.pdf,B-Threshold,General Threshold Processing,ALL,value-based routing,value-based routing,None (fallback)
patent/US8809418B2/en,"Methods, materials and apparatus for treating bone and other tissue","A bone cement comprising a first component and a second component, wherein contacting the first component and the second component produces a mixture which attains a high viscosity an initial period and the viscosity of the mixture remains relatively stable for a working time of at least 5 minutes …","DePuy Synthes Products, LLC",Mordechay Beyar,2014-08-19,2013-03-11,2004-03-21,2014-08-19,US8809418B2,https://patents.google.com/patent/US8809418B2/en,https://patentimages.storage.googleapis.com/3d/17/9f/e00609c719c8da/US8809418.pdf,B-Threshold,General Threshold Processing,ALL,value-based routing,value-based routing,None (fallback)
patent/US11671355B2/en,Packet flow control in a header of a packet,"… to fail simultaneously. This is achieved by the ADs not sharing critical infrastructure resources such as networking, physical cables, cable paths, cable entry points, etc., such that a failure at one AD within a region is unlikely to impact the availability of the other ADs within the same region.",Oracle International Corporation,Shane Baker,2023-06-06,2021-02-05,2021-02-05,2023-06-06,US11671355B2,https://patents.google.com/patent/US11671355B2/en,https://patentimages.storage.googleapis.com/c2/14/41/e6ea443449224a/US11671355.pdf,B-Threshold,General Threshold Processing,ALL,value-based routing,value-based routing,None (fallback)
patent/AU2018399606B2/en,Bed having physiological event detecting feature,"A bed system (100) comprising a first bed (112) that includes a first mattress, first pressure sensor (146), first acoustic sensor (1902), and first controller (124) configured to receive first pressure readings and first acoustic readings. The first controller (124) is further configured to …",Ramazan Demirli,Ramazan Demirli,2024-09-12,2018-12-27,2018-01-05,2024-09-12,AU2018399606B2,https://patents.google.com/patent/AU2018399606B2/en,https://patentimages.storage.googleapis.com/26/ac/e3/627e45bd10d094/AU2018399606B2.pdf,B-Threshold,General Threshold Processing,ALL,value-based routing,value-based routing,None (fallback)
patent/US10736070B2/en,Method and system for use of a relay user equipment in an internet protocol …,"… with regard to FIG. 2 . In particular, UE 210 may communicate with a Proxy-Call Session Control Function (P-CSCF) 220 . P-CSCF 220 is the first point of entry into the IMS network. The P-CSCF 220 may include an IMS Application Level Gateway (IMS-ALG) 222 . Communications between UE 210 and P-CSCF 220",Blackberry Limited,Nicholas James Russell,2020-08-04,2017-07-26,2017-07-26,2020-08-04,US10736070B2,https://patents.google.com/patent/US10736070B2/en,https://patentimages.storage.googleapis.com/a4/af/38/1e107542762bbc/US10736070.pdf,B-Threshold,General Threshold Processing,ALL,value-based routing,value-based routing,None (fallback)
patent/CN106255967B/en,NameSpace management in distributed memory system,Each self-alignment sequence for indicating hashed value is calculated for each entry in the particular items list of the candidate node Column； Using the subsequence of the selection of each of the respective bit sequence come by the corresponding entry of the particular items list Distribute to …,"Amazon Technologies, Inc.",J·S·亨德里克森,2019-10-18,2015-03-26,2014-03-31,2019-10-18,CN106255967B,https://patents.google.com/patent/CN106255967B/en,https://patentimages.storage.googleapis.com/e1/22/6c/4589a2ed838c15/CN106255967B.pdf,B-Threshold,General Threshold Processing,ALL,value-based routing,value-based routing,None (fallback)
patent/US11601323B2/en,Techniques for wireless access and wireline network integration,"One embodiment is a method and includes receiving at a termination element of a first network a bandwidth report (“BWR”), in which the BWR includes information regarding a data transmission opportunity over a second network for at least one endpoint data; scheduling a first network transmission …","Cisco Technology, Inc.",John T. Chapman,2023-03-07,2020-08-31,2016-03-10,2023-03-07,US11601323B2,https://patents.google.com/patent/US11601323B2/en,https://patentimages.storage.googleapis.com/64/0b/cd/657b967874f82e/US11601323.pdf,B-Threshold,General Threshold Processing,ALL,value-based routing,value-based routing,None (fallback)
patent/EP3205055B1/en,Time variant data profile for a fabric network,"A non-transitory, computer-readable medium having stored thereon instructions for exchanging a data stream of information that varies over time using a message format, wherein the message format comprises: a version field (1156) that indicates a version of a structure of the message format; one or …",Google LLC,Sunny Vardhan GUJJARU,2020-05-27,2015-10-06,2014-10-08,2020-05-27,EP3205055B1,https://patents.google.com/patent/EP3205055B1/en,https://patentimages.storage.googleapis.com/ee/ed/e1/231556ab83042d/EP3205055B1.pdf,B-Threshold,General Threshold Processing,ALL,value-based routing,value-based routing,None (fallback)
patent/US20220039140A1/en,Control Channel Repetition Using Multiple Coresets,Control channel repetition may be used in wireless communications. A base station may send repeated downlink control information (DCI) or physical downlink control channel (PDCCH) to a wireless device. The base station may send configuration parameters to the wireless device to indicate a …,"Comcast Cable Communications, Llc",Yunjung Yi,2022-02-03,2021-07-28,2020-07-28,,US20220039140A1,https://patents.google.com/patent/US20220039140A1/en,https://patentimages.storage.googleapis.com/09/64/41/d8ec566abf362c/US20220039140A1.pdf,B-Threshold,General Threshold Processing,ALL,value-based routing,value-based routing,None (fallback)
patent/CN112997435B/en,Neural network formation configuration feedback for wireless communications,"Techniques and apparatus for neural network formation configuration feedback for wireless communications are described. A network entity (base station 120, core network server 302) determines a set of deep neural network reference signals (set 2002, 2104) to send on a physical channel for …",Google Llc,王继兵,2024-04-09,2019-09-04,2019-09-04,2024-04-09,CN112997435B,https://patents.google.com/patent/CN112997435B/en,https://patentimages.storage.googleapis.com/83/f7/12/06d6289e5a0c29/CN112997435B.pdf,B-Threshold,General Threshold Processing,ALL,value-based routing,value-based routing,None (fallback)
patent/US9876856B2/en,Intelligent network,A network intelligence system may include a plurality of sensors located throughout and industry system. The sensors may obtain data related to various aspects of the industry network. The network intelligence system may include system endpoint intelligence and system infrastructure intelligence.,Accenture Global Services Limited,John Dorn,2018-01-23,2013-07-08,2008-05-09,2018-01-23,US9876856B2,https://patents.google.com/patent/US9876856B2/en,https://patentimages.storage.googleapis.com/78/dc/dc/b1db926b37cee1/US9876856.pdf,B-Threshold,General Threshold Processing,ALL,value-based routing,value-based routing,None (fallback)
patent/US10321624B2/en,Air seeder manifold system,"A manifold system for balancing particle delivery from multiple discharge outlets includes a diverter subassembly movably mounted in a manifold for balancing discharge from the outlets. The manifold system is disclosed in an agricultural air seeder application, with the particles comprising tubes …",Intelligent Agriculture Solutions LLC,Adam A. Reich,2019-06-18,2017-02-13,2011-03-11,2019-06-18,US10321624B2,https://patents.google.com/patent/US10321624B2/en,https://patentimages.storage.googleapis.com/7e/da/b9/61b50f2d7fd404/US10321624.pdf,B-Threshold,General Threshold Processing,ALL,value-based routing,value-based routing,None (fallback)
patent/US10122798B2/en,System and process for managing network communications,A communication protocol and system is disclosed for network communications between a data service residing on a client that provides network communications between one or more mobile applications on a source and a network based on a process number. The shared data service communicates with a data …,Intermec Ip Corp.,Garrick Fiala,2018-11-06,2016-12-28,2012-06-12,2018-11-06,US10122798B2,https://patents.google.com/patent/US10122798B2/en,https://patentimages.storage.googleapis.com/d8/74/85/9026745f3bcfd7/US10122798.pdf,B-Threshold,General Threshold Processing,ALL,value-based routing,value-based routing,None (fallback)
patent/CN106233264B/en,File storage using variable stripe size,Figure 47 show according at least some embodiments NameSpace can be inserted an entry into as trial caused by two types The example of the first in the HDAG node split of type. Figure 48 show according at least some embodiments NameSpace can be inserted an entry into as trial caused by two types …,"Amazon Technologies, Inc.",M·J·奥卡瑞伦,2019-06-07,2015-03-31,2014-03-31,2019-06-07,CN106233264B,https://patents.google.com/patent/CN106233264B/en,https://patentimages.storage.googleapis.com/06/c1/ef/2d70b46ac97801/CN106233264B.pdf,B-Threshold,General Threshold Processing,ALL,value-based routing,value-based routing,None (fallback)
patent/US11904127B2/en,Microneedle enclosure and applicator device for microneedle array based …,An applicator for an analyte monitoring device may include an actuatable housing having a body defining a cavity therein and having a distal opening and a side opening. A cuff and a shuttle are received within the cavity and are separately translatable relative to the housing body. A base may …,Biolinq Incorporated,"George Albert Mansfield, III",2024-02-20,2023-04-25,2021-09-28,2024-02-20,US11904127B2,https://patents.google.com/patent/US11904127B2/en,https://patentimages.storage.googleapis.com/45/0b/d5/f17db419448040/US11904127.pdf,B-Threshold,General Threshold Processing,ALL,value-based routing,value-based routing,None (fallback)
patent/US10805449B1/en,Screen interface for a mobile device apparatus,"25. The method of claim 16 , wherein the instructions, when executed by the device, cause the device to detect an entry of a parameter, where the at least one action is performed in response to the detection that the parameter is met in connection with the at least one trigger being triggered. 26. …",Majen Tech Llc,George Andrew Gordon,2020-10-13,2020-01-13,2013-01-10,2020-10-13,US10805449B1,https://patents.google.com/patent/US10805449B1/en,https://patentimages.storage.googleapis.com/29/6c/fc/c2a9b9e4ad0178/US10805449.pdf,B-Threshold,General Threshold Processing,ALL,value-based routing,value-based routing,None (fallback)
patent/CN111630928B/en,Multiple TBSs for MSG3 in data transmission during random access,"A base station (110) enables a wireless device (120) (e.g., a user equipment) to transmit user data on an uplink (130) during random access. The base station (110) transmits a resource grant indicating a plurality of options, allowing the wireless device (120) to select from the plurality of …",Telefonaktiebolaget Lm Ericsson (Publ),A·赫格伦,2024-04-23,2019-01-03,2018-01-24,2024-04-23,CN111630928B,https://patents.google.com/patent/CN111630928B/en,https://patentimages.storage.googleapis.com/aa/ca/4e/f6a58fa4018e90/CN111630928B.pdf,B-Threshold,General Threshold Processing,ALL,value-based routing,value-based routing,None (fallback)
patent/TWI877610B/en,Nuts: encrypted userdata transit and storage,"… unit as claimed in claim 11, wherein the log type includes entries relating to historical revisions of the data in the storage unit for protected data. A storage unit as in claim 7, wherein at least one parameter stored in the protected storage unit controls a method of generating a log entry. The …",Nuts Holdings Llc,允浩 魚,2025-03-21,2017-09-14,2016-09-15,2025-03-21,TWI877610B,https://patents.google.com/patent/TWI877610B/en,https://patentimages.storage.googleapis.com/53/a8/1f/650b36d5a59474/TWI877610B.pdf,B-Threshold,General Threshold Processing,ALL,value-based routing,value-based routing,None (fallback)
patent/US10698892B2/en,Order-independent multi-record hash generation and data filtering,"A process is provided for independently hashing and filtering a data set, such as during preprocessing. For the data set, one or more records, separately having one or more fields, may be identified. A record hash value set, containing one or more record hash values for the respective one or more …",Sap Se,Nosub Sung,2020-06-30,2018-04-10,2018-04-10,2020-06-30,US10698892B2,https://patents.google.com/patent/US10698892B2/en,https://patentimages.storage.googleapis.com/95/57/77/1a6f17e3387cb4/US10698892.pdf,B-Threshold,General Threshold Processing,ALL,value-based routing,value-based routing,None (fallback)
patent/US20220303238A1/en,Wireless Network Reliability Over Relatively Low-Power Protocols,Systems and methods relating to communication over relatively low power protocols by adding reliability functionality are presented. Sent messages having reliability functionality include an acknowledgment request flag that indicates that the message includes a request to acknowledge the request …,Google Llc,Pradip De,2022-09-22,2022-04-11,2014-12-17,,US20220303238A1,https://patents.google.com/patent/US20220303238A1/en,https://patentimages.storage.googleapis.com/d2/79/9d/8f3f3199894d3b/US20220303238A1.pdf,B-Threshold,General Threshold Processing,ALL,value-based routing,value-based routing,None (fallback)
patent/US10467559B1/en,Order fulfillment and tracking systems and methods,"in-store pricing/price management (e.g., product labeling, shelf labeling, and price checks); markdown and clearance ticketing (e.g., weekly circulars, shelf talkers, clearance items, standard markdowns, perishables and coupons); mobile point-of-sale transactions (e.g., line busting, sidewalk sales …","Square, Inc.",Tait Svenson,2019-11-05,2017-09-29,2017-09-29,2019-11-05,US10467559B1,https://patents.google.com/patent/US10467559B1/en,https://patentimages.storage.googleapis.com/52/63/6f/5286c0888f5c43/US10467559.pdf,B-Threshold,General Threshold Processing,ALL,value-based routing,value-based routing,None (fallback)
patent/EP3946090B1/en,Forceps drive shaft,"A surgical forceps (2000) comprising: a drive pin (2016); an outer tube (2028) defining a longitudinal axis (A1); a first jaw (2010) pivotably connected to the outer tube (2028), the first jaw (2010) including a pair of flanges (2020) located at a proximal portion of the first jaw (2010), each …","Gyrus ACMI, Inc. d/b/a/ Olympus Surgical Technologies America",Hanam PHAM,2025-01-08,2020-03-25,2019-03-29,2025-01-08,EP3946090B1,https://patents.google.com/patent/EP3946090B1/en,https://patentimages.storage.googleapis.com/16/e7/4b/44c7f57da3e0c9/EP3946090B1.pdf,B-Threshold,General Threshold Processing,ALL,value-based routing,value-based routing,None (fallback)
patent/US12306771B2/en,Efficient data sharing for graphics data processing operations,"An apparatus to facilitate efficient data sharing for graphics data processing operations is disclosed. The apparatus includes a processing resource to generate a stream of instructions, an L1 cache communicably coupled to the processing resource and comprising an on-page detector circuit to …",Intel Corporation,Joydeep Ray,2025-05-20,2024-05-22,2020-03-27,2025-05-20,US12306771B2,https://patents.google.com/patent/US12306771B2/en,https://patentimages.storage.googleapis.com/04/eb/50/4c99b9e1d41bb4/US12306771B2.pdf,B-Threshold,General Threshold Processing,ALL,value-based routing,value-based routing,None (fallback)
patent/US12368747B1/en,Using a logical graph to monitor an environment,"A data platform receives data associated with activities in an environment, generates a logical graph using at least a portion of the received data, the logical graph representative of launch behaviors of components in the environment, detects an anomaly based on the logical graph, and generates …","Fortinet, Inc.",Harish Kumar Bharat Singh,2025-07-22,2023-10-31,2019-12-23,2025-07-22,US12368747B1,https://patents.google.com/patent/US12368747B1/en,,B-Threshold,General Threshold Processing,ALL,value-based routing,value-based routing,None (fallback)
patent/US10318992B2/en,Cross-device geolocation sensing to geotarget offers,"Provided is a process of distributing offers to non-location-sensing devices based on a geolocation sensed by another device, the process comprising: obtaining a geolocation of a user from a mobile device of the user; associating the geolocation of the user with an identifier of the user in an …","Retailmenot, Inc.",Brian Keith Showers,2019-06-11,2017-02-01,2012-06-11,2019-06-11,US10318992B2,https://patents.google.com/patent/US10318992B2/en,https://patentimages.storage.googleapis.com/a4/53/0d/47621d0ac3fd6c/US10318992.pdf,B-Threshold,General Threshold Processing,ALL,value-based routing,value-based routing,None (fallback)
patent/US12395573B1/en,Monitoring communications in a containerized environment,"In some embodiments, a data platform receives a first set of connection information collected from a first machine in a cloud environment, receives a second set of connection information collected from a second machine in the cloud environment, identifies, based on the first set of connection …","Fortinet, Inc.",Rakesh Sachdeva,2025-08-19,2023-08-02,2019-12-23,2025-08-19,US12395573B1,https://patents.google.com/patent/US12395573B1/en,,B-Threshold,General Threshold Processing,ALL,value-based routing,value-based routing,None (fallback)
patent/JP6880100B2/en,Antibody constructs against CDH19 and CD3,"An isolated multispecific antibody comprising a first human binding domain capable of binding human CDH19 on the surface of target cells and a second domain capable of binding human CD3 on the surface of T cells. It ’s a structure , The first binding domain is (1) CDR-H1 shown by SEQ ID NO: 124, …",Amgen Research (Munich) Gmbh,ショーホア シャオ,2021-06-02,2019-04-24,2013-01-25,2021-06-02,JP6880100B2,https://patents.google.com/patent/JP6880100B2/en,https://patentimages.storage.googleapis.com/f9/15/e5/c3aac1f246cbb5/JP6880100B2.pdf,B-Threshold,General Threshold Processing,ALL,value-based routing,value-based routing,None (fallback)
patent/US10554454B2/en,Methods and apparatus for inducing electromagnetic waves in a cable,"In accordance with one or more embodiments, a system can include a plurality of twisted insulated conductors, and a communication device coupled to a first conductive endpoint of each insulated conductor of the plurality of twisted insulated conductors. The communication device can facilitate …","At&T Intellectual Property I, L.P.",Paul Shala Henry,2020-02-04,2017-10-06,2014-11-20,2020-02-04,US10554454B2,https://patents.google.com/patent/US10554454B2/en,https://patentimages.storage.googleapis.com/ca/71/3d/1a5c731a569076/US10554454.pdf,B-Threshold,General Threshold Processing,ALL,value-based routing,value-based routing,None (fallback)
patent/US11025460B2/en,Methods and apparatus for accessing interstitial areas of a cable,"In accordance with one or more embodiments, a cabling system can include a plurality of cables, and a tapered supporting structure coupled to the plurality of cables. The tapered supporting structure can facilitate exposure of an endpoint of each cable of the plurality of cables, and the endpoint …","At&T Intellectual Property I, L.P.",Paul Shala Henry,2021-06-01,2017-10-06,2014-11-20,2021-06-01,US11025460B2,https://patents.google.com/patent/US11025460B2/en,https://patentimages.storage.googleapis.com/0b/24/a3/ea6bb78f9e43a4/US11025460.pdf,B-Threshold,General Threshold Processing,ALL,value-based routing,value-based routing,None (fallback)
patent/US10516555B2/en,Methods and apparatus for creating interstitial areas in a cable,"In accordance with one or more embodiments, a system can include a plurality of cables, wherein each cable of the plurality of cables includes an insulation layer comprising a helix structure. The helix structure of each cable of the plurality of cables can facilitate formation of a plurality of …","At&T Intellectual Property I, L.P.",Paul Shala Henry,2019-12-24,2017-10-06,2014-11-20,2019-12-24,US10516555B2,https://patents.google.com/patent/US10516555B2/en,https://patentimages.storage.googleapis.com/9c/ff/69/ef1bc75b2fb73f/US10516555.pdf,B-Threshold,General Threshold Processing,ALL,value-based routing,value-based routing,None (fallback)
patent/US10652054B2/en,Methods and apparatus for inducing electromagnetic waves within pathways of a …,"In accordance with one or more embodiments, a system can include a plurality of uninsulated conductors that is stranded together. The plurality of uninsulated conductors can form a hollow pathway that is bounded by internal conductive surfaces of at least three of the plurality of uninsulated …","At&T Intellectual Property I, L.P.",Paul Shala Henry,2020-05-12,2019-08-13,2014-11-20,2020-05-12,US10652054B2,https://patents.google.com/patent/US10652054B2/en,https://patentimages.storage.googleapis.com/3d/43/b0/12ebe7ebb9e54b/US10652054.pdf,B-Threshold,General Threshold Processing,ALL,value-based routing,value-based routing,None (fallback)
patent/US10505250B2/en,Communication system having a cable with a plurality of stranded uninsulated …,"In accordance with one or more embodiments, a communication system, includes at least one launcher configured to generate first guided electromagnetic waves in response to a first communication signal conveying first data, wherein the first guided electromagnetic waves are guided by a structure …","At&T Intellectual Property I, L.P.",Paul Shala Henry,2019-12-10,2017-11-03,2014-11-20,2019-12-10,US10505250B2,https://patents.google.com/patent/US10505250B2/en,https://patentimages.storage.googleapis.com/9c/43/d1/cb306ed8f37448/US10505250.pdf,B-Threshold,General Threshold Processing,ALL,value-based routing,value-based routing,None (fallback)
patent/US10505248B2/en,Communication cable having a plurality of uninsulated conductors forming …,"In accordance with one or more embodiments, a method includes: receiving, at a stranded cable, a communication signal and a medium voltage power signal; propagating, by the stranded cable, the medium voltage power signal as an electrical signal utilizing an electrical return path; and propagating, …","At&T Intellectual Property I, L.P.",Paul Shala Henry,2019-12-10,2017-11-03,2014-11-20,2019-12-10,US10505248B2,https://patents.google.com/patent/US10505248B2/en,https://patentimages.storage.googleapis.com/a6/00/3a/30b767e0361d07/US10505248.pdf,B-Threshold,General Threshold Processing,ALL,value-based routing,value-based routing,None (fallback)
patent/US10505252B2/en,Communication system having a coupler for guiding electromagnetic waves through …,"In accordance with one or more embodiments, a communication system, includes a first coupler configured to guide a first communication signal conveying first data to an interior of a cable, wherein the first coupler is further configured to generate first guided electromagnetic waves in response …","At&T Intellectual Property I, L.P.",Bruce E. Stuckman,2019-12-10,2017-11-03,2014-11-20,2019-12-10,US10505252B2,https://patents.google.com/patent/US10505252B2/en,https://patentimages.storage.googleapis.com/81/ec/fe/d2df9ad7ad8120/US10505252.pdf,B-Threshold,General Threshold Processing,ALL,value-based routing,value-based routing,None (fallback)
patent/US10505249B2/en,Communication system having a cable with a plurality of stranded uninsulated …,"In accordance with one or more embodiments, a communication system includes a launcher configured to generate first guided electromagnetic waves in response to a first communication signal conveying first data, wherein the first guided electromagnetic waves are guided by a structure within a cable …","At&T Intellectual Property I, L.P.",Paul Shala Henry,2019-12-10,2017-11-03,2014-11-20,2019-12-10,US10505249B2,https://patents.google.com/patent/US10505249B2/en,https://patentimages.storage.googleapis.com/61/c6/17/72e2856944863d/US10505249.pdf,B-Threshold,General Threshold Processing,ALL,value-based routing,value-based routing,None (fallback)
patent/EP4002904A1/en,Technologies for radio equipment cybersecurity and multiradio interface testing,"The present disclosure is related to reconfigurable radio equipment and edge computing, and in particular, to technologies for cyber security and radio equipment supporting certain features ensuring protection from fraud, and testing interfaces related to reconfigurable radio equipment. Other …",Intel Corporation,Markus Dominik Mueck,2022-05-25,2021-09-28,2020-11-13,,EP4002904A1,https://patents.google.com/patent/EP4002904A1/en,https://patentimages.storage.googleapis.com/0f/a2/6a/d60ad79bc02a27/EP4002904A1.pdf,B-Threshold,General Threshold Processing,ALL,value-based routing,value-based routing,None (fallback)
patent/CA3043686C/en,Method and apparatus for augmented virtual models and orienteering,"The present invention provides Augmented Virtual Models accessible via Orienteering using a smart device. The smart device is operative to identify a position within a building and use fine-grain location monitoring to guide a user to a desired location. Upon reaching the desired location, the …","Middle Chart, LLC",Michael S. Santarone,2022-08-30,2019-05-17,2018-07-31,2022-08-30,CA3043686C,https://patents.google.com/patent/CA3043686C/en,https://patentimages.storage.googleapis.com/a2/51/18/109932df0146f0/CA3043686C.pdf,B-Threshold,General Threshold Processing,ALL,value-based routing,value-based routing,None (fallback)
patent/US10943311B1/en,Order fulfillment and tracking systems and methods,"in-store pricing/price management (e.g., product labeling, shelf labeling, and price checks); markdown and clearance ticketing (e.g., weekly circulars, shelf talkers, clearance items, standard markdowns, perishables and coupons); mobile point-of-sale transactions (e.g., line busting, sidewalk sales …","Square, Inc.",Tait Svenson,2021-03-09,2017-09-29,2017-09-29,2021-03-09,US10943311B1,https://patents.google.com/patent/US10943311B1/en,https://patentimages.storage.googleapis.com/cd/fe/24/bdb6db71fe854d/US10943311.pdf,B-Threshold,General Threshold Processing,ALL,value-based routing,value-based routing,None (fallback)
patent/CN110166161B/en,Method for automatic assessment of service impairments in wavelength division …,The present invention relates to a method for automatic assessment of service impairments in wavelength division multiplexed optical communication networks. Selecting a single wavelength optical path between the source and destination access nodes of a wavelength division multiplexed optical …,Massachusetts Institute Of Technology,张蕾,2020-10-20,2016-06-02,2015-06-02,2020-10-20,CN110166161B,https://patents.google.com/patent/CN110166161B/en,https://patentimages.storage.googleapis.com/59/21/ea/de2fb51c204d26/CN110166161B.pdf,B-Threshold,General Threshold Processing,ALL,value-based routing,value-based routing,None (fallback)
patent/US20250324199A1/en,Audio noise determination using one or more neural networks,"Apparatuses, systems, and techniques are presented to reduce noise in audio. In at least one embodiment, one or more neural networks are used to determine a noise signal in one or more speech signals.",Nvidia Corporation,Mihir Nyayate,2025-10-16,2024-11-21,2020-05-14,,US20250324199A1,https://patents.google.com/patent/US20250324199A1/en,,B-Threshold,General Threshold Processing,ALL,value-based routing,value-based routing,None (fallback)
patent/US20250222319A1/en,Golf club heads,"A cast cup can include a forward portion of a golf club head, including a hosel, forward portions of a crown, sole, heel, and toe, and a face portion or an opening to receive a face insert. A rear ring can be formed separately from the cast cup and coupled to heel and toe portions of the cast cup …","Taylor Made Golf Company, Inc.",Matthew Greensmith,2025-07-10,2025-01-16,2017-08-10,,US20250222319A1,https://patents.google.com/patent/US20250222319A1/en,https://patentimages.storage.googleapis.com/f8/39/3f/150fe3e4469055/US20250222319A1.pdf,B-Threshold,General Threshold Processing,ALL,value-based routing,value-based routing,None (fallback)
patent/US9030937B2/en,Backplane interface adapter with error control and redundant fabric,"This application is a continuation application of U.S. application Ser. No. 13/488,229, filed Jun. 4, 2012, now U.S. Pat. No. 8,514,716, issued Aug. 20, 2013, which is a continuation application of U.S. application Ser. No. 13/083,481, filed Apr. 8, 2011, now U.S. Pat. No. 8,619,781, issued Dec.","Foundry Networks, Llc",Ronak Patel,2015-05-12,2013-07-11,2000-11-17,2015-05-12,US9030937B2,https://patents.google.com/patent/US9030937B2/en,https://patentimages.storage.googleapis.com/5b/48/39/5734d48e518466/US9030937.pdf,B-Threshold,General Threshold Processing,ALL,value-based routing,value-based routing,None (fallback)
patent/US20220080121A1/en,Ambulatory medicament device with security override passcode,is a schematic illustrating a computer system that can be implemented in various embodiments of the described subject matter. FIG. 45 is a flow diagram of a process for receiving manual entry of a medicament dose on an ambulatory device. DETAILED DESCRIPTION Some embodiments described herein …,"Beta Bionics, Inc.",Michael J. Rosinko,2022-03-17,2021-09-27,2019-07-16,,US20220080121A1,https://patents.google.com/patent/US20220080121A1/en,https://patentimages.storage.googleapis.com/fb/7e/e9/754a385abaf5c2/US20220080121A1.pdf,B-Threshold,General Threshold Processing,ALL,value-based routing,value-based routing,None (fallback)
patent/US11189368B2/en,"Systems, computer media, and methods for using electromagnetic frequency (EMF) …","Methods, apparatuses, non-transitory computer readable storage media, computer systems, networks, and/or systems for monitoring, collection, analysis, use and tracking of personal data, biometric data, medical data, transaction data, electronic payment data, location data and other data to develop …",Stephan HEATH,Stephan HEATH,2021-11-30,2018-01-05,2014-12-24,2021-11-30,US11189368B2,https://patents.google.com/patent/US11189368B2/en,https://patentimages.storage.googleapis.com/96/60/b9/b92d6a87ebeb3a/US11189368.pdf,B-Threshold,General Threshold Processing,ALL,value-based routing,value-based routing,None (fallback)
patent/EP2124491B1/en,Remote administration of mobile wireless devices,illustrates features of an embodiment of appointment data. Figure 21 illustrates features of an embodiment of memo data. Figure 22 illustrates features of an embodiment of an address book entry. Figure 23 illustrates features of an embodiment of a recurrence table. Figure 24 illustrates features of …,Research In Motion Limited,Thane Eisener,2012-12-26,2009-04-16,2008-05-23,2012-12-26,EP2124491B1,https://patents.google.com/patent/EP2124491B1/en,https://patentimages.storage.googleapis.com/a3/5b/ed/b52ba42e74c3a6/EP2124491B1.pdf,B-Threshold,General Threshold Processing,ALL,value-based routing,value-based routing,None (fallback)
patent/US9983846B2/en,"Systems, methods, and apparatus for recording three-dimensional audio and …","Embodiments can include systems, methods, and apparatus for recording three-dimensional audio and associated data. In one embodiment, an apparatus can include a base, a stick operable to move in either an X-axis direction or a Y-axis direction with respect to the base, a pedal operable to mount to …","Strubwerks, LLC",Tyner Brentz Strub,2018-05-29,2016-08-23,2012-12-20,2018-05-29,US9983846B2,https://patents.google.com/patent/US9983846B2/en,https://patentimages.storage.googleapis.com/e0/ec/61/e151bcd12be945/US9983846.pdf,B-Threshold,General Threshold Processing,ALL,value-based routing,value-based routing,None (fallback)
patent/US20240403719A1/en,Systems And Methods For Detecting Long Term Seasons,"INCORPORATION BY REFERENCE; DISCLAIMER Each of the following applications are hereby incorporated by reference: application Ser. No. 16/168,377 filed on Oct. 23, 2018; Application Ser. No. 15/266,971 filed on Sep. 15, 2026; application Ser. No. 15/445,763 filed on Feb. 28, 2017; application Ser.",Oracle International Corporation,Dustin Garvey,2024-12-05,2024-06-03,2018-10-23,,US20240403719A1,https://patents.google.com/patent/US20240403719A1/en,https://patentimages.storage.googleapis.com/f4/0d/bf/bab694e1a6652f/US20240403719A1.pdf,B-Threshold,General Threshold Processing,ALL,value-based routing,value-based routing,None (fallback)
patent/US10168360B2/en,Measurement device for lighting installations and related methods,"Techniques are disclosed for measurement devices and methods to obtain measurements of various physical parameters in an integrated manner. For example, according to one or more embodiments, a measurement device includes a housing configured to be hand-held by a user; a light sensor configured to …","Flir Systems, Inc.",Michael Fox,2019-01-01,2016-04-12,2013-10-18,2019-01-01,US10168360B2,https://patents.google.com/patent/US10168360B2/en,https://patentimages.storage.googleapis.com/99/4d/03/a0dd001885253a/US10168360.pdf,B-Threshold,General Threshold Processing,ALL,value-based routing,value-based routing,None (fallback)
patent/US10878497B2/en,System and method for low friction operator interface on a mobile device,"… to communicate with any particular entity, the type of data to be obtained or presented, the time interval at which data is obtained from the entities, the types of systems utilized at the various entities, etc. Thus, these interfaces may include, for example web pages, web services, a data entry …","Fair Ip, Llc",Scott Edward Painter,2020-12-29,2018-01-17,2017-01-17,2020-12-29,US10878497B2,https://patents.google.com/patent/US10878497B2/en,https://patentimages.storage.googleapis.com/7e/1c/dc/876d5d5ce79ae2/US10878497.pdf,B-Threshold,General Threshold Processing,ALL,value-based routing,value-based routing,None (fallback)
patent/US20210407051A1/en,Image generation using one or more neural networks,"Apparatuses, systems, and techniques are presented to remove objects from images and perform inpainting for regions of object removal. In at least one embodiment, one or more neural networks are used to remove one or more objects from one or more images, wherein the one or more objects are of a …",Nvidia Corporation,Siddhant Pardeshi,2021-12-30,2020-06-26,2020-06-26,,US20210407051A1,https://patents.google.com/patent/US20210407051A1/en,https://patentimages.storage.googleapis.com/85/b0/ec/acb3f960abf811/US20210407051A1.pdf,B-Threshold,General Threshold Processing,ALL,value-based routing,value-based routing,None (fallback)
patent/US12261974B1/en,Screen interface for a mobile device apparatus,"… a service (e.g. Bluetooth, WiFi, GPS, NFC, device volume, device screen brightness, etc.), creating a data file (e.g. email, document, photo, SMS, posting, etc.), modifying and/or deleting a data file (e.g. email, document, photo, SMS, posting, etc.), importing and/or exporting a data entry (e.g. …","W74 Technology, Llc",George Andrew Gordon,2025-03-25,2020-08-11,2013-01-10,2025-03-25,US12261974B1,https://patents.google.com/patent/US12261974B1/en,https://patentimages.storage.googleapis.com/c0/f4/fd/8c97f6d0238fb5/US12261974.pdf,B-Threshold,General Threshold Processing,ALL,value-based routing,value-based routing,None (fallback)
patent/US10136172B2/en,Apparatus and methods for content delivery and message exchange across multiple …,"Methods and apparatus for providing protected content to subscribers of a managed (e.g., MSO) network via a content source accessible via an internetwork such as the Internet. In one embodiment, a user accesses a programmer website, and requests content. The programmer determines whether the …",Time Warner Cable Enterprises Llc,Gary Cronk,2018-11-20,2015-09-22,2008-11-24,2018-11-20,US10136172B2,https://patents.google.com/patent/US10136172B2/en,https://patentimages.storage.googleapis.com/50/d7/5f/839d58575733c4/US10136172.pdf,B-Threshold,General Threshold Processing,ALL,value-based routing,value-based routing,None (fallback)
patent/US11902296B2/en,Using a security analytics map to trace entity interaction,"202 shown in FIG. 2 , broadly refers to a device providing an entry point into a network 140 . Examples of such edge devices 202 may include routers, routing switches, integrated access devices (IADs), multiplexers, wide-area network (WAN) access devices, and network security appliances. In certain …",Forcepoint Llc,Andrew Mortensen,2024-02-13,2020-12-31,2017-05-15,2024-02-13,US11902296B2,https://patents.google.com/patent/US11902296B2/en,https://patentimages.storage.googleapis.com/95/6a/4f/47719dc53580a6/US11902296.pdf,B-Threshold,General Threshold Processing,ALL,value-based routing,value-based routing,None (fallback)
patent/US12369092B2/en,Conditional configuration in a wireless communication network,A wireless device ( 16 ) receives a control message ( 26 ) that indicates a nested conditional configuration ( 28 ). The nested conditional configuration ( 28 ) includes an outer conditional configuration ( 28 - 1 ) and an inner conditional configuration ( 28 - 2 ). The wireless device ( 16 ) is to apply the outer …,Telefonaktiebolaget Lm Ericsson (Publ),Oumer Teyeb,2025-07-22,2020-07-17,2019-07-19,2025-07-22,US12369092B2,https://patents.google.com/patent/US12369092B2/en,,B-Threshold,General Threshold Processing,ALL,value-based routing,value-based routing,None (fallback)
patent/CN111919408B/en,Signaling of frequency domain resource assignment,Long Term Evolution (LTE) is a so-called fourth generation (4G) radio connection developed within the 3rd Generation Partnership Project (3GPP) and initially standardized in Releases 8 and 9 (also known as Evolved UTRAN (E-UTRAN)). Umbrella term for entry technology. LTE targets various licensed …,Telefonaktiebolaget Lm Ericsson (Publ),李静雅,2022-05-10,2019-03-13,2018-03-27,2022-05-10,CN111919408B,https://patents.google.com/patent/CN111919408B/en,https://patentimages.storage.googleapis.com/20/47/2a/d644d24923b24d/CN111919408B.pdf,B-Threshold,General Threshold Processing,ALL,value-based routing,value-based routing,None (fallback)
patent/US10387857B2/en,Apparatus and method for processing a multimedia commerce service,"A method of processing a commerce service in a commerce processor communicating with a customer premises equipment (CPE), the method including executing a first browser and outputting a coordinate corresponding to a bitmap associated with inputted payment data on a screen of the first browser, …",Lg Electronics Inc.,Youngah KIM,2019-08-20,2014-02-28,2013-02-28,2019-08-20,US10387857B2,https://patents.google.com/patent/US10387857B2/en,https://patentimages.storage.googleapis.com/ee/78/71/68e2bf8e40a378/US10387857.pdf,B-Threshold,General Threshold Processing,ALL,value-based routing,value-based routing,None (fallback)
patent/EP3471782B1/en,Sterilization system to treat an item,"… and enclosed area (be it a unitary or multipart chamber), the insert configured to contain the at least one item to be disinfected. There is also, in several facets, at least one seal on the chamber that is configured to allow entry of the disinfecting effluent into the sealed and enclosed area.",Sterifre Medical Inc.,Rick SHEA,2025-07-09,2017-06-15,2016-06-17,2025-07-09,EP3471782B1,https://patents.google.com/patent/EP3471782B1/en,https://patentimages.storage.googleapis.com/fb/11/e8/ed5c8cc429dee7/EP3471782B1.pdf,B-Threshold,General Threshold Processing,ALL,value-based routing,value-based routing,None (fallback)
patent/EP3631783B1/en,Surgical simulation system using force sensing and optical tracking and robotic …,"A surgical simulation device (300) comprising: a support plate (310) defining a datum reference; a mannequin support structure (338) carried by the support plate (310) and comprising top and bottom interconnected plates (330, 332), each having a cut out (339); a mannequin (302) carried by the …","Intuitive Surgical Operations, Inc.",W. Andrew Grubbs,2021-06-23,2018-04-30,2017-05-24,2021-06-23,EP3631783B1,https://patents.google.com/patent/EP3631783B1/en,https://patentimages.storage.googleapis.com/b9/d1/0f/2aa926dbbdc069/EP3631783B1.pdf,B-Threshold,General Threshold Processing,ALL,value-based routing,value-based routing,None (fallback)
patent/EP3752872B1/en,Sealed closure with fiber optic organizer,"A sealed enclosure (100, 800, 900, 2000) comprising: a housing (110, 802, 902, 2002) defining an opening (816, 908, 2008); a cable sealing arrangement (119, 820, 914, 2010) including: inner and outer sealant axial containment structures (129, 850, 852, 920, 922, 2022, 2024) that are axially fixed …",CommScope Technologies LLC,Johan Geens,2024-06-19,2019-02-13,2018-02-13,2024-06-19,EP3752872B1,https://patents.google.com/patent/EP3752872B1/en,https://patentimages.storage.googleapis.com/3d/13/67/a75403065fe010/EP3752872B1.pdf,B-Threshold,General Threshold Processing,ALL,value-based routing,value-based routing,None (fallback)
patent/US11751359B2/en,Intelligent movable flow controller and cooling manifold for datacenter cooling …,"Systems and methods for cooling a datacenter are disclosed. In at least one embodiment, a first flow controller within a cooling manifold is associated with a second flow controller and with a tube there between; and the first flow controller is movable in at least one direction relative to …",Nvidia Corporation,Ali Heydari,2023-09-05,2021-01-06,2021-01-06,2023-09-05,US11751359B2,https://patents.google.com/patent/US11751359B2/en,https://patentimages.storage.googleapis.com/f8/a1/1e/7ec61b58b638e9/US11751359.pdf,B-Threshold,General Threshold Processing,ALL,value-based routing,value-based routing,None (fallback)
patent/US20240064014A9/en,Methods and systems implemented in a network architecture with nodes capable of …,"A method for establishing connection weights between network nodes is implemented by communicating data processing units, a public key and a private key being associated with each node, a given node being able to communicate its public key to another node, thus forming a so-called real connection …",Enrico Maim,Enrico Maim,2024-02-22,2021-10-25,2016-01-15,,US20240064014A9,https://patents.google.com/patent/US20240064014A9/en,https://patentimages.storage.googleapis.com/d7/6c/d7/2c09f590634e94/US20240064014A9.pdf,B-Threshold,General Threshold Processing,ALL,value-based routing,value-based routing,None (fallback)
patent/US11516126B2/en,Techniques for high performant virtual routing capabilities,"Techniques are disclosed for providing high performant packets processing capabilities in a virtualized cloud environment that enhance the scalability and high availability of the packets processing infrastructure. In certain embodiments disclosed herein, the VNICs functionality performed by …",Oracle International Corporation,Leonard Thomas Tracy,2022-11-29,2021-02-12,2020-10-14,2022-11-29,US11516126B2,https://patents.google.com/patent/US11516126B2/en,https://patentimages.storage.googleapis.com/7b/20/aa/64027282c9a450/US11516126B2.pdf,B-Threshold,General Threshold Processing,ALL,value-based routing,value-based routing,None (fallback)
patent/US11638419B2/en,Sensor station system for pest monitoring,"100 as constructed according to the disclosure. The exterior case 102 contains electronic components of the sensor station, and is shown in FIG. 1 as water-proof, resisting the entry of liquids even upon submersion. Case 102 is comprised of an upper case cup 104 and a lower bottom plate 106 . Plate …",Servicepro.Net Llc,Andrew Deering,2023-05-02,2021-08-09,2015-06-03,2023-05-02,US11638419B2,https://patents.google.com/patent/US11638419B2/en,https://patentimages.storage.googleapis.com/8a/54/06/d37d504b0c1019/US11638419.pdf,B-Threshold,General Threshold Processing,ALL,value-based routing,value-based routing,None (fallback)
patent/EP2034775B1/en,Apparatus and methods for operation of a wireless server,illustrates features of an embodiment of appointment data. Figure 21 illustrates features of an embodiment of memo data. Figure 22 illustrates features of an embodiment of an address book entry. Figure 23 illustrates features of an embodiment of a recurrence table. Figure 24 illustrates features of …,Research In Motion Limited,Jesse Boudreau,2010-05-26,2008-07-11,2007-07-27,2010-05-26,EP2034775B1,https://patents.google.com/patent/EP2034775B1/en,https://patentimages.storage.googleapis.com/3c/de/06/d85d025d23eede/EP2034775B1.pdf,B-Threshold,General Threshold Processing,ALL,value-based routing,value-based routing,None (fallback)
patent/US11461785B2/en,"System and method to identify, classify and monetize information as an …","… of intangibles as distinct line-item assets. Furthermore, intangibles rarely are reflected as production inputs, production efficiency factors, production outputs, byproducts, and elements that enable sustainable competitive advantages or create significant competitive barriers to market entry.",Ron M. Redlich,Ron M. Redlich,2022-10-04,2008-07-10,2008-07-10,2022-10-04,US11461785B2,https://patents.google.com/patent/US11461785B2/en,https://patentimages.storage.googleapis.com/26/0f/2a/f3aa5545ba039f/US11461785.pdf,B-Threshold,General Threshold Processing,ALL,value-based routing,value-based routing,None (fallback)
patent/US8824370B2/en,"Methods, systems and devices for dynamic context-based routing","Methods, servers and systems for performing dynamic context based routing operations in a telecommunications signaling network in which a dynamic context based router may receive a first message encoding signaling information from a source component, decode the message into an internal …",Openet Telecom Ltd.,Alan McNamee,2014-09-02,2011-12-01,2010-12-16,2014-09-02,US8824370B2,https://patents.google.com/patent/US8824370B2/en,https://patentimages.storage.googleapis.com/8b/d9/32/db05d0a6fe01a4/US8824370.pdf,B-Threshold,General Threshold Processing,ALL,value-based routing,value-based routing,None (fallback)
patent/JP6121431B2/en,Automatic control schedule acquisition in the intelligent controller,"A processor; Memory, A control schedule stored in the memory; A schedule interface; A control interface; Instructions stored in the memory, and when the instructions are executed by the processor, Receiving an immediate control input via the control interface during a monitoring period, recording …",Google Inc.,ヨーキー・マツオカ,2017-04-26,2012-09-30,2011-10-21,2017-04-26,JP6121431B2,https://patents.google.com/patent/JP6121431B2/en,https://patentimages.storage.googleapis.com/c6/fa/b5/b5cecfda5b199c/JP6121431B2.pdf,B-Threshold,General Threshold Processing,ALL,value-based routing,value-based routing,None (fallback)
patent/JP5370973B2/en,Method and apparatus for device access fairness in a fiber channel arbitrated …,"Methods and apparatus for switching Fiber Channel Arbitrated Loop Systems is provided between a plurality of Fiber Channel Loop devices. In one aspect of the invention, the system switches based at least in part on arbitrated loop primitives. An exemplary interconnect system may include a first …",エミュレックス デザイン アンド マニュファクチュアリング コーポレーション,グレゴリー ウォーレン ブルース,2013-12-18,2011-04-12,2003-07-10,2013-12-18,JP5370973B2,https://patents.google.com/patent/JP5370973B2/en,https://patentimages.storage.googleapis.com/36/09/6c/0f7e172d514aa4/JP5370973B2.pdf,B-Threshold,General Threshold Processing,ALL,value-based routing,value-based routing,None (fallback)
patent/EP2031909B1/en,Remote control in a wireless communication system,illustrates features of an embodiment of appointment data. Figure 21 illustrates features of an embodiment of memo data. Figure 22 illustrates features of an embodiment of an address book entry. Figure 23 illustrates features of an embodiment of a recurrence table. Figure 24 illustrates features of …,Research In Motion Limited,Jesse Boudreau,2011-02-16,2008-07-11,2007-07-27,2011-02-16,EP2031909B1,https://patents.google.com/patent/EP2031909B1/en,https://patentimages.storage.googleapis.com/04/88/cd/0fc8e19e0e1d92/EP2031909B1.pdf,B-Threshold,General Threshold Processing,ALL,value-based routing,value-based routing,None (fallback)
patent/US8880726B2/en,"Methods, systems and devices for dynamic context-based routing using a topology …","Methods, servers and systems for communicating signaling information in a telecommunications signaling network may involve using a topology tree categorizing network nodes into groups, receiving a first message encoding signaling information from a source, decoding the received first message into …",Openet Telecom Ltd.,Alan McNamee,2014-11-04,2011-12-01,2010-12-16,2014-11-04,US8880726B2,https://patents.google.com/patent/US8880726B2/en,https://patentimages.storage.googleapis.com/f4/4b/8a/34175fd6bb213c/US8880726.pdf,B-Threshold,General Threshold Processing,ALL,value-based routing,value-based routing,None (fallback)
patent/EP2031916B1/en,Administration of policies for wireless devices in a wireless communication …,illustrates features of an embodiment of appointment data. Figure 21 illustrates features of an embodiment of memo data. Figure 22 illustrates features of an embodiment of an address book entry. Figure 23 illustrates features of an embodiment of a recurrence table. Figure 24 illustrates features of …,Research In Motion Limited,Jesse Boudreau,2011-12-21,2008-07-11,2007-07-27,2011-12-21,EP2031916B1,https://patents.google.com/patent/EP2031916B1/en,https://patentimages.storage.googleapis.com/50/c6/4e/f945a2f898052f/EP2031916B1.pdf,B-Threshold,General Threshold Processing,ALL,value-based routing,value-based routing,None (fallback)
patent/US8260736B1/en,Intelligent system manager system and method,An intelligent system manager system and method for managing and controlling a platform may comprise a management component providing intelligent decision support and managing platform functions responsive to data representative of the platform and equipment thereof; an execution and monitor …,Lockheed Martin Corporation,Michael T. Lear,2012-09-04,2009-09-08,2008-09-12,2012-09-04,US8260736B1,https://patents.google.com/patent/US8260736B1/en,https://patentimages.storage.googleapis.com/8e/03/db/f1e891bbcf7763/US8260736.pdf,B-Threshold,General Threshold Processing,ALL,value-based routing,value-based routing,None (fallback)
patent/US8405944B2/en,Distributed bus differential protection using time-stamped data,"(e.g., branches B 1 -B 11 in FIG. 2A ). The branch input list data structure may comprise an entry for each branch in the network, and each entry may comprise data describing the branch. As such, the branch input list data structure may comprise: 1) The number of branches in the SEPSN 200 (e.g., 11 …",Schweitzer Engineering Laboratories Inc,Marcos A. Donolo,2013-03-26,2009-09-18,2007-10-09,2013-03-26,US8405944B2,https://patents.google.com/patent/US8405944B2/en,https://patentimages.storage.googleapis.com/bd/4f/8d/d3ceeea1649754/US8405944.pdf,B-Threshold,General Threshold Processing,ALL,value-based routing,value-based routing,None (fallback)
patent/US7844466B2/en,Conceptual analysis driven data-mining and dictation system and method,… the Load Script File sub-process according to one embodiment of the invention. FIG. 16 is a schematic of transform script file structures and also is a flow diagram of the Get Condition Entry sub-process and the Finalize Script Line sub-process according to one embodiment of the invention. FIG. 17,"Conceptual Speech, Llc",Philippe Roy,2010-11-30,2007-08-18,2002-06-28,2010-11-30,US7844466B2,https://patents.google.com/patent/US7844466B2/en,https://patentimages.storage.googleapis.com/db/9c/17/f2014870b13b06/US7844466.pdf,B-Threshold,General Threshold Processing,ALL,value-based routing,value-based routing,None (fallback)
patent/US8352689B2/en,Command tag checking in a multi-initiator media controller architecture,"Described embodiments provide a method of allocating resources of a media controller for a data transfer. A data transfer request is received from at least one host device, and includes a host device ID and a data transfer request ID. The media controller generates a Tag ID of the data transfer …",Lsi Corporation,David R. Noeldner,2013-01-08,2010-11-23,2009-11-30,2013-01-08,US8352689B2,https://patents.google.com/patent/US8352689B2/en,https://patentimages.storage.googleapis.com/52/f1/22/22404b8792e96e/US8352689.pdf,B-Threshold,General Threshold Processing,ALL,value-based routing,value-based routing,None (fallback)
patent/US8850057B2/en,Healthcare semantic interoperability platform,"A system and method for efficiently linking local databases having different data formats or standards into a network, wherein a content based router is provided between each of the databases and a network “party line” bus and translates data from the respective database into a common canonical …",Intel Corporation,Joseph D. Natoli,2014-09-30,2007-09-20,2007-09-20,2014-09-30,US8850057B2,https://patents.google.com/patent/US8850057B2/en,https://patentimages.storage.googleapis.com/30/ba/b2/8ab6a1bb38dde7/US8850057.pdf,B-Threshold,General Threshold Processing,ALL,value-based routing,value-based routing,None (fallback)
patent/US8843241B2/en,Remote monitoring and control system comprising mesh and time synchronization …,"A remote monitoring and control system comprising synchronized wireless MESH technology for remote monitoring and control of utility grids (e.g., utility meters), commodity distribution networks, industrial equipment, and infrastructure including remote disconnection/connection and self-generating …","LiveMeters, Inc.",Ali Saberi,2014-09-23,2009-05-20,2008-05-20,2014-09-23,US8843241B2,https://patents.google.com/patent/US8843241B2/en,https://patentimages.storage.googleapis.com/71/e4/d7/41c005f0536869/US8843241.pdf,B-Threshold,General Threshold Processing,ALL,value-based routing,value-based routing,None (fallback)
patent/JP5936180B2/en,Process control system,"Process control system for controlling multiple field devices of a number of different field device types, including smart type field devices (6) with computing power and non-smart type field devices (12) without computing power ( 100), The process control system includes: a plurality of deployed …",Fisher-Rosemount Systems Inc.,ルーカス，マイク,2016-06-15,2011-11-22,1997-02-14,2016-06-15,JP5936180B2,https://patents.google.com/patent/JP5936180B2/en,https://patentimages.storage.googleapis.com/b6/dc/83/74fe6f578ede3e/JP5936180B2.pdf,B-Threshold,General Threshold Processing,ALL,value-based routing,value-based routing,None (fallback)
patent/EP2466829B1/en,Method and dynamic context router for forked routing,"A method for a dynamic context router (706; 850; 920; 2501) to communicate signaling information in a telecommunications signaling network (1800), comprising: receiving (1902), a message (1812) encoding signaling information from a source component (1802); identifying a primary destination …",Openet Telecom Ltd.,Alan Mcnamee,2018-02-14,2011-12-14,2010-12-16,2018-02-14,EP2466829B1,https://patents.google.com/patent/EP2466829B1/en,https://patentimages.storage.googleapis.com/a0/5f/b7/3f321261631277/EP2466829B1.pdf,B-Threshold,General Threshold Processing,ALL,value-based routing,value-based routing,None (fallback)
patent/US9032017B1/en,Method and system for transparent read-write query routing when load balancing …,"Roughly described, a database query router is installed transparently in a network between database client systems and a database server cluster. One subset of the servers is designated to handle read queries only and a second subset is designated to handle write queries. The query router receives …",Scalarc Inc,Varun Singh,2015-05-12,2010-08-10,2010-08-10,2015-05-12,US9032017B1,https://patents.google.com/patent/US9032017B1/en,https://patentimages.storage.googleapis.com/c6/0d/fe/3af39d86f5b9c2/US9032017.pdf,B-Threshold,General Threshold Processing,ALL,value-based routing,value-based routing,None (fallback)
patent/US8725820B2/en,"Methods, systems and devices for horizontally scalable high-availability …","Methods, servers and systems for communicating information in networks enable efficient expansion while maintaining high-availability. A first message associated with an entity may be received on a first server. An operation may be performed on certain information included in the first message …",Openet Telecom Ltd.,Alan McNamee,2014-05-13,2011-12-01,2010-12-16,2014-05-13,US8725820B2,https://patents.google.com/patent/US8725820B2/en,https://patentimages.storage.googleapis.com/5e/70/9e/86172c1ba5438a/US8725820.pdf,B-Threshold,General Threshold Processing,ALL,value-based routing,value-based routing,None (fallback)
patent/US8763091B1/en,Method and system for user authentication offload in a transparent database …,"Roughly described, a database accelerator is installed in a network between database client and server systems. Connection requests from a client system are received and authenticated by the accelerator itself, which is pre-configured with user authentication information, by emulating the …",ScalArc Inc.,Varun Singh,2014-06-24,2010-08-24,2010-08-24,2014-06-24,US8763091B1,https://patents.google.com/patent/US8763091B1/en,https://patentimages.storage.googleapis.com/8d/2d/7f/1a003e3ecfade9/US8763091.pdf,B-Threshold,General Threshold Processing,ALL,value-based routing,value-based routing,None (fallback)
patent/JP6608819B2/en,煤 Sensor system,"煤 sensor, Configured to apply a regeneration pulse width modulation (PWM) signal to the soot sensor during a regeneration mode to heat at least a portion of the soot sensor to a regeneration temperature, and to detect soot accumulation in the soot sensor And a controller further configured to …",ストーンリッジ・インコーポレッド,ケイヴァン・ヘダーヤト,2019-11-20,2014-11-12,2013-11-13,2019-11-20,JP6608819B2,https://patents.google.com/patent/JP6608819B2/en,https://patentimages.storage.googleapis.com/2b/d8/68/7a14c98db566b1/JP6608819B2.pdf,B-Threshold,General Threshold Processing,ALL,value-based routing,value-based routing,None (fallback)
patent/US8675659B2/en,"Methods, systems and devices for multiphase decoding","The various embodiments include methods, servers and systems for communicating signaling information in a telecommunications signaling network that involves decoding a first portion of the received first message, determining if the decoded first portion identifies a destination component, …",Openet Telecom Ltd.,Alan McNamee,2014-03-18,2011-12-01,2010-12-16,2014-03-18,US8675659B2,https://patents.google.com/patent/US8675659B2/en,https://patentimages.storage.googleapis.com/2c/fd/89/31a1d356edf0d4/US8675659.pdf,B-Threshold,General Threshold Processing,ALL,value-based routing,value-based routing,None (fallback)
patent/US20080114887A1/en,Content service aggregation system,"A network content service apparatus includes a set of compute elements adapted to perform a set of network services; and a switching fabric coupling compute elements in said set of compute elements. The set of network services includes firewall protection, Network Address Translation, Internet …","Juniper Networks, Inc.",Mark Bryers,2008-05-15,2007-11-07,2001-07-06,,US20080114887A1,https://patents.google.com/patent/US20080114887A1/en,https://patentimages.storage.googleapis.com/b0/72/a7/98addb214812e5/US20080114887A1.pdf,B-Threshold,General Threshold Processing,ALL,value-based routing,value-based routing,None (fallback)
patent/ES2634262T3/en,Procedures and wireless communication devices that support peer-to-peer …,"A communications procedure comprising: operation (2004) of a first wireless terminal (102) capable of supporting peer-to-peer operations and cellular network operations, with said operation of a first wireless terminal (102) including: supervision ( 2010) of radiolocation signals of a base station …",Qualcomm Incorporated,Rajiv Laroia,2017-09-27,2007-01-11,2006-01-11,2017-09-27,ES2634262T3,https://patents.google.com/patent/ES2634262T3/en,https://patentimages.storage.googleapis.com/0c/91/47/1e862752f08adf/ES2634262T3.pdf,B-Threshold,General Threshold Processing,ALL,value-based routing,value-based routing,None (fallback)
patent/CN111566623A/en,"Apparatus, method and system for integrated performance monitoring in …","Systems, methods, and apparatus related to integrated performance monitoring in configurable spatial accelerators are described. In one embodiment, a configurable spatial accelerator comprises: a first performance monitoring circuit coupled by the network to a first appropriate subset of the …",Intel Corporation,小克尔敏·E·弗莱明,2020-08-21,2019-02-28,2018-03-30,,CN111566623A,https://patents.google.com/patent/CN111566623A/en,https://patentimages.storage.googleapis.com/70/82/ef/092560a53e9bc0/CN111566623A.pdf,B-Threshold,General Threshold Processing,ALL,value-based routing,value-based routing,None (fallback)
patent/ES2929942T3/en,Influenza virus vaccines and their uses,"Provided herein are chimeric influenza hemagglutinin (HA) polypeptides, compositions comprising them, vaccines comprising them, and methods of their use. (Automatic translation with Google Translate, without legal value)",Icahn School Med Mount Sinai,Adolfo Garcia-Sastre,2022-12-05,2013-12-17,2012-12-18,2022-12-05,ES2929942T3,https://patents.google.com/patent/ES2929942T3/en,https://patentimages.storage.googleapis.com/1d/35/a1/a8fa3cb03e6a5e/ES2929942T3.pdf,B-Threshold,General Threshold Processing,ALL,value-based routing,value-based routing,None (fallback)
patent/EP3574679B1/en,Lossless handover for mobility with location identifier separation protocol in …,"A method implemented by a network device that implements a source tunnel router and a source evolved universal terrestrial radio access network (E-UTRAN) node B (eNodeB) in a cellular communication network, for improving handover processing by the source tunnel router and the source eNodeB that …",Telefonaktiebolaget LM Ericsson (PUBL),David Ian Allan,2021-06-23,2017-01-24,2017-01-24,2021-06-23,EP3574679B1,https://patents.google.com/patent/EP3574679B1/en,https://patentimages.storage.googleapis.com/3e/c0/26/423c55a412bd85/EP3574679B1.pdf,B-Threshold,General Threshold Processing,ALL,value-based routing,value-based routing,None (fallback)
patent/US11669551B2/en,Rule-based data stream processing,"Systems and methods for rule-based data stream processing by data collection, indexing, and visualization systems. An example method includes: receiving, by the computer system, an input data stream comprising raw machine data; processing the raw machine data by a data processing pipeline that …",Splunk Inc.,Alexander Douglas James,2023-06-06,2020-10-16,2020-10-16,2023-06-06,US11669551B2,https://patents.google.com/patent/US11669551B2/en,https://patentimages.storage.googleapis.com/8c/10/4c/585c016288d2e4/US11669551.pdf,B-Threshold,General Threshold Processing,ALL,value-based routing,value-based routing,None (fallback)
patent/US20190322299A1/en,Locomotive control system,A locomotive control system includes a controller configured to control communication between or among plural locomotive devices that control movement of a locomotive via a network that communicatively couples the vehicle devices. The controller also is configured to control the communication …,General Electric Company,Tab Robert Mong,2019-10-24,2018-04-20,2018-04-20,,US20190322299A1,https://patents.google.com/patent/US20190322299A1/en,https://patentimages.storage.googleapis.com/6c/aa/70/5d48d3395aaaba/US20190322299A1.pdf,B-Threshold,General Threshold Processing,ALL,value-based routing,value-based routing,None (fallback)
patent/DE112020004167T5/en,VIDEO PREDICTION USING ONE OR MORE NEURAL NETWORKS,"Devices, systems and techniques for enhancing video are disclosed. In at least one embodiment, one or more neural networks are used to create a second video from a first video that includes one or more additional video frames.",Nvidia Corporation,Kevin Shih,2022-07-14,2020-08-19,2019-09-03,,DE112020004167T5,https://patents.google.com/patent/DE112020004167T5/en,https://patentimages.storage.googleapis.com/6d/a9/75/5048a818baa871/DE112020004167T5.pdf,B-Threshold,General Threshold Processing,ALL,value-based routing,value-based routing,None (fallback)
patent/EP2031913B1/en,Apparatus and methods for coordination of wireless systems,illustrates features of an embodiment of appointment data. Figure 21 illustrates features of an embodiment of memo data. Figure 22 illustrates features of an embodiment of an address book entry. Figure 23 illustrates features of an embodiment of a recurrence table. Figure 24 illustrates features of …,Research In Motion Limited,Jesse Boudreau,2011-01-12,2008-07-11,2007-07-27,2011-01-12,EP2031913B1,https://patents.google.com/patent/EP2031913B1/en,https://patentimages.storage.googleapis.com/11/d1/b5/e9d25e323f8fdd/EP2031913B1.pdf,B-Threshold,General Threshold Processing,ALL,value-based routing,value-based routing,None (fallback)
patent/DE112020004237T5/en,VIDEO UPSAMPLING USING ONE OR MORE NEURAL NETWORKS,"Devices, systems and techniques for enhancing videos are disclosed. In at least one embodiment, one or more neural networks are used to create higher resolution video using upsampled images from lower resolution video.",Nvidia Corporation,Shiqiu Liu,2022-06-15,2020-08-26,2019-09-09,,DE112020004237T5,https://patents.google.com/patent/DE112020004237T5/en,https://patentimages.storage.googleapis.com/e1/95/33/867b843cdec265/DE112020004237T5.pdf,B-Threshold,General Threshold Processing,ALL,value-based routing,value-based routing,None (fallback)
patent/US10831648B2/en,Intermittent failure metrics in technological processes,Systems and methods for testing a subject system with a software testing process are described. The system receives Boolean states responsive to repeatedly applying a first test case to a subject system. Each Boolean state signifies an outcome of an application of the first test case to a version …,Splunk Inc.,Jian Zhang,2020-11-10,2019-01-31,2018-02-06,2020-11-10,US10831648B2,https://patents.google.com/patent/US10831648B2/en,https://patentimages.storage.googleapis.com/86/5e/48/5d8caec5b59ec1/US10831648.pdf,B-Threshold,General Threshold Processing,ALL,value-based routing,value-based routing,None (fallback)
patent/US11544911B1/en,Manipulation of virtual object position within a plane of an extended reality …,"A mobile device is fitted with a camera and an extended reality (XR) software application program executing on a processor within an XR system. Via the XR software application program, techniques are performed for manipulating virtual objects in an XR environment. In one technique, the XR software …",Splunk Inc.,Devin BHUSHAN,2023-01-03,2021-02-12,2019-04-30,2023-01-03,US11544911B1,https://patents.google.com/patent/US11544911B1/en,https://patentimages.storage.googleapis.com/b6/d6/ae/3bb824d4930b29/US11544911.pdf,B-Threshold,General Threshold Processing,ALL,value-based routing,value-based routing,None (fallback)
patent/US20190005195A1/en,Methods and systems for improving care through post-operation feedback analysis,"… be added to and/or otherwise used to update the digital twin 130 via manual data entry and/or wired/wireless (e.g., WiFi™, Bluetooth™, Near Field Communication (NFC), radio frequency, etc.) data communication, etc., from a respective system/data source, for example. Data input to the digital twin …",General Electric Company,Marcia Peterson,2019-01-03,2017-06-28,2017-06-28,,US20190005195A1,https://patents.google.com/patent/US20190005195A1/en,https://patentimages.storage.googleapis.com/c1/06/c3/56e29500623586/US20190005195A1.pdf,B-Threshold,General Threshold Processing,ALL,value-based routing,value-based routing,None (fallback)
patent/US11445541B2/en,Methods and apparatus for managing uplink resource grants in wireless networks,"The present invention relates to methods and apparatus for managing uplink resource grants in wireless networks. An exemplary method embodiment includes the steps of: operating a first wireless base station in a first mode of operation, the first mode of operation including managing uplink …","Charter Communications Operating, Llc",Volkan Sevindik,2022-09-13,2020-12-24,2020-12-24,2022-09-13,US11445541B2,https://patents.google.com/patent/US11445541B2/en,https://patentimages.storage.googleapis.com/3a/cb/49/a90833a7ebabbb/US11445541.pdf,B-Threshold,General Threshold Processing,ALL,value-based routing,value-based routing,None (fallback)
patent/US20160012190A1/en,Emergency management system,"CROSS-REFERENCE TO RELATED APPLICATION This application is a division of U.S. patent application Ser. No. 11/502,484 filed Aug. 10, 2006 (now U.S. Pat. No. 9,082,156). This application claims priority from said application Ser. No. 11/502,484 and Provisional Application No. 60/709,078 filed Aug.",Jeffrey A. Matos,Jeffrey A. Matos,2016-01-14,2015-07-13,2005-08-17,,US20160012190A1,https://patents.google.com/patent/US20160012190A1/en,https://patentimages.storage.googleapis.com/59/b1/2c/63b19a4f320e6c/US20160012190A1.pdf,B-Threshold,General Threshold Processing,ALL,value-based routing,value-based routing,None (fallback)
patent/US20170289191A1/en,Infiltration Detection and Network Rerouting,"Provided are methods, network devices, and computer-program products for detecting infiltration of an endpoint, and rerouting network traffic to and from the endpoint when infiltration is detected. In various implementations, a network device on a network can be configured to monitor access to the …","Acalvio Technologies, Inc.",Emmanuel Thioux,2017-10-05,2017-02-21,2016-03-31,,US20170289191A1,https://patents.google.com/patent/US20170289191A1/en,https://patentimages.storage.googleapis.com/47/02/10/fc07c67a412d9f/US20170289191A1.pdf,B-Threshold,General Threshold Processing,ALL,value-based routing,value-based routing,None (fallback)
patent/US8832185B2/en,Information exchange in wireless servers that bypass external domain servers,illustrates features of an embodiment of appointment data. FIG. 21 illustrates features of an embodiment of memo data. FIG. 22 illustrates features of an embodiment of an address book entry. FIG. 23 illustrates features of an embodiment of a recurrence table. FIG. 24 illustrates features of an …,Blackberry Limited,Thomas Murphy,2014-09-09,2012-11-26,2007-07-27,2014-09-09,US8832185B2,https://patents.google.com/patent/US8832185B2/en,https://patentimages.storage.googleapis.com/57/d0/a5/13a80aab03eebf/US8832185.pdf,B-Threshold,General Threshold Processing,ALL,value-based routing,value-based routing,None (fallback)
patent/EP2424194B1/en,Method and system for resource sharing,illustrates features of an embodiment of appointment data. Figure 21 illustrates features of an embodiment of memo data. Figure 22 illustrates features of an embodiment of an address book entry. Figure 23 illustrates features of an embodiment of a recurrence table. Figure 24 illustrates features of …,BlackBerry Limited,Michael Rao,2017-04-19,2008-07-11,2007-07-27,2017-04-19,EP2424194B1,https://patents.google.com/patent/EP2424194B1/en,https://patentimages.storage.googleapis.com/26/8f/2d/5cf6bd13d59c0b/EP2424194B1.pdf,B-Threshold,General Threshold Processing,ALL,value-based routing,value-based routing,None (fallback)
patent/US20170286455A1/en,Technology Add-On Packages Controlling a Data Input and Query System,The operation of an automatic data input and query system is controlled by well-defined control data. Technology Add-On (TA) control data extends the operations of the system to gather and process machine data from additional sources. A user interface is exposed enabling a user who may be agnostic …,Splunk Inc.,Li Li,2017-10-05,2016-04-30,2016-03-31,,US20170286455A1,https://patents.google.com/patent/US20170286455A1/en,https://patentimages.storage.googleapis.com/22/95/88/eb52858149d0d8/US20170286455A1.pdf,B-Threshold,General Threshold Processing,ALL,value-based routing,value-based routing,None (fallback)
patent/US9716843B2/en,Measurement device for electrical installations and related methods,"Techniques are disclosed for measurement devices and methods to obtain various physical and/or electrical parameters in an integrated manner. For example, a measurement device may include a housing, an optical emitter, a sensor, a distance measurement circuit, a length measurement circuit, an …","Flir Systems, Inc.",Michael Fox,2017-07-25,2013-09-23,2009-06-03,2017-07-25,US9716843B2,https://patents.google.com/patent/US9716843B2/en,https://patentimages.storage.googleapis.com/0b/19/10/43dd2452712266/US9716843.pdf,B-Threshold,General Threshold Processing,ALL,value-based routing,value-based routing,None (fallback)
patent/US10079912B2/en,Wireless communication system installation,illustrates features of an embodiment of appointment data. FIG. 21 illustrates features of an embodiment of memo data. FIG. 22 illustrates features of an embodiment of an address book entry. FIG. 23 illustrates features of an embodiment of a recurrence table. FIG. 24 illustrates features of an …,Blackberry Limited,Jesse Boudreau,2018-09-18,2008-07-11,2007-07-27,2018-09-18,US10079912B2,https://patents.google.com/patent/US10079912B2/en,https://patentimages.storage.googleapis.com/c6/4d/ec/49907ff2e27c64/US10079912.pdf,B-Threshold,General Threshold Processing,ALL,value-based routing,value-based routing,None (fallback)
patent/EP2031914B1/en,Administration of wireless systems,illustrates features of an embodiment of appointment data. Figure 21 illustrates features of an embodiment of memo data. Figure 22 illustrates features of an embodiment of an address book entry. Figure 23 illustrates features of an embodiment of a recurrence table. Figure 24 illustrates features of …,Research In Motion Limited,Thomas Murphy,2011-02-02,2008-07-11,2007-07-27,2011-02-02,EP2031914B1,https://patents.google.com/patent/EP2031914B1/en,https://patentimages.storage.googleapis.com/24/79/3c/530a5be724bffc/EP2031914B1.pdf,B-Threshold,General Threshold Processing,ALL,value-based routing,value-based routing,None (fallback)
patent/US20210081559A1/en,Managing roadway incidents,… phase (not expressly depicted) calculated by subtracting response identified and dispatched time 5304 (T 3 ) from incident verification time 5303 (T 2 ). Roadway clearance phase 5314 is calculated by subtracting all lanes open to traffic (roadway cleared) time 5307 (T 5 ) from incident reported time 5302,"safeXai,Inc.",Christian Gratton,2021-03-18,2020-10-19,2018-02-09,,US20210081559A1,https://patents.google.com/patent/US20210081559A1/en,https://patentimages.storage.googleapis.com/80/b3/84/bfe4e5c0b9e47a/US20210081559A1.pdf,B-Threshold,General Threshold Processing,ALL,value-based routing,value-based routing,None (fallback)
patent/GB2599224A/en,Object image completion,"One or more neural networks for generating complete depictions of objects based on their partial description are disclosed. An image 114 of a whole object is generated, based on an image 106 of a portion of the object, using an encoder 108 trained using training data 102 produced from the output …",Nvidia Corporation,Fidler Sanja,2022-03-30,2021-08-27,2020-08-28,,GB2599224A,https://patents.google.com/patent/GB2599224A/en,https://patentimages.storage.googleapis.com/9e/a0/48/a389e84ea49fb6/GB2599224A.pdf,B-Threshold,General Threshold Processing,ALL,value-based routing,value-based routing,None (fallback)
patent/US20240107717A1/en,"Systems and methods for sensing, recording, analyzing and reporting …","In some examples, the software may also provide visualizations that can be used to help understand the analytics and/or performance of the facility. Further, the software may allow entry of hypothetical data and/or analysis to test theoretical scenarios and/or circumstances. In some examples, the …",Eta Vision Inc.,Mike Lingle,2024-03-28,2023-12-11,2015-12-03,,US20240107717A1,https://patents.google.com/patent/US20240107717A1/en,https://patentimages.storage.googleapis.com/3e/9a/d4/bea537652d825f/US20240107717A1.pdf,B-Threshold,General Threshold Processing,ALL,value-based routing,value-based routing,None (fallback)
patent/ES2758047T3/en,"Apparatus, methods and systems of dynamic storm environment machine","… these inputs can be stored in various systems of current and historical databases 340 that in some modalities of the description can be integrated with the DSEE. In some embodiments of the description the database systems that store the swirl entry may be separate from, but accessible to, the DSEE.",Telvent Dtn Llc,Donald Mccann,2020-05-04,2014-12-22,2013-12-22,2020-05-04,ES2758047T3,https://patents.google.com/patent/ES2758047T3/en,https://patentimages.storage.googleapis.com/8f/2d/89/945b9baa5569a5/ES2758047T3.pdf,B-Threshold,General Threshold Processing,ALL,value-based routing,value-based routing,None (fallback)
patent/US9808246B2/en,Method of operating a powered surgical instrument,A method of operating a surgical instrument is disclosed. The surgical instrument includes an electronic system comprising an electric motor coupled to the end effector; a motor controller coupled to the motor; a parameter threshold detection module configured to monitor multiple parameter …,"Ethicon Endo-Surgery, Llc","Frederick E. Shelton, IV",2017-11-07,2015-03-06,2015-03-06,2017-11-07,US9808246B2,https://patents.google.com/patent/US9808246B2/en,https://patentimages.storage.googleapis.com/57/5f/38/d1ddce47de75fa/US9808246.pdf,B-Threshold,General Threshold Processing,ALL,threshold processing,threshold processing,None (fallback)
patent/US10548600B2/en,Multiple thickness implantable layers for surgical stapling devices,"A staple cartridge assembly includes a stepped staple cartridge deck and an implantable layer, such as a tissue thickness compensator and/or a buttress material, for example, positioned thereon. The layer can include a first portion positioned over a first deck surface of the multi-step staple …",Ethicon Llc,"Frederick E. Shelton, IV",2020-02-04,2017-03-30,2010-09-30,2020-02-04,US10548600B2,https://patents.google.com/patent/US10548600B2/en,https://patentimages.storage.googleapis.com/5b/0a/7f/5f29fa5c9dc7a2/US10548600.pdf,B-Threshold,General Threshold Processing,ALL,threshold processing,threshold processing,None (fallback)
patent/AU2020346707B2/en,Video upsampling using one or more neural networks,"Apparatuses, systems, and techniques to enhance video are disclosed. In at least one embodiment, one or more neural networks are used to create a higher resolution video using upsampled frames from a lower resolution video.",Nvidia Corporation,Matthieu LE,2023-07-20,2020-08-26,2019-09-09,2023-07-20,AU2020346707B2,https://patents.google.com/patent/AU2020346707B2/en,https://patentimages.storage.googleapis.com/93/86/06/1c84e0c6a3bd5c/AU2020346707B2.pdf,B-Threshold,General Threshold Processing,ALL,threshold processing,threshold processing,None (fallback)
patent/US11902705B2/en,Video prediction using one or more neural networks,"Apparatuses, systems, and techniques to enhance video are disclosed. In at least one embodiment, one or more neural networks are used to create, from a first video, a second video having one or more additional video frames.",Nvidia Corporation,Kevin Shih,2024-02-13,2019-09-03,2019-09-03,2024-02-13,US11902705B2,https://patents.google.com/patent/US11902705B2/en,https://patentimages.storage.googleapis.com/5c/e1/ac/fdee5806fa28fe/US11902705.pdf,B-Threshold,General Threshold Processing,ALL,threshold processing,threshold processing,None (fallback)
patent/AU2016231590B2/en,Structured suggestions,An electronic device suggests contacts and calendar events for users based on their messages. The device can analyze a user's messages for contact and event information and automatically generate or update suggested contacts and calendar events for the user based on this information. The suggested …,Apple Inc.,Daniel C. Gross,2018-04-26,2016-09-22,2014-05-30,2018-04-26,AU2016231590B2,https://patents.google.com/patent/AU2016231590B2/en,https://patentimages.storage.googleapis.com/8b/b4/2f/a50be824087fc1/AU2016231590B2.pdf,B-Threshold,General Threshold Processing,ALL,threshold processing,threshold processing,None (fallback)
patent/US10838682B2/en,"System, method and computer program product for generating remote views in a …","Embodiments disclosed herein provide systems, methods and computer readable media for generating remote views in a virtual mobile device platform. A virtual mobile device platform may be coupled to a physical mobile device over a network and generate frames of data for generating views on the …",Intelligent Waves Llc,Robert David Lee,2020-11-17,2017-07-27,2016-07-28,2020-11-17,US10838682B2,https://patents.google.com/patent/US10838682B2/en,https://patentimages.storage.googleapis.com/5e/93/0f/353dd5640f1f86/US10838682.pdf,B-Threshold,General Threshold Processing,ALL,threshold processing,threshold processing,None (fallback)
patent/US20250036601A1/en,Techniques for resource utilization in replication pipeline processing,"A “manifest,” in certain embodiments, may refer to information communicated by a file system in a source region (referred to herein as source file system) to a file system in a target region (referred to herein as target file system) for facilitating a cross-region replication process. There are …",Oracle International Corporation,Satish Kumar Kashi Visvanathan,2025-01-30,2024-10-15,2022-06-16,,US20250036601A1,https://patents.google.com/patent/US20250036601A1/en,https://patentimages.storage.googleapis.com/8a/64/a6/4a0fdbc7861aed/US20250036601A1.pdf,B-Threshold,General Threshold Processing,ALL,threshold processing,threshold processing,None (fallback)
patent/US11634032B2/en,Systems and methods for controlling a high-output DCAC inverter on a vehicle,"Methods and systems are provided for controlling a high power output direct current to alternating current converter for a vehicle. In one example, a method may include at a vehicle-on event, automatically operating the converter in a first power output mode, and transitioning to a different mode …","Ford Global Technologies, Llc",Scott Steadmon Thompson,2023-04-25,2022-08-29,2020-06-10,2023-04-25,US11634032B2,https://patents.google.com/patent/US11634032B2/en,https://patentimages.storage.googleapis.com/c0/30/22/38662dc96ec277/US11634032.pdf,B-Threshold,General Threshold Processing,ALL,threshold processing,threshold processing,None (fallback)
patent/CN107636473B/en,Extract inertial information from nonlinear periodic signals,"… inverse trigonometric function comprises: an inverse cosine function is applied to the quantity. 8. The method of claim 1, wherein applying the inverse trigonometric function comprises: a table entry corresponding to the conditioned first periodic digital signal is determined using a look-up table. …",卢米达因科技公司,理查德·李·沃特斯,2020-09-01,2016-05-20,2015-05-20,2020-09-01,CN107636473B,https://patents.google.com/patent/CN107636473B/en,https://patentimages.storage.googleapis.com/9c/5b/3d/4a4e99b3e34fb7/CN107636473B.pdf,B-Threshold,General Threshold Processing,ALL,threshold processing,threshold processing,None (fallback)
patent/JP6869977B2/en,Ultrasound surgical instrument with removable shaft assembly,"It ’s a device, (A) A main body equipped with a knob and (B) Shaft assembly (I) Outer tube and (Ii) Proximal inner tube member and (Iii) Distal medial tube member and (Iv) A shaft assembly comprising an acoustic waveguide. (C) An end effector (I) An ultrasonic blade acoustically coupled to the …",Ethicon Llc,コンロン・ショーン・ピー,2021-05-12,2016-10-07,2015-10-16,2021-05-12,JP6869977B2,https://patents.google.com/patent/JP6869977B2/en,https://patentimages.storage.googleapis.com/22/02/e5/f7e36428dc1093/JP6869977B2.pdf,B-Threshold,General Threshold Processing,ALL,threshold processing,threshold processing,None (fallback)
patent/US8707392B2/en,Systems and methods for disease management,12. The diabetes care manager of claim 11 wherein the collection application begins collection of measurement data for the structured collection procedure when entry criteria for the structured collection procedure are satisfied. 13. The diabetes care manager of claim 11 wherein the collection …,"Roche Diagnostics Operations, Inc.",Daniel Birtwhistle,2014-04-22,2011-10-06,2010-10-15,2014-04-22,US8707392B2,https://patents.google.com/patent/US8707392B2/en,https://patentimages.storage.googleapis.com/d3/4d/a1/e8947dad21a598/US8707392.pdf,B-Threshold,General Threshold Processing,ALL,threshold processing,threshold processing,None (fallback)
patent/US11030766B2/en,Automated manipulation of transparent vessels,"performing object recognition on the one or more images to determine an object class; retrieve size data for the transparent object from a database entry corresponding to the object class; in response to determining that the selected category is in the first subset of categories, determining, by …","Dishcraft Robotics, Inc.",Kerkil Choi,2021-06-08,2019-03-25,2019-03-25,2021-06-08,US11030766B2,https://patents.google.com/patent/US11030766B2/en,https://patentimages.storage.googleapis.com/13/86/06/888bf546e3542c/US11030766.pdf,B-Threshold,General Threshold Processing,ALL,threshold processing,threshold processing,None (fallback)
patent/US11179852B2/en,Automated manipulation of transparent vessels,"An actuator and end effector are controlled according to images from cameras having a surface in their field of view. Vessels (cups, bowls, etc.) and other objects are identified in the images and their configuration is assigned to a finite set of categories by a classifier that does not output a …","Dishcraft Robotics, Inc.",Kerkil Choi,2021-11-23,2019-03-25,2019-03-25,2021-11-23,US11179852B2,https://patents.google.com/patent/US11179852B2/en,https://patentimages.storage.googleapis.com/1c/1d/63/553a4986cb2a37/US11179852.pdf,B-Threshold,General Threshold Processing,ALL,threshold processing,threshold processing,None (fallback)
patent/CA3069173C/en,Language element vision augmentation methods and devices,"[001] This application claims the benefit of priority as a divisional patent application from Canadian Patent Application 3,011,257 filed July 12, 2018 which itself claims the benefit of priority as a national phase entry application of World Patent Application PCT/CA2017/000,005 filed January 12, …",Frank Jones,Frank Jones,2023-05-02,2017-01-12,2016-01-12,2023-05-02,CA3069173C,https://patents.google.com/patent/CA3069173C/en,https://patentimages.storage.googleapis.com/9a/3c/74/0b68e191d378c5/CA3069173C.pdf,B-Threshold,General Threshold Processing,ALL,threshold processing,threshold processing,None (fallback)
patent/US11757773B2/en,Layer-2 networking storm control in a virtualized cloud environment,"… to fail simultaneously. This is achieved by the ADs not sharing critical infrastructure resources such as networking, physical cables, cable paths, cable entry points, etc., such that a failure at one AD within a region is unlikely to impact the availability of the other ADs within the same region.",Oracle International Corporation,Jagwinder Singh Brar,2023-09-12,2021-10-05,2020-12-30,2023-09-12,US11757773B2,https://patents.google.com/patent/US11757773B2/en,https://patentimages.storage.googleapis.com/6a/40/b5/6760fb2dbbde52/US11757773.pdf,B-Threshold,General Threshold Processing,ALL,threshold processing,threshold processing,None (fallback)
patent/US11061917B1/en,Method and system for transparent database query caching,"… tables, across multiple user credentials without data cache overlap, the key can be mapped to not only the query, but also to a wide metadata set which includes the database name, table name, the credentials of the user requesting the query, and/or the time of storage of that particular cache entry …","Ignite Scalarc Solutions, Inc.",Varun Singh,2021-07-13,2019-08-08,2010-08-10,2021-07-13,US11061917B1,https://patents.google.com/patent/US11061917B1/en,https://patentimages.storage.googleapis.com/12/0b/bc/2947482f2d1b50/US11061917.pdf,B-Threshold,General Threshold Processing,ALL,threshold processing,threshold processing,None (fallback)
patent/US10635217B2/en,Ultrasound-based force sensing of inputs,"An electronic device that senses home button inputs through ultrasonic force sensing. The electronic device may correlate that amount of force that a user applies to the home button with a specific home button command. In certain embodiments, the system may combine the force of touch information …",Apple Inc.,Brian Q. Huppi,2020-04-28,2018-01-02,2012-07-26,2020-04-28,US10635217B2,https://patents.google.com/patent/US10635217B2/en,https://patentimages.storage.googleapis.com/55/bb/cc/4bf086df676d3a/US10635217.pdf,B-Threshold,General Threshold Processing,ALL,threshold processing,threshold processing,None (fallback)
patent/US12175350B2/en,Machine-learning-based architecture search method for a neural network,"In at least one embodiment, differentiable neural architecture search and reinforcement learning are combined under one framework to discover network architectures with desired properties such as high accuracy, low latency, or both. In at least one embodiment, an objective function for search …",Nvidia Corporation,Arash Vahdat,2024-12-24,2019-09-10,2019-09-10,2024-12-24,US12175350B2,https://patents.google.com/patent/US12175350B2/en,https://patentimages.storage.googleapis.com/df/e3/30/23821940da1ef6/US12175350.pdf,B-Threshold,General Threshold Processing,ALL,threshold processing,threshold processing,None (fallback)
patent/US11238083B2/en,Intelligently driven visual interface on mobile devices and tablets based on …,"A method for identifying a desired document is provided to include forming K clusters of documents and, for each cluster: for each respective document of the cluster determining a sum of distances between (i) the respective document and (ii) each of the other documents of the cluster; and …","Evolv Technology Solutions, Inc.",Robert Severn,2022-02-01,2018-05-11,2017-05-12,2022-02-01,US11238083B2,https://patents.google.com/patent/US11238083B2/en,https://patentimages.storage.googleapis.com/b0/03/a1/9032fce5e76272/US11238083.pdf,B-Threshold,General Threshold Processing,ALL,threshold processing,threshold processing,None (fallback)
patent/US10585559B2/en,Identifying contact information suggestions from a received message,An electronic device suggests contacts and calendar events for users based on their messages. The device can analyze a user's messages for contact and event information and automatically generate or update suggested contacts and calendar events for the user based on this information. The suggested …,Apple Inc.,Daniel C. GROSS,2020-03-10,2016-09-22,2014-05-30,2020-03-10,US10585559B2,https://patents.google.com/patent/US10585559B2/en,https://patentimages.storage.googleapis.com/e9/90/a8/b175491caced45/US10585559.pdf,B-Threshold,General Threshold Processing,ALL,threshold processing,threshold processing,None (fallback)
patent/US9641565B2/en,Apparatus and methods for operation of a wireless server,illustrates features of an embodiment of appointment data. FIG. 21 illustrates features of an embodiment of memo data. FIG. 22 illustrates features of an embodiment of an address book entry. FIG. 23 illustrates features of an embodiment of a recurrence table. FIG. 24 illustrates features of an …,Blackberry Limited,Jesse Boudreau,2017-05-02,2013-12-03,2007-07-27,2017-05-02,US9641565B2,https://patents.google.com/patent/US9641565B2/en,https://patentimages.storage.googleapis.com/2b/f0/81/674e9b4918fb1f/US9641565.pdf,B-Threshold,General Threshold Processing,ALL,threshold processing,threshold processing,None (fallback)
patent/US10915131B2/en,System and method for managing energy,A method of managing energy consumption in an enclosed spaced includes the step of providing temperature and foot traffic data to a plan generator. The method further includes the steps of generating an energy plan based on the temperature and foot traffic data and controlling one or more energy …,Shoppertrak Rct Corporation,Christopher Ainsley,2021-02-09,2019-04-05,2012-01-13,2021-02-09,US10915131B2,https://patents.google.com/patent/US10915131B2/en,https://patentimages.storage.googleapis.com/41/8a/55/50cdb9a6ab39b4/US10915131.pdf,B-Threshold,General Threshold Processing,ALL,threshold processing,threshold processing,None (fallback)
patent/US20210330877A1/en,In-Joint Sensor For A Surgical Fluid Management Pump System,An in-joint pump and control device comprising a pump and an in-joint sensor. The pump is configured to convey fluid to a body joint surgical site. The pump has an algorithm associated therewith to make calculations and to assist in controlling the operation of the pump. The in-joint sensor is …,Stryker Corporation,Brady L. WOOLFORD,2021-10-28,2021-05-07,2012-04-05,,US20210330877A1,https://patents.google.com/patent/US20210330877A1/en,https://patentimages.storage.googleapis.com/83/c0/f0/aca71010b68044/US20210330877A1.pdf,B-Threshold,General Threshold Processing,ALL,threshold processing,threshold processing,None (fallback)
patent/RU2739483C1/en,Feedback on neural network formation configuration for wireless transmissions,"FIELD: wireless communication systems.SUBSTANCE: network entity (a base station, a core network server) determines a set of reference signals of a deep neural network for sending on a physical channel to measure the performance of deep neural networks and / or a set of configurations of forming a …",Google Llc,Цзибин ВАН,2020-12-24,2019-09-04,2019-09-04,2020-12-24,RU2739483C1,https://patents.google.com/patent/RU2739483C1/en,https://patentimages.storage.googleapis.com/08/d3/6b/6a4d59fdfcf299/RU2739483C1.pdf,B-Threshold,General Threshold Processing,ALL,threshold processing,threshold processing,None (fallback)
patent/US9483295B2/en,Transparent dynamic code optimization,"… a point in the application that modified code is to be executed; based on determining that modified code is to be executed, fetching the modified code from memory using an address translation entry for instruction fetches, wherein a different address translation entry is used for data accesses; and …",International Business Machines Corporation,Michael K. Gschwind,2016-11-01,2014-03-31,2014-03-31,2016-11-01,US9483295B2,https://patents.google.com/patent/US9483295B2/en,https://patentimages.storage.googleapis.com/84/f3/86/84336ff70fef34/US9483295.pdf,B-Threshold,General Threshold Processing,ALL,threshold processing,threshold processing,None (fallback)
patent/US10250639B2/en,Information infrastructure management data processing tools for processing data …,"… having sensitive content and select content, said sensitive content represented by one or more sensitive words, characters, images, data elements or data objects therein, said sensitive content having a plurality of sensitivity levels, each sensitivity level having an associated security clearance, …","Digital Doors, Inc.",Ron M. Redlich,2019-04-02,2015-01-15,2007-01-05,2019-04-02,US10250639B2,https://patents.google.com/patent/US10250639B2/en,https://patentimages.storage.googleapis.com/a0/02/e2/a91b9f825b00a4/US10250639.pdf,B-Threshold,General Threshold Processing,ALL,threshold processing,threshold processing,None (fallback)
patent/JP6581717B2/en,Peer-to-peer synchronization protocol for multi-premises hosting of digital …,"Storing an entry in a table based at least in part on the received content item namespace identifier, wherein the entry is associated with the content item namespace identifier in the table; The method of claim 1 or 2 , further comprising storing a network address of a computing system, wherein the …",Dropbox Inc.,ニプン コオラパティ，,2019-09-25,2016-10-11,2015-10-29,2019-09-25,JP6581717B2,https://patents.google.com/patent/JP6581717B2/en,https://patentimages.storage.googleapis.com/38/39/f9/0766bd99530fb1/JP6581717B2.pdf,B-Threshold,General Threshold Processing,ALL,threshold processing,threshold processing,None (fallback)
patent/US11409645B1/en,Intermittent failure metrics in technological processes,Systems and methods for testing a subject system with a software testing process are described. The system receives Boolean states responsive to repeatedly applying a first test case to a subject system. Each Boolean state signifies an outcome of an application of the first test case to a version …,Splunk Inc.,Jian Zhang,2022-08-09,2020-09-10,2018-02-06,2022-08-09,US11409645B1,https://patents.google.com/patent/US11409645B1/en,https://patentimages.storage.googleapis.com/11/14/3e/cad1c19eb5641f/US11409645.pdf,B-Threshold,General Threshold Processing,ALL,threshold processing,threshold processing,None (fallback)
patent/US9889246B2/en,Cassette for a surgical fluid management pump system,"A pump system including a pump, an inflow cassette and an outflow cassette. The inflow cassette has a damping flexible membrane covering a damping region configured to dampen pressure pulsations in washing fluid passing through the damping region. The pump has a plurality of individually …",Stryker Corporation,Brady Woolford,2018-02-13,2017-02-15,2012-04-05,2018-02-13,US9889246B2,https://patents.google.com/patent/US9889246B2/en,https://patentimages.storage.googleapis.com/d4/39/30/83ddcb8b11ffe7/US9889246.pdf,B-Threshold,General Threshold Processing,ALL,threshold processing,threshold processing,None (fallback)
patent/EP3938912B1/en,Memory controller management techniques,"An apparatus comprising: a cache memory (270); a high-bandwidth memory (2720); and a processor communicatively coupled to the cache memory (2710) and the high-bandwidth memory (2720), the processor configured to manage data transfer between the cache memory (2710) and the high-bandwidth memory ( …",Intel Corporation,Abhishek R. APPU,2023-09-20,2020-03-14,2019-03-15,2023-09-20,EP3938912B1,https://patents.google.com/patent/EP3938912B1/en,https://patentimages.storage.googleapis.com/9b/62/ef/cca0d55c5111d7/EP3938912B1.pdf,B-Threshold,General Threshold Processing,ALL,threshold processing,threshold processing,None (fallback)
patent/JP7265183B2/en,game machine,"It is an example of the table which shows the selection ratio of the small hit pattern in the pachinko game machine of 4th Example, and the game state after a big hit. It is a time chart showing the end timing of the easy ball entry state in the pachinko gaming machine of the fourth embodiment. It …",Sammy Corporation,貴之 川野,2023-04-26,2020-09-30,2020-09-30,2023-04-26,JP7265183B2,https://patents.google.com/patent/JP7265183B2/en,https://patentimages.storage.googleapis.com/9c/e1/d3/992aa1c82ab96c/JP7265183B2.pdf,B-Threshold,General Threshold Processing,ALL,threshold processing,threshold processing,None (fallback)
patent/US10244036B2/en,Method and system for controlled distribution of information over a network,"4. The method of claim 1 , further comprising: receiving an indication that the profile information for the user has not been accepted due to errors; and presenting information to require the user to correct errors in the profile data entry form. 5. The method of claim 1 , further comprising:","Facebook, Inc.",Chris Cheah,2019-03-26,2012-09-14,1998-10-13,2019-03-26,US10244036B2,https://patents.google.com/patent/US10244036B2/en,https://patentimages.storage.googleapis.com/3c/39/b3/de53a1f26c4fc9/US10244036.pdf,B-Threshold,General Threshold Processing,ALL,threshold processing,threshold processing,None (fallback)
patent/US11896222B2/en,Methods of operating surgical end effectors,"A surgical system is disclosed comprising a firing member, a motor configured to advance the firing member, a current sensor, and a control system configured to set a target firing speed range of the firing member based on a current draw of the motor sensed by the current sensor, set a threshold …",Cilag Gmbh International,"Frederick E. Shelton, IV",2024-02-13,2020-09-04,2017-12-15,2024-02-13,US11896222B2,https://patents.google.com/patent/US11896222B2/en,https://patentimages.storage.googleapis.com/46/11/d6/a583b6b4e3afd1/US11896222.pdf,B-Threshold,General Threshold Processing,ALL,threshold processing,threshold processing,None (fallback)
patent/JP6371859B2/en,Session management in distributed storage systems,"… subsequence of hash values obtained for a file name, according to at least some embodiments. FIG. 4 illustrates an example of a first type of HDAG node split of two types of HDAG node splits that may result from an attempt to insert an entry into a namespace, according to at least some embodiments. …","Amazon Technologies, Inc.",ヴィンセント，パラディープ,2018-08-08,2015-03-31,2014-03-31,2018-08-08,JP6371859B2,https://patents.google.com/patent/JP6371859B2/en,https://patentimages.storage.googleapis.com/0b/ff/ee/ec7515fd2ef6d5/JP6371859B2.pdf,B-Threshold,General Threshold Processing,ALL,threshold processing,threshold processing,None (fallback)
patent/JP6259532B2/en,Namespace management in distributed storage systems,Calculating a respective bit sequence representing a hash value for each entry in the specific list of candidate nodes; Assigning corresponding entries in the specific list to a plurality of new lists using a selected sub-sequence of each of the bit sequences; Assigning the new entry to one list of …,"Amazon Technologies, Inc.",ヘンドリクソン，ジョシュア・サミュエル,2018-01-10,2015-03-26,2014-03-31,2018-01-10,JP6259532B2,https://patents.google.com/patent/JP6259532B2/en,https://patentimages.storage.googleapis.com/64/29/6a/7def2f5a4a944d/JP6259532B2.pdf,B-Threshold,General Threshold Processing,ALL,threshold processing,threshold processing,None (fallback)
patent/JP6371858B2/en,Atomic writing for multiple extent operations,"… subsequence of hash values obtained for a file name, according to at least some embodiments. FIG. 4 illustrates an example of a first type of HDAG node split of two types of HDAG node splits that may result from an attempt to insert an entry into a namespace, according to at least some embodiments. …","Amazon Technologies, Inc.",ストラウス，ジェイコブ・エイ,2018-08-08,2015-03-31,2014-03-31,2018-08-08,JP6371858B2,https://patents.google.com/patent/JP6371858B2/en,https://patentimages.storage.googleapis.com/1d/ff/43/52771fcacb5b1e/JP6371858B2.pdf,B-Threshold,General Threshold Processing,ALL,threshold processing,threshold processing,None (fallback)
patent/JP6322722B2/en,File storage using variable stripe size,"… subsequence of hash values obtained for a file name, according to at least some embodiments. FIG. 4 illustrates an example of a first type of HDAG node split of two types of HDAG node splits that may result from an attempt to insert an entry into a namespace, according to at least some embodiments. …","Amazon Technologies, Inc.",オイカリネン，マッティ・ジュハニ,2018-05-09,2015-03-31,2014-03-31,2018-05-09,JP6322722B2,https://patents.google.com/patent/JP6322722B2/en,https://patentimages.storage.googleapis.com/eb/a8/d6/91c9cbb6e0e250/JP6322722B2.pdf,B-Threshold,General Threshold Processing,ALL,threshold processing,threshold processing,None (fallback)
patent/US10771668B2/en,"Multi-aperture imaging device, imaging system and method for capturing an …",A multi-aperture imaging device includes at least one image sensor and an array of juxtaposed optical channels. Each optical channel includes optics for imaging of projecting at least one partial area of an object area on an image sensor area of the image sensor. A first optics of a first optical …,Fraunhofer-Gesellschaft Zur Foerderung Der Angewandten Forschung E.V.,Frank Wippermann,2020-09-08,2018-07-13,2016-01-13,2020-09-08,US10771668B2,https://patents.google.com/patent/US10771668B2/en,https://patentimages.storage.googleapis.com/7d/88/7c/d06424750e7db0/US10771668.pdf,B-Threshold,General Threshold Processing,ALL,threshold processing,threshold processing,None (fallback)
patent/JP6416279B2/en,Scalable file storage service,"… subsequence of hash values obtained for a file name, according to at least some embodiments. FIG. 4 illustrates an example of a first type of HDAG node split of two types of HDAG node splits that may result from an attempt to insert an entry into a namespace, according to at least some embodiments. …","Amazon Technologies, Inc.",ヴィンセント，パラディープ,2018-10-31,2015-03-31,2014-03-31,2018-10-31,JP6416279B2,https://patents.google.com/patent/JP6416279B2/en,https://patentimages.storage.googleapis.com/88/56/c1/e527caa333867b/JP6416279B2.pdf,B-Threshold,General Threshold Processing,ALL,threshold processing,threshold processing,None (fallback)
patent/US9168091B2/en,Ablation apparatus and system to limit nerve conduction,"33. An electrosurgical device for locating, stimulating, and ablating a nerve from a single point entry in skin and for use with a source of stimulation energy and a source of ablation energy, the device comprising: a handle having a shape permitting single handed operation by a user; a single axis …","Serene Medical, Inc.",William Michael Janssen,2015-10-27,2012-08-08,2004-06-17,2015-10-27,US9168091B2,https://patents.google.com/patent/US9168091B2/en,https://patentimages.storage.googleapis.com/48/74/e4/401e883b0397f9/US9168091.pdf,B-Threshold,General Threshold Processing,ALL,threshold processing,threshold processing,None (fallback)
patent/US12115421B2/en,Golf club heads,"A cast cup can include a forward portion of a golf club head, including a hosel, forward portions of a crown, sole, heel, and toe, and a face portion or an opening to receive a face insert. A rear ring can be formed separately from the cast cup and coupled to heel and toe portions of the cast cup …","Taylor Made Golf Company, Inc.",Matthew Greensmith,2024-10-15,2023-05-25,2017-08-10,2024-10-15,US12115421B2,https://patents.google.com/patent/US12115421B2/en,https://patentimages.storage.googleapis.com/cc/ec/7c/db22fc3c1d7978/US12115421.pdf,B-Threshold,General Threshold Processing,ALL,threshold processing,threshold processing,None (fallback)
patent/US20200225486A1/en,Large exit pupil wearable near-to-eye vision systems exploiting freeform …,"It is an object of the present invention to mitigate limitations within the prior art relating to wearable NR2I vision systems and more particularly to provide wearable NR2I vision systems with wide field of view, high image resolution, large exit pupil for eye placement, sufficient eye clearance, …",Esight Corp.,Frank Jones,2020-07-16,2020-03-17,2016-08-12,,US20200225486A1,https://patents.google.com/patent/US20200225486A1/en,https://patentimages.storage.googleapis.com/90/38/8f/5461bbeefc413b/US20200225486A1.pdf,B-Threshold,General Threshold Processing,ALL,threshold processing,threshold processing,None (fallback)
patent/US20220175372A1/en,Releasable layer of material and surgical end effector having the same,"An end effector assembly for use with a surgical instrument. The end effector assembly can include a fastener cartridge, a plurality of fasteners, a first connector, a second connector, and a layer of material releasably secured to the fastener cartridge by the first connector and by the second …",Cilag Gmbh International,"Frederick E. Shelton, IV",2022-06-09,2021-12-16,2008-02-15,,US20220175372A1,https://patents.google.com/patent/US20220175372A1/en,https://patentimages.storage.googleapis.com/93/6f/c0/0062623a606f12/US20220175372A1.pdf,B-Threshold,General Threshold Processing,ALL,threshold processing,threshold processing,None (fallback)
patent/US12217194B2/en,Nutritional content determination based on gesture detection data,"Techniques disclosed herein relate to nutritional content determination based on gesture detection data. In some embodiments, the techniques involve obtaining gesture detection data corresponding to consumption of a food item or a drink; determining, based on the gesture detection data, …","Medtronic Minimed, Inc.",Katelijn Vleugels,2025-02-04,2023-05-23,2016-01-28,2025-02-04,US12217194B2,https://patents.google.com/patent/US12217194B2/en,https://patentimages.storage.googleapis.com/69/b2/c9/437c8b243c11dd/US12217194.pdf,B-Threshold,General Threshold Processing,ALL,threshold processing,threshold processing,None (fallback)
patent/US10811154B2/en,Container for radioactive waste,"A method of forming a sealed canister and a method of storing radioactive materials is provided. The method of forming includes placing a top plate on a top opening of a side wall, a bottom of the side wall being sealed to a base plate. The top plate includes a top surface with a top edge having a …",Holtec International,Krishna P. Singh,2020-10-20,2018-07-09,2010-08-12,2020-10-20,US10811154B2,https://patents.google.com/patent/US10811154B2/en,https://patentimages.storage.googleapis.com/13/1e/44/7cb5f2c67e502f/US10811154.pdf,B-Threshold,General Threshold Processing,ALL,threshold processing,threshold processing,None (fallback)
patent/US9693817B2/en,Systems and devices to identify and limit nerve conduction,"Methods and devices for improved precision in finding one or more nerves and then interrupting the transmission of neural signals through the target nerve. The treated nerve can be rendered incapable of transmitting neural signals for a select duration of time, where such a duration can be on a …","Serene Medical, Inc.",Bankim H. Mehta,2017-07-04,2015-08-24,2015-01-21,2017-07-04,US9693817B2,https://patents.google.com/patent/US9693817B2/en,https://patentimages.storage.googleapis.com/6b/73/75/91bc78cc50da67/US9693817.pdf,B-Threshold,General Threshold Processing,ALL,threshold processing,threshold processing,None (fallback)
patent/US10411920B2/en,Methods and apparatus for inducing electromagnetic waves within pathways of a …,"What is claimed is: 1. A system, comprising: a first plurality of uninsulated conductors that is stranded together, wherein the first plurality of uninsulated conductors forms a first hollow pathway that is bounded by internal conductive surfaces of the first plurality of uninsulated conductors;","At&T Intellectual Property I, L.P.",Paul Shala Henry,2019-09-10,2017-10-06,2014-11-20,2019-09-10,US10411920B2,https://patents.google.com/patent/US10411920B2/en,https://patentimages.storage.googleapis.com/dc/4f/b5/ddd76a071d6d63/US10411920.pdf,B-Threshold,General Threshold Processing,ALL,threshold processing,threshold processing,None (fallback)
patent/US11593269B2/en,Sector cache for compression,"In an example, an apparatus comprises a plurality of execution units, and a cache memory communicatively coupled to the plurality of execution units, wherein the cache memory is structured into a plurality of sectors, wherein each sector in the plurality of sectors comprises at least two cache …",Intel Corporation,Abhishek R. Appu,2023-02-28,2021-08-12,2017-04-01,2023-02-28,US11593269B2,https://patents.google.com/patent/US11593269B2/en,https://patentimages.storage.googleapis.com/99/52/59/ec55cb4ad044d1/US11593269B2.pdf,B-Threshold,General Threshold Processing,ALL,threshold processing,threshold processing,None (fallback)
patent/US10943069B1/en,Applied artificial intelligence technology for narrative generation based on a …,"For example, the set of available base communication goal statements can be presented as a menu (e.g., a drop down menu) from which the user makes a selection. As another example, a user can be permitted to enter text in a text entry box. Software can detect the words being entered by the user and …",Narrative Science Inc.,Andrew R. Paley,2021-03-09,2018-07-27,2017-02-17,2021-03-09,US10943069B1,https://patents.google.com/patent/US10943069B1/en,https://patentimages.storage.googleapis.com/be/f3/1a/611a30abb4d2f4/US10943069.pdf,B-Threshold,General Threshold Processing,ALL,threshold processing,threshold processing,None (fallback)
patent/US10699079B1/en,Applied artificial intelligence technology for narrative generation based on …,"For example, the set of available base communication goal statements can be presented as a menu (e.g., a drop down menu) from which the user makes a selection. As another example, a user can be permitted to enter text in a text entry box. Software can detect the words being entered by the user and …",Narrative Science Inc.,Andrew R. Paley,2020-06-30,2018-07-27,2017-02-17,2020-06-30,US10699079B1,https://patents.google.com/patent/US10699079B1/en,https://patentimages.storage.googleapis.com/e8/cc/cb/2d3990955304a2/US10699079.pdf,B-Threshold,General Threshold Processing,ALL,threshold processing,threshold processing,None (fallback)
patent/US9417637B2/en,"Background schedule simulations in an intelligent, network-connected thermostat","The current application is directed to intelligent controllers that initially aggressively learn, and then continue, in a steady-state mode, to monitor, learn, and modify one or more control schedules that specify a desired operational behavior of a device, machine, system, or organization …",Google Inc.,Yoky Matsuoka,2016-08-16,2013-03-14,2010-12-31,2016-08-16,US9417637B2,https://patents.google.com/patent/US9417637B2/en,https://patentimages.storage.googleapis.com/96/cf/fa/478bbd6303996f/US9417637.pdf,B-Threshold,General Threshold Processing,ALL,threshold processing,threshold processing,None (fallback)
patent/US12443853B1/en,Video synthesis using one or more neural networks,"Apparatuses, systems, and techniques are presented to synthesize consistent images or video. In at least one embodiment, one or more neural networks are used to generate one or more second images based, at least in part, on one or more point cloud representations of one or more first images.",Nvidia Corporation,Arun Mallya,2025-10-14,2024-01-16,2020-06-01,2025-10-14,US12443853B1,https://patents.google.com/patent/US12443853B1/en,,B-Threshold,General Threshold Processing,ALL,threshold processing,threshold processing,None (fallback)
patent/US11265032B2/en,Cancellation of spurious intermodulation products produced in nonlinear …,"In the case of the PCS band, RF SAW filter 2004 passes the entire 60 MHz of the allocated receive band. The receiver receives the entire band because the channel to which the handset will be assigned is not known prior to entry into the cell. After the amplification by LNA 2003 and the filtering by …","Finesse Wireless, Llc",Francis J. Smith,2022-03-01,2020-07-06,2015-05-27,2022-03-01,US11265032B2,https://patents.google.com/patent/US11265032B2/en,https://patentimages.storage.googleapis.com/52/c8/3b/fe9f9cdf878d0b/US11265032.pdf,B-Threshold,General Threshold Processing,ALL,threshold processing,threshold processing,None (fallback)
patent/US11432619B2/en,"System, method, and apparatus for modelling feet and selecting footwear","One aspect of this disclosure is a method comprising: receiving, from a camera, a video feed depicting a pair of feet and a scaling object; capturing, with the camera, images of the feet and the scaling object based on the video feed; identifying foot features in each captured image; determining …",Digital Animal Interactive Inc.,Jamie Roy Sherrah,2022-09-06,2018-02-16,2017-02-18,2022-09-06,US11432619B2,https://patents.google.com/patent/US11432619B2/en,https://patentimages.storage.googleapis.com/4f/1b/ac/c3ae1da4a69b61/US11432619.pdf,B-Threshold,General Threshold Processing,ALL,threshold processing,threshold processing,None (fallback)
patent/US11330397B2/en,System for continuously determining location of electronic tags with methods to …,"The exit time-out is typically not publicly known, in which case as part of the process at or right after the initial activation of the tag, the beacon transmission may be stopped to generate an exit event, upon which the application sends the time duration from last beacon entry event to the tag, …","Tracesafe Technologies, Inc.",Francis Antony,2022-05-10,2021-03-15,2020-03-13,2022-05-10,US11330397B2,https://patents.google.com/patent/US11330397B2/en,https://patentimages.storage.googleapis.com/e5/27/96/30408fca6ef4b7/US11330397.pdf,B-Threshold,General Threshold Processing,ALL,threshold processing,threshold processing,None (fallback)
patent/US10797370B2/en,Launcher with cylindrical coupling device and methods for use therewith,"Aspects of the subject disclosure may include, for example, a launching device including a transmitter configured to generate a radio frequency signal on a transmission medium, wherein the transmitter is included in a launching circuit with the transmission medium having an electrical return path.","At&T Intellectual Property I, L.P.",Shikik Johnson,2020-10-06,2017-07-20,2016-10-26,2020-10-06,US10797370B2,https://patents.google.com/patent/US10797370B2/en,https://patentimages.storage.googleapis.com/a7/16/aa/cbdae24dad965c/US10797370.pdf,B-Threshold,General Threshold Processing,ALL,threshold processing,threshold processing,None (fallback)
patent/JP7602175B2/en,Pachinko machine,"In the game area P501, various ball entry devices (called ""entry devices"" when prize balls are generated) such as a first start entry port P711 (first start port), a second start entry port P721 (second start port), a general entry port P731, a general operation port P741 (a general operation gate …",Sammy Corporation,祥久 金子,2024-12-18,2023-12-21,2020-05-20,2024-12-18,JP7602175B2,https://patents.google.com/patent/JP7602175B2/en,https://patentimages.storage.googleapis.com/18/10/23/a0856813fb0a6a/JP7602175B2.pdf,B-Threshold,General Threshold Processing,ALL,threshold processing,threshold processing,None (fallback)
patent/US11016658B2/en,Managing real-time handwriting recognition,"Methods, systems, and computer-readable media related to a technique for providing handwriting input functionality on a user device. A handwriting recognition module is trained to have a repertoire comprising multiple non-overlapping scripts and capable of recognizing tens of thousands of …",Apple Inc.,Mei-Qun XIA,2021-05-25,2019-07-08,2013-06-09,2021-05-25,US11016658B2,https://patents.google.com/patent/US11016658B2/en,https://patentimages.storage.googleapis.com/88/55/97/df497ea613e30d/US11016658.pdf,B-Threshold,General Threshold Processing,ALL,threshold processing,threshold processing,None (fallback)
patent/US20240390003A1/en,Handheld electromechanical surgical system,"An adapter assembly includes a switch actuator, an actuation bar, and a latch. The switch actuator is movable between a proximal position, in which the switch actuator actuates a switch, and a distal position. The latch is movable between a first position, in which the latch permits proximal …",Covidien Lp,Elizabeth Contini,2024-11-28,2024-02-28,2015-04-22,,US20240390003A1,https://patents.google.com/patent/US20240390003A1/en,https://patentimages.storage.googleapis.com/46/34/f8/421392a01cfdf6/US20240390003A1.pdf,B-Threshold,General Threshold Processing,ALL,threshold processing,threshold processing,None (fallback)
patent/US20210398338A1/en,Image generation using one or more neural networks,"What is claimed is: 1 . A processor, comprising: one or more circuits to use one or more neural networks to generate one or more three-dimensional (3D) images based, at least in part, on two or more two-dimensional (2D) images having different frames of reference. 2 . The processor of claim 1 ,",Nvidia Corporation,Jonah Philion,2021-12-23,2020-06-22,2020-06-22,,US20210398338A1,https://patents.google.com/patent/US20210398338A1/en,https://patentimages.storage.googleapis.com/77/ef/cc/d3553dc167f4b0/US20210398338A1.pdf,B-Threshold,General Threshold Processing,ALL,threshold processing,threshold processing,None (fallback)
patent/US20220222778A1/en,Upsampling an image using one or more neural networks,"Apparatuses, systems, and techniques are presented to generate images. In at least one embodiment, one or more neural networks are used to generate one or more images using one or more pixel weights determined based, at least in part, on one or more sub-pixel offset values.",Nvidia Corporation,Shiqiu Liu,2022-07-14,2022-03-31,2020-10-08,,US20220222778A1,https://patents.google.com/patent/US20220222778A1/en,https://patentimages.storage.googleapis.com/59/a7/c9/950bd019fb8039/US20220222778A1.pdf,B-Threshold,General Threshold Processing,ALL,threshold processing,threshold processing,None (fallback)
patent/US10019812B2/en,Graphic overlay for measuring dimensions of features using a video inspection …,A method and device for providing a graphic overlay for measuring dimensions of features using a video inspection device. One or more measurement cursors are placed on pixels of an image of the object. One or more planes are determined parallel or normal to a reference surface or line and passing …,General Electric Company,Clark Alexander Bendall,2018-07-10,2017-07-12,2011-03-04,2018-07-10,US10019812B2,https://patents.google.com/patent/US10019812B2/en,https://patentimages.storage.googleapis.com/c5/a3/99/99583f3c0a14d7/US10019812.pdf,B-Threshold,General Threshold Processing,ALL,threshold processing,threshold processing,None (fallback)
patent/US10255408B2/en,Interface for medical infusion pump,"An apparatus for indicating a change in operation of a medical infusion pump. The apparatus includes a memory configured to store an original pump parameter and a current pump parameter. The apparatus further includes a programmable circuit in electrical communication with the memory, the …","Smiths Medical Asd, Inc.",Michael L. Blomquist,2019-04-09,2017-08-17,2006-08-03,2019-04-09,US10255408B2,https://patents.google.com/patent/US10255408B2/en,https://patentimages.storage.googleapis.com/eb/47/58/3307a846d83625/US10255408.pdf,B-Threshold,General Threshold Processing,ALL,threshold processing,threshold processing,None (fallback)
patent/EP3828777A1/en,Processor and system to train machine learning models based on comparing …,"Apparatuses, systems, and techniques to collaboratively train one or more machine learning models. Parameter reviewers may be configured to compare sets of machine learning model parameter information in order to generate one or more machine learning models, such as neural networks.",Nvidia Corporation,Fausto MILLETARI,2021-06-02,2020-10-21,2019-10-31,,EP3828777A1,https://patents.google.com/patent/EP3828777A1/en,https://patentimages.storage.googleapis.com/bd/a1/20/b07e6ad26fc9e3/EP3828777A1.pdf,B-Threshold,General Threshold Processing,ALL,threshold processing,threshold processing,None (fallback)
patent/US10572521B2/en,Automatic new concept definition,… documents pointed to by entries in the CII corresponding to the extracted concepts; receiving a pointer to a new version of a document pointed to by an entry in the CII corresponding to a concept and a new score indicating a likelihood that the new version of the document is related to the concept;,International Business Machines Corporation,Michele M. Franceschini,2020-02-25,2017-03-06,2014-07-14,2020-02-25,US10572521B2,https://patents.google.com/patent/US10572521B2/en,https://patentimages.storage.googleapis.com/04/82/7d/57c5701003feb6/US10572521.pdf,B-Threshold,General Threshold Processing,ALL,threshold processing,threshold processing,None (fallback)
patent/US20190213498A1/en,Artificial intelligence for context classifier,"In payment system fraud, a legitimate cardholder and a fraudster can be in actuality two different people, and will therefor naturally behave in two different ways. They each will manifest transactions that will often reflect those differences. Fraudsters have far different agendas and purposes in …","Brighterion, Inc.",Akli Adjaoute,2019-07-11,2019-03-12,2014-04-02,,US20190213498A1,https://patents.google.com/patent/US20190213498A1/en,https://patentimages.storage.googleapis.com/65/4f/2c/b1f839dab506b1/US20190213498A1.pdf,B-Threshold,General Threshold Processing,ALL,threshold processing,threshold processing,None (fallback)
patent/US11263817B1/en,3D captions with face tracking,"… of the 3D caption for presentation to a user; and in response to determining that the request to access the 3D caption feature is received after more than the threshold amount of time has elapsed since the video segment was stored, presenting a 3D caption entry interface with default parameters.",Snap Inc.,Kyle Goodrich,2022-03-01,2019-12-19,2019-12-19,2022-03-01,US11263817B1,https://patents.google.com/patent/US11263817B1/en,https://patentimages.storage.googleapis.com/e1/17/6c/f91655ed8091f6/US11263817.pdf,B-Threshold,General Threshold Processing,ALL,threshold processing,threshold processing,None (fallback)
patent/US9710407B2/en,Congestion control in storage systems,"… successive subsequences of a hash value obtained for a file name, according to at least some embodiments. FIG. 47 illustrates an example of the first of two types of HDAG node splits that may result from an attempt to insert an entry into a namespace, according to at least some embodiments. FIG. 48","Amazon Technologies, Inc.",Matti Juhani Oikarinen,2017-07-18,2016-02-29,2014-03-31,2017-07-18,US9710407B2,https://patents.google.com/patent/US9710407B2/en,https://patentimages.storage.googleapis.com/09/fb/10/d62f68eb607a58/US9710407.pdf,B-Threshold,General Threshold Processing,ALL,threshold processing,threshold processing,None (fallback)
patent/US9495435B2/en,System and method for intelligent database backup,"Systems and methods are provided for backing up database storage. A protection policy for database storage is activated at a remote host, wherein the database storage is not physically accessible by the computing device, such that the out-of-band storage is not in communication with the remote …","Actifio, Inc.",Xiangdong Zhang,2016-11-15,2013-06-18,2012-06-18,2016-11-15,US9495435B2,https://patents.google.com/patent/US9495435B2/en,https://patentimages.storage.googleapis.com/a5/d8/50/81bad59057ca24/US9495435.pdf,B-Threshold,General Threshold Processing,ALL,threshold processing,threshold processing,None (fallback)
patent/US10824607B2/en,Topological data analysis of data from a fact table and related dimension …,"A method comprises receiving a selection of data from a fact table and one or more dimension tables stored in a data warehouse, mapping data points from the selection of the data from the fact table and the one or more dimension tables to a reference space utilizing a lens function, generating a …",Ayasdi Ai Llc,Huang Xia,2020-11-03,2017-07-21,2016-07-21,2020-11-03,US10824607B2,https://patents.google.com/patent/US10824607B2/en,https://patentimages.storage.googleapis.com/1d/ff/35/31b98dd8f7d0c1/US10824607.pdf,B-Threshold,General Threshold Processing,ALL,threshold processing,threshold processing,None (fallback)
patent/US10496683B2/en,Automatically linking text to concepts in a knowledge base,"generating a conceptual inverted index based on entries in the conceptual index, each entry of the conceptual inverted index corresponding to a different one of the concepts in the knowledge base and comprising pointers to at least a subset of text strings of the plurality of text strings linked to …",International Business Machines Corporation,Michele M. Franceschini,2019-12-03,2018-11-08,2014-07-14,2019-12-03,US10496683B2,https://patents.google.com/patent/US10496683B2/en,https://patentimages.storage.googleapis.com/4a/a8/14/f3e019abf67a94/US10496683.pdf,B-Threshold,General Threshold Processing,ALL,threshold processing,threshold processing,None (fallback)
patent/US10764114B2/en,Techniques for wireless access and wireline network integration,"One embodiment is a method and includes receiving at a termination element of a first network a bandwidth report (“BWR”), in which the BWR includes information regarding a data transmission opportunity over a second network for at least one endpoint data; scheduling a first network transmission …","Cisco Technology, Inc.",John T. Chapman,2020-09-01,2018-05-17,2016-03-10,2020-09-01,US10764114B2,https://patents.google.com/patent/US10764114B2/en,https://patentimages.storage.googleapis.com/f2/2f/42/0789020691452d/US10764114.pdf,B-Threshold,General Threshold Processing,ALL,threshold processing,threshold processing,None (fallback)
patent/US10089177B2/en,Multi-stage decoder,"An “edge,” such as represented in the Tanner graphs illustrated in FIG. 2 as a line connecting a variable node and a check node, indicates a non-zero entry in the parity check matrix at the intersection of the column corresponding to the variable node and the row corresponding to the check node. …",Sandisk Technologies Llc,Alexander Bazarsky,2018-10-02,2016-03-04,2014-06-30,2018-10-02,US10089177B2,https://patents.google.com/patent/US10089177B2/en,https://patentimages.storage.googleapis.com/76/8a/46/69ae69834a962e/US10089177.pdf,B-Threshold,General Threshold Processing,ALL,threshold processing,threshold processing,None (fallback)
patent/US9934430B2/en,Multi-script handwriting recognition using a universal recognizer,"… corresponding parts throughout the drawings. DETAILED DESCRIPTION Many electronic devices have graphical user interfaces with soft keyboards for character entry. On some electronic devices, a user may also be able to install or enable a handwriting input interface that allows the user to input ch",Apple Inc.,Jannes G. A. Dolfing,2018-04-03,2016-09-29,2013-06-09,2018-04-03,US9934430B2,https://patents.google.com/patent/US9934430B2/en,https://patentimages.storage.googleapis.com/cd/c0/47/8c89b9b82a9a6c/US9934430.pdf,B-Threshold,General Threshold Processing,ALL,threshold processing,threshold processing,None (fallback)
patent/US10957335B2/en,Home automation having user privacy protections,An acoustic sensor is positioned in an environment and configured to generate a data stream responsive to acoustic energy in the environment. A controller is configured to receive the data stream. The controller is further configured to analyze the data stream to determine ambient acoustic signals …,Sleep Number Corporation,Ramazan Demirli,2021-03-23,2018-12-27,2017-12-28,2021-03-23,US10957335B2,https://patents.google.com/patent/US10957335B2/en,https://patentimages.storage.googleapis.com/a3/8e/13/fd14f15333a205/US10957335.pdf,B-Threshold,General Threshold Processing,ALL,threshold processing,threshold processing,None (fallback)
patent/US10956461B2/en,"System for searching, recommending, and exploring documents through conceptual …","… . Therefore, v{circumflex over ( )}L on its own may not suffice, and instead it is processed through a normalization stage. One normalization is to divide each entry of v{circumflex over ( )}L by the corresponding entries of a vector u{circumflex over ( )}L, which is obtained by a similar recursion: …",International Business Machines Corporation,Michele M. Franceschini,2021-03-23,2019-10-17,2014-07-14,2021-03-23,US10956461B2,https://patents.google.com/patent/US10956461B2/en,https://patentimages.storage.googleapis.com/6e/27/d2/34e8f996dd0bb2/US10956461.pdf,B-Threshold,General Threshold Processing,ALL,threshold processing,threshold processing,None (fallback)
patent/US10999983B2/en,Volumetric budget based irrigation control,"The present embodiments provide systems, processes and/or methods of controlling irrigation. In some embodiments, methods are provided that receive (4112) water usage information corresponding to a first volumetric water usage at a site location having an irrigation controller (130), wherein the …",Rain Bird Corporation,Ryan L. Walker,2021-05-11,2020-03-06,2009-10-07,2021-05-11,US10999983B2,https://patents.google.com/patent/US10999983B2/en,https://patentimages.storage.googleapis.com/d4/b6/49/d4e2cc63c56124/US10999983.pdf,B-Threshold,General Threshold Processing,ALL,threshold processing,threshold processing,None (fallback)
patent/CN101588262B/en,Remote management of mobile wireless devices,"In the invention, an apparatus and method that uses parameter set in another mobile radio equipment for a mobile radio equipment to manage the mobile radio equipment, which provides a mechanism that enhances communication capability for wireless users. Also additional apparatus, system and method …",Blackberry Limited,塔纳·埃森尔,2014-06-25,2008-07-28,2008-05-23,2014-06-25,CN101588262B,https://patents.google.com/patent/CN101588262B/en,https://patentimages.storage.googleapis.com/f7/f4/4f/11968421fbebf8/CN101588262B.pdf,B-Threshold,General Threshold Processing,ALL,threshold processing,threshold processing,None (fallback)
patent/US8850296B2/en,"Encoding method and system, decoding method and system","A decoder, an encoder, a decoding method and an encoding method are provided. The encoding method includes receiving data; generating a set of first codewords by applying a first encoding process on the received data; and performing a second encoding process on a folded version of each first …",Densbits Technologies Ltd.,Hanan Weingarten,2014-09-30,2010-01-04,2009-04-06,2014-09-30,US8850296B2,https://patents.google.com/patent/US8850296B2/en,https://patentimages.storage.googleapis.com/ab/c1/9c/cb8d1583c267c2/US8850296.pdf,B-Threshold,General Threshold Processing,ALL,threshold processing,threshold processing,None (fallback)
patent/KR101794531B1/en,Ablation apparatus and system to limit nerve conduction,"A probe body defining a longitudinal probe axis extending from the handle; And a first conductive electrode and a second conductive electrode operatively disposed along the probe axis, Wherein the electrode is connected to an ablation energy source, the probe can enter tissue at a single entry …",메르츠 노스 아메리카 인코포레이티드,윌리엄 마이클 얀센,2017-11-07,2007-07-27,2006-07-28,2017-11-07,KR101794531B1,https://patents.google.com/patent/KR101794531B1/en,https://patentimages.storage.googleapis.com/36/3e/84/5a20232dc0d997/KR101794531B1.pdf,B-Threshold,General Threshold Processing,ALL,threshold processing,threshold processing,None (fallback)
patent/US8073565B2/en,System and method for alerting a first mobile data processing system nearby a …,Provided is a fully automated web service with location based services generally involved in transmission of situational location dependent information to automatically located mobile receiving data processing systems. The web service communicates with a receiving data processing system in a …,Apple Inc.,William J. Johnson,2011-12-06,2007-07-10,2000-06-07,2011-12-06,US8073565B2,https://patents.google.com/patent/US8073565B2/en,https://patentimages.storage.googleapis.com/7e/40/aa/6ea030bd73968b/US8073565.pdf,B-Threshold,General Threshold Processing,ALL,threshold processing,threshold processing,None (fallback)
patent/US9014621B2/en,Short-range cellular booster,"… on Jul. 12, 2006, issued on Apr. 14, 2009 as U.S. Pat. No. 7,519,323, and entitled “Short-Range Cellular Booster,” which is a National Stage Entry of application PCT/US05/00965 which claims the benefit under 35 U.S.C. §119(e) of U.S. provisional patent application Ser. No. 60/535,930 filed on Jan.","Nextivity, Inc.",Behzad Mohebbi,2015-04-21,2011-12-23,2009-04-10,2015-04-21,US9014621B2,https://patents.google.com/patent/US9014621B2/en,https://patentimages.storage.googleapis.com/9a/00/ec/c3d3ee5ea19622/US9014621.pdf,B-Threshold,General Threshold Processing,ALL,threshold processing,threshold processing,None (fallback)
patent/US8160742B2/en,Apparatus for dispensing and identifying product in washrooms,An apparatus for the dispensing of product is provided. The apparatus includes a dispenser that is configured for dispensing product and a sensor in communication with an electrical circuit carried by the dispenser. The sensor is configured for detecting identification information about the …,Kimberly-Clark Worldwide Inc.,Charles H. Goerg,2012-04-17,2010-06-30,2003-12-31,2012-04-17,US8160742B2,https://patents.google.com/patent/US8160742B2/en,https://patentimages.storage.googleapis.com/12/94/61/453f7d771ecf0d/US8160742.pdf,B-Threshold,General Threshold Processing,ALL,threshold processing,threshold processing,None (fallback)
patent/US8285658B1/en,Account sharing detection,Apparatus and methods are described for detecting sharing of electronic or online accounts based on grouping of data samples that include keyboard input timing factors and optionally secondary factors. The data samples can be received from various computers having various keyboards of a certain …,"Scout Analytics, Inc.",Mechthild Regina Kellas-Dicks,2012-10-09,2009-08-25,2009-08-25,2012-10-09,US8285658B1,https://patents.google.com/patent/US8285658B1/en,https://patentimages.storage.googleapis.com/01/87/cd/e2d467317c97ae/US8285658.pdf,B-Threshold,General Threshold Processing,ALL,threshold processing,threshold processing,None (fallback)
patent/DE112008000988B4/en,Compute nodes and compute node networks that include Dynamics Node connections,"1910 after a next global clock signal is received by the node in the peaking mode state ( 1912 ) entry; and wherein the compute node is in the peaking mode state ( 1912 ) generates a peak signal, sets the leak integrator output to the negative of the threshold, and returns to the idle processing …","Hewlett-Packard Development Company, L.P.",Gregory S. Snider,2016-06-02,2008-04-18,2007-04-19,2016-06-02,DE112008000988B4,https://patents.google.com/patent/DE112008000988B4/en,https://patentimages.storage.googleapis.com/82/c5/f2/6bfabac2a392da/DE112008000988B4.pdf,B-Threshold,General Threshold Processing,ALL,threshold processing,threshold processing,None (fallback)
patent/US8656099B2/en,Storage apparatus and storage control method for the same,"TECHNICAL FIELD This U.S. non-provisional patent application claims priority under 35 U.S.C. §119 of PCT/JP2010/004705, filed on Jul. 22, 2010 in the Japanese Patent Office, the entire contents of which is herby incorporated by reference. The present invention relates to a storage apparatus.","Hitachi, Ltd.",Kenichi Saito,2014-02-18,2010-07-22,2010-07-22,2014-02-18,US8656099B2,https://patents.google.com/patent/US8656099B2/en,https://patentimages.storage.googleapis.com/ce/b8/24/ade394a2e39ad0/US8656099.pdf,B-Threshold,General Threshold Processing,ALL,threshold processing,threshold processing,None (fallback)
patent/US9734196B2/en,User interface for summarizing the relevance of a document to a query,"… can be made when a concept A is very lightly linked. Therefore, v^L on its own may not suffice, and instead it is processed through a normalization stage. One normalization is to divide each entry of v^L by the corresponding entries of a vector u^L, which is obtained by a similar recursion: u^{i+ 1} …",International Business Machines Corporation,Michele M. Franceschini,2017-08-15,2015-03-11,2014-07-14,2017-08-15,US9734196B2,https://patents.google.com/patent/US9734196B2/en,https://patentimages.storage.googleapis.com/f9/56/e9/1c9380e5241381/US9734196.pdf,B-Threshold,General Threshold Processing,ALL,threshold processing,threshold processing,None (fallback)
patent/CN110523079B/en,Automatically generating a mini-game suggested for a cloud game based on …,"The present invention provides a method for generating a trial limited version of a video game. Recording a full version of user gameplay of the video game. The recorded gameplay of the user is analyzed to determine a region of interest. Based on the determined region of interest, a boundary …",索尼电脑娱乐美国公司,V.O.S.穆拉,2024-12-17,2013-12-23,2012-12-21,2024-12-17,CN110523079B,https://patents.google.com/patent/CN110523079B/en,https://patentimages.storage.googleapis.com/4a/dc/8c/bc9df58b31a44a/CN110523079B.pdf,B-Threshold,General Threshold Processing,ALL,threshold processing,threshold processing,None (fallback)
patent/ES2705708T3/en,Systems and procedures for fault tolerant communications,"Each of the element managers, real-time data buffers, transporters, file entry processor, database index shared access memory loader, reference data buffer and data managers can include a software application stored in one or more of the disk drives connected to the disk controller 160, the ROM 156 …",Sas Inst Inc,Richard Knight,2019-03-26,2015-06-23,2014-07-01,2019-03-26,ES2705708T3,https://patents.google.com/patent/ES2705708T3/en,https://patentimages.storage.googleapis.com/f5/ff/7d/ef396159d5d0a9/ES2705708T3.pdf,B-Threshold,General Threshold Processing,ALL,threshold processing,threshold processing,None (fallback)
patent/EP3498187A1/en,Systems for controlling a clamping member,"Various systems and methods of controlling a surgical instrument are disclosed. The surgical instrument includes a motor, a current sensor configured to sense a current drawn by the motor, and a control circuit coupled to the motor and the current sensor. The motor can be coupled to a clamping …",Ethicon LLC,Iv Frederick E. Shelton,2019-06-19,2018-12-14,2017-12-15,,EP3498187A1,https://patents.google.com/patent/EP3498187A1/en,https://patentimages.storage.googleapis.com/8b/b6/a4/d1fa435048fd57/EP3498187A1.pdf,B-Threshold,General Threshold Processing,ALL,threshold processing,threshold processing,None (fallback)
patent/US20210067735A1/en,Video interpolation using one or more neural networks,"Apparatuses, systems, and techniques to enhance video. In at least one embodiment, one or more neural networks are used to create, from a first video, a second video having a higher frame rate, higher resolution, or reduced number of missing or corrupt video frames.",Nvidia Corporation,Fitsum Reda,2021-03-04,2019-09-03,2019-09-03,,US20210067735A1,https://patents.google.com/patent/US20210067735A1/en,https://patentimages.storage.googleapis.com/2a/c9/6d/3e99719f33a421/US20210067735A1.pdf,B-Threshold,General Threshold Processing,ALL,threshold processing,threshold processing,None (fallback)
patent/TW202307686A/en,The internet of things,"As the emergency vehicle 324 proceeds toward the ATM 320, it may access the traffic control group 306 to request clearance for this location, for example, by turning to a red light to block at an intersection with sufficient time of crossing traffic for the emergency vehicle 324 to have an …",Intel Corporation,尼德 M. 史密斯,2023-02-16,2017-12-28,2016-12-30,,TW202307686A,https://patents.google.com/patent/TW202307686A/en,https://patentimages.storage.googleapis.com/64/90/35/8f2e416ad17854/TW202307686A.pdf,B-Threshold,General Threshold Processing,ALL,threshold processing,threshold processing,None (fallback)
patent/CN101964873B/en,"Image processing device, image processing program, and imaging device","The invention provides an image processing device, an image processing program and a camera device. The image processing device includes: a brightness gradient calculation unit for calculating a brightness gradient in an image based on image information; and a hue value calculation unit for …",Nikon Corporation,宫胁优,2014-08-20,2010-07-20,2009-07-21,2014-08-20,CN101964873B,https://patents.google.com/patent/CN101964873B/en,https://patentimages.storage.googleapis.com/79/17/ae/a4d46277956d65/CN101964873B.pdf,B-Threshold,General Threshold Processing,ALL,threshold processing,threshold processing,None (fallback)
patent/JP2021506379A/en,A system that controls the rate of fire of clamp members for surgical …,Various systems and methods for controlling surgical instruments are disclosed. Surgical instruments may further include a motor and a control circuit connected to the motor. The motor may be coupled to a clamp member that is configured to allow the end effector to transition between the open and …,Ethicon Llc,シェルトン・ザ・フォース・フレデリック・イー,2021-02-22,2018-12-12,2017-12-15,,JP2021506379A,https://patents.google.com/patent/JP2021506379A/en,https://patentimages.storage.googleapis.com/18/d9/03/4eacac33e93f5f/JP2021506379A.pdf,B-Threshold,General Threshold Processing,ALL,threshold processing,threshold processing,None (fallback)
patent/US20120200151A1/en,"Non-contact power supply control device, non-contact power supply system, and …",… detection control that is performed by the non-contact power supply control device at the time of the living body detection; FIG. 9 is a vehicle plan view illustrating a detection range of a vehicle-side transceiver of a smart entry system that is used for a third living body detection; FIG. 10 is …,Denso Corporation,Kazuyoshi Obayashi,2012-08-09,2012-01-26,2011-02-03,,US20120200151A1,https://patents.google.com/patent/US20120200151A1/en,https://patentimages.storage.googleapis.com/be/54/bf/8382eebb25ed4b/US20120200151A1.pdf,B-Threshold,General Threshold Processing,ALL,threshold processing,threshold processing,None (fallback)
patent/US20230039961A1/en,"Systems and methods for sensing, recording, analyzing and reporting …","In some examples, the software may also provide visualizations that can be used to help understand the analytics and/or performance of the facility. Further, the software may allow entry of hypothetical data and/or analysis to test theoretical scenarios and/or circumstances. In some examples, the …",Eta Vision Inc.,Mike Lingle,2023-02-09,2022-03-22,2015-12-03,,US20230039961A1,https://patents.google.com/patent/US20230039961A1/en,https://patentimages.storage.googleapis.com/27/bf/d8/c561259399c775/US20230039961A1.pdf,B-Threshold,General Threshold Processing,ALL,threshold processing,threshold processing,None (fallback)
patent/US20200067976A1/en,Detecting phishing attempts,Classifying electronic communications includes receiving an electronic message. A watchlist is input comprising at least one entry associated with an authoritative entity. At least one similarity score is computed based on an extent to which the message matches the entry in the watchlist. When the …,"ZapFraud, Inc.",Bjorn Markus Jakobsson,2020-02-27,2017-10-25,2013-09-16,,US20200067976A1,https://patents.google.com/patent/US20200067976A1/en,https://patentimages.storage.googleapis.com/71/3f/8a/a1ed713787c102/US20200067976A1.pdf,B-Threshold,General Threshold Processing,ALL,threshold processing,threshold processing,None (fallback)
patent/US20170099228A1/en,Mobile Device With In-Situ Network Activity Management,"… with FIG. 2 , if the flow ID extracted from the netfilter-posted packet is found in the flow-policy table (packet is a constituent of a previously classified flow rather than a new flow), then the policy enforcer evaluates the flow control policy within the flow-ID-indexed table entry at 155 . If the …",Headwater Partners I Llc,Nathan Hunsperger,2017-04-06,2016-09-29,2015-10-02,,US20170099228A1,https://patents.google.com/patent/US20170099228A1/en,https://patentimages.storage.googleapis.com/da/1f/ed/82a9c73c930ae6/US20170099228A1.pdf,B-Threshold,General Threshold Processing,ALL,threshold processing,threshold processing,None (fallback)
patent/EP3064153B1/en,Powered surgical instrument,"A surgical stapling and cutting instrument (10) configured to clamp tissue to cause tissue compression, the instrument comprising an electronic system, the electronic system comprising: an electric motor (4331) coupled to an end effector (300); a motor controller (4333) coupled to the motor; a …","Ethicon Endo-Surgery, LLC",Iv Frederick E. Shelton,2018-11-28,2016-03-04,2015-03-06,2018-11-28,EP3064153B1,https://patents.google.com/patent/EP3064153B1/en,https://patentimages.storage.googleapis.com/b9/c6/29/6def0bd5788af0/EP3064153B1.pdf,B-Threshold,General Threshold Processing,ALL,low-value shipment,low-value shipment,None (fallback)
patent/JP6707554B2/en,Multilevel thresholds for modifying the behavior of powered surgical …,"A surgical cutting and stapling instrument comprising at least one processor and functionally associated memory, comprising: Identify the first parameter, Specifying a final threshold value for the first parameter, Specifying the value of the limit threshold of the first parameter , Identify the …",Ethicon Llc,シェルトン・ザ・フォース・フレデリック・イー,2020-06-10,2016-03-03,2015-03-06,2020-06-10,JP6707554B2,https://patents.google.com/patent/JP6707554B2/en,https://patentimages.storage.googleapis.com/9b/65/90/19060ad2217d88/JP6707554B2.pdf,B-Threshold,General Threshold Processing,ALL,low-value shipment,low-value shipment,None (fallback)
patent/CN107080870B/en,Blood pump and making assisted circulation of ventriculus cordis device,"Further, the entrance member 1010 includes the entry conductor sheath detachably connected with the entrance 2015 of blood pump 200 1011.The outlet member 1020 includes the detachably connected delivery channel sheath 1021 in the outlet 2016 with blood pump 200.Here, The imbedding piece 100 can …",上海微创医疗器械（集团）有限公司,扈聪,2019-11-26,2016-02-16,2016-02-16,2019-11-26,CN107080870B,https://patents.google.com/patent/CN107080870B/en,https://patentimages.storage.googleapis.com/8c/e5/4a/4be76240e40c88/CN107080870B.pdf,B-Threshold,General Threshold Processing,ALL,low-value shipment,low-value shipment,None (fallback)
patent/AU2016231589B2/en,Structured suggestions,An electronic device suggests contacts and calendar events for users based on their messages. The device can analyze a user's messages for contact and event information and automatically generate or update suggested contacts and calendar events for the user based on this information. The suggested …,Apple Inc.,Daniel C. Gross,2018-04-26,2016-09-22,2014-05-30,2018-04-26,AU2016231589B2,https://patents.google.com/patent/AU2016231589B2/en,https://patentimages.storage.googleapis.com/dc/2f/99/e062337bc78b44/AU2016231589B2.pdf,B-Threshold,General Threshold Processing,ALL,low-value shipment,low-value shipment,None (fallback)
patent/CN109314887B/en,Connect to a virtualized mobile core network,"Connecting to the virtualized mobile core network CROSS-REFERENCE TO RELATED APPLICATIONS This application claims the benefit of U.S. Provisional Patent Application Serial No. 62/335,511, filed May 12, 2016, the disclosure of which is incorporated herein by reference as if fully set forth herein.",Interdigital Patent Holdings Inc.,格雷戈里·S·施特恩贝格,2023-09-12,2017-05-12,2016-05-12,2023-09-12,CN109314887B,https://patents.google.com/patent/CN109314887B/en,https://patentimages.storage.googleapis.com/bd/ef/c6/ca3d59d6c2f1bf/CN109314887B.pdf,B-Threshold,General Threshold Processing,ALL,low-value shipment,low-value shipment,None (fallback)
patent/US11518205B2/en,Smart cable system for a truck trailer,"… during particular modes of operation. For example, a yellow wire may be dedicated to the left turn signal and hazard lamps, a green wire may be dedicated to operate the right turn signal and hazard lamps, and a black wire may be dedicated for clearance side marker and identification lamps. In some …","Grote Industries, Inc.",Sankalp Pampattiwar,2022-12-06,2019-11-22,2018-11-29,2022-12-06,US11518205B2,https://patents.google.com/patent/US11518205B2/en,https://patentimages.storage.googleapis.com/d0/57/12/218ce7bbdca403/US11518205B2.pdf,B-Threshold,General Threshold Processing,ALL,low-value shipment,low-value shipment,None (fallback)
patent/US20220358577A1/en,Smart contract-managed decentralized lending processes using collateral tokens,"A loan process smart contract manages a collateralized loan process for a loan against a collateralized item, the collateralized loan process including tokenizing and locking a collateral token that tokenizes the collateral item, managing a loan negotiation stage, monitoring terms of the loan, and …",Verona Holdings Sezc,Lukasz Jakub SLIWKA,2022-11-10,2022-07-20,2019-09-26,,US20220358577A1,https://patents.google.com/patent/US20220358577A1/en,https://patentimages.storage.googleapis.com/96/60/04/a870cbf3cb6574/US20220358577A1.pdf,B-Threshold,General Threshold Processing,ALL,low-value shipment,low-value shipment,None (fallback)
patent/EP2068740B1/en,Ablation apparatus and system to limit nerve conduction,"An electrosurgical probe (3260) comprising: a probe body defining a longitudinal probe axis extending from a handle (3262); a first and a second conductive electrode (3270, 3274) operatively disposed along the probe axis configured to be inserted into skin at a single point of entry, the first and …","Serene Medical, Inc.",William Michael Janssen,2019-04-17,2007-07-27,2006-07-28,2019-04-17,EP2068740B1,https://patents.google.com/patent/EP2068740B1/en,https://patentimages.storage.googleapis.com/f8/fe/34/e16d683e14b62a/EP2068740B1.pdf,B-Threshold,General Threshold Processing,ALL,low-value shipment,low-value shipment,None (fallback)
patent/US10102277B2/en,Bayesian visual interactive search,"A method for identifying a desired document is provided to include calculating a Prior probability score for each document of a candidate list including a portion of documents of an embedding space, the Prior probability score indicating a preliminary probability, for each document of the …",Sentient Technologies (Barbados) Limited,Diego Guy M. Legrand,2018-10-16,2016-12-09,2014-05-15,2018-10-16,US10102277B2,https://patents.google.com/patent/US10102277B2/en,https://patentimages.storage.googleapis.com/1f/9f/64/802b6c0c5e4ec7/US10102277.pdf,B-Threshold,General Threshold Processing,ALL,low-value shipment,low-value shipment,None (fallback)
patent/US10235908B2/en,Tamper-proof electronic bolt-seal,"According to an embodiment of the present invention, tamper-proof bolt-seal electronic bolt seal enables the efficient and secure inspection of shipping containers and similar cargo containers at security and customs checkpoints. In a preferred embodiment, mobile computing devices, including but …","Evigia Systems, Inc.",Navid Yazdi,2019-03-19,2018-09-10,2015-10-12,2019-03-19,US10235908B2,https://patents.google.com/patent/US10235908B2/en,https://patentimages.storage.googleapis.com/32/5b/07/4ec48bf8a84e77/US10235908.pdf,B-Threshold,General Threshold Processing,ALL,low-value shipment,low-value shipment,None (fallback)
patent/US20210082044A1/en,Distributed ledger lending systems having a smart contract architecture and …,According to embodiments of the present disclosure decentralized loan processes are disclosed. An example method includes receiving a request to initiate a loan process that indicates a collateral item. The method also includes generating a collateral token corresponding to the collateral item.,Lukasz Jakub SLIWKA,Lukasz Jakub SLIWKA,2021-03-18,2020-09-28,2018-03-30,,US20210082044A1,https://patents.google.com/patent/US20210082044A1/en,https://patentimages.storage.googleapis.com/6a/e0/1a/a74adfe93d88cd/US20210082044A1.pdf,B-Threshold,General Threshold Processing,ALL,low-value shipment,low-value shipment,None (fallback)
patent/KR102773332B1/en,Automated method and system for obtaining and preparing microorganism sample …,A method and an automated device for determining and selecting a location of a microbial colony on a culture dish and performing a plurality of downstream tests (including a test for identifying the microorganism and a test for determining the susceptibility of the microorganism to an antibiotic) …,비디 키에스트라 비.브이.,티모시 알. 핸슨,2025-02-25,2016-05-27,2015-05-28,2025-02-25,KR102773332B1,https://patents.google.com/patent/KR102773332B1/en,https://patentimages.storage.googleapis.com/80/d4/98/03facc63128937/KR102773332B1.pdf,B-Threshold,General Threshold Processing,ALL,low-value shipment,low-value shipment,None (fallback)
patent/US9895527B2/en,"Fluid delivery system, fluid path set, and pressure isolation mechanism with …","A pressure isolation mechanism including a valve housing which defines a first lumen associated with a pressurizing device, a second lumen associated with an input line which connects a low pressure fluid delivery system to the valve housing, and a pressure isolation port is disclosed. The …",Bayer Healthcare Llc,Michael A. Spohn,2018-02-20,2015-03-30,2004-04-16,2018-02-20,US9895527B2,https://patents.google.com/patent/US9895527B2/en,https://patentimages.storage.googleapis.com/af/53/8b/c5b56cd76f7fb3/US9895527.pdf,B-Threshold,General Threshold Processing,ALL,low-value shipment,low-value shipment,None (fallback)
patent/US11018854B2/en,Data conversion systems and methods,"… table is caused by swapping a prime number of values, for example 17, in the lookup table. In other embodiments, when swapping the values in the table, the last swapped entry of the table is maintained so that when the table is next shuffled the swaps will begin with the next entry in the table.","Agilepq, Inc.",Sergio A. Fernandez,2021-05-25,2020-03-09,2016-06-06,2021-05-25,US11018854B2,https://patents.google.com/patent/US11018854B2/en,https://patentimages.storage.googleapis.com/d5/63/3e/4c5376f5112334/US11018854.pdf,B-Threshold,General Threshold Processing,ALL,low-value shipment,low-value shipment,None (fallback)
patent/CN108024856B/en,Tip control for transvascular delivery of artificial mitral valves,"After the guide tube 224 has been extended between the tip Ap and the entry point to the femoral vein, the valve guide member 234 attached to the prosthetic mitral valve 200 (also referred to as the ""valve"") can be placed in the femoral vein of the guide tube 224. Guide tube 224 is inserted at the …",坦迪尼控股股份有限公司,I·科瓦尔斯基,2019-10-25,2016-06-03,2015-06-05,2019-10-25,CN108024856B,https://patents.google.com/patent/CN108024856B/en,https://patentimages.storage.googleapis.com/95/4d/eb/b6dd9ce7e2f046/CN108024856B.pdf,B-Threshold,General Threshold Processing,ALL,low-value shipment,low-value shipment,None (fallback)
patent/US20210262405A1/en,Skip fire valve control,"In various aspects, internal combustion engines, engine controllers and methods of controlling engines are described. The engine includes a camshaft and a two cylinder sets. Cylinders in the first are deactivatable and cylinders in the second set may be fired at high or low output levels. The air …","Tula Technology, Inc.",Louis J. Serrano,2021-08-26,2021-05-07,2014-03-13,,US20210262405A1,https://patents.google.com/patent/US20210262405A1/en,https://patentimages.storage.googleapis.com/da/c3/6a/23c0b0ff8e159a/US20210262405A1.pdf,B-Threshold,General Threshold Processing,ALL,low-value shipment,low-value shipment,None (fallback)
patent/CN106416239B/en,Method and apparatus for delivering content and/or playing back content,"Describe content delivery and back method and device.The method and device are very suitable for the delivery and playback of the content corresponding to 360 degree of environment, and can be used to support correspond to such as sports tournament etc event content (such as, 3D content) …",奈克斯特Vr股份有限公司,D·科勒,2019-04-09,2015-05-29,2014-05-29,2019-04-09,CN106416239B,https://patents.google.com/patent/CN106416239B/en,https://patentimages.storage.googleapis.com/98/ab/fe/5461c40a9cfe4d/CN106416239B.pdf,B-Threshold,General Threshold Processing,ALL,low-value shipment,low-value shipment,None (fallback)
patent/EP4002904B1/en,Technologies for radio equipment cybersecurity and multiradio interface testing,"A method for testing an internal interface of a reconfigurable radio equipment, RRE (201), wherein the internal interface is one of (generalized) Multiradio Interface, (g)MURI, (generalized) Reconfigurable Radio Frequency Interface, (g)RRFI or (generalized) Unified Radio Application Interface, (g) …",Intel Corporation,Markus Dominik Mueck,2025-03-12,2021-09-28,2020-11-13,2025-03-12,EP4002904B1,https://patents.google.com/patent/EP4002904B1/en,https://patentimages.storage.googleapis.com/df/84/ba/e126ea122b8a02/EP4002904B1.pdf,B-Threshold,General Threshold Processing,ALL,low-value shipment,low-value shipment,None (fallback)
patent/US10587906B2/en,Apparatus and methods for content delivery and message exchange across multiple …,"Methods and apparatus for providing protected content to subscribers of a managed (e.g., MSO) network via a content source accessible via an internetwork such as the Internet. In one embodiment, a user accesses a programmer website website, and requests content. The programmer determines whether …",Time Warner Cable Enterprises Llc,Gary Cronk,2020-03-10,2018-11-19,2008-11-24,2020-03-10,US10587906B2,https://patents.google.com/patent/US10587906B2/en,https://patentimages.storage.googleapis.com/c6/d3/c4/0734a1e68058bd/US10587906.pdf,B-Threshold,General Threshold Processing,ALL,low-value shipment,low-value shipment,None (fallback)
patent/US9501545B2/en,System and method for caching hashes for co-located data in a deduplication …,"16. The computing device of claim 15 , wherein the processor is further configured to: identify the cache page array entry in the cache page index based on the cache page index; and verify an identity of the cache page array entry based on the hash code. 17. The computing device of claim 16 , wherein …","Actifio, Inc.",Mark L. Woodward,2016-11-22,2013-06-18,2012-06-18,2016-11-22,US9501545B2,https://patents.google.com/patent/US9501545B2/en,https://patentimages.storage.googleapis.com/83/c9/08/5af4a6b2747657/US9501545.pdf,B-Threshold,General Threshold Processing,ALL,low-value shipment,low-value shipment,None (fallback)
patent/US10588608B2/en,Sampling systems and related materials and methods,"Sampling systems that include an absorbent material a preservative, such as an analyte preservative, as well as related materials and methods, are disclosed.","Progenity, Inc.",Mitchell Lawrence Jones,2020-03-17,2017-08-18,2016-08-18,2020-03-17,US10588608B2,https://patents.google.com/patent/US10588608B2/en,https://patentimages.storage.googleapis.com/7f/1c/cd/9a3cb27ade0dbe/US10588608.pdf,B-Threshold,General Threshold Processing,ALL,low-value shipment,low-value shipment,None (fallback)
patent/US20250111254A1/en,Nutritional content determination based on gesture detection data,"Techniques disclosed herein relate to nutritional content determination based on gesture detection data. In some examples, the techniques involve obtaining gesture detection data corresponding to consumption of a food item or a drink, determining nutritional content of the food item or the drink …","Medtronic Minimed, Inc.",Katelijn Vleugels,2025-04-03,2024-12-12,2016-01-28,,US20250111254A1,https://patents.google.com/patent/US20250111254A1/en,https://patentimages.storage.googleapis.com/06/b9/be/4b4b25ea8d592e/US20250111254A1.pdf,B-Threshold,General Threshold Processing,ALL,low-value shipment,low-value shipment,None (fallback)
patent/JP6592145B2/en,Inter-layer reference image enhancement for multi-layer video coding,Determining a block of the first base layer image characterized by the first time instance based on base layer motion information associated with the block of the second base layer image characterized by the second time instance And Performing motion compensation on the block of the first base …,ヴィド スケール インコーポレイテッド,ユーウェン ホー,2019-10-16,2018-06-21,2013-04-05,2019-10-16,JP6592145B2,https://patents.google.com/patent/JP6592145B2/en,https://patentimages.storage.googleapis.com/79/56/00/336a1f9b8f3ba2/JP6592145B2.pdf,B-Threshold,General Threshold Processing,ALL,low-value shipment,low-value shipment,None (fallback)
patent/US10540236B2/en,System and method for multi-hop data backup,Systems and methods of backing up data to a replication target such that the data is recoverable from the replication target when a source application and one or more other intermediary replication targets are unavailable. A first deduplicated data object associated with an application is received …,"Actiflo, Inc.",Madhav Mutalik,2020-01-21,2018-07-16,2014-09-16,2020-01-21,US10540236B2,https://patents.google.com/patent/US10540236B2/en,https://patentimages.storage.googleapis.com/7b/ba/b6/2a68e8007172af/US10540236.pdf,B-Threshold,General Threshold Processing,ALL,low-value shipment,low-value shipment,None (fallback)
patent/US10821345B2/en,"Sporting device for analyzing an element in a tunnel, apparatus, system, method …","A sporting apparatus, system, method and/or computer program product may provide an electronically and programmably controlled sporting device, which may include a sporting robotic device, which may include one or more of: at least one pair of parallel panels facing one another forming a tunnel …",Christopher DeCarlo,Christopher DeCarlo,2020-11-03,2018-10-01,2014-04-25,2020-11-03,US10821345B2,https://patents.google.com/patent/US10821345B2/en,https://patentimages.storage.googleapis.com/18/52/e0/8c63bfa185585d/US10821345.pdf,B-Threshold,General Threshold Processing,ALL,low-value shipment,low-value shipment,None (fallback)
patent/US11259824B2/en,Clot retrieval device for removing occlusive clot from a blood vessel,The shape of the struts of the inner tube may be different to the shape of the struts of the outer tube. There may be a clearance between the inner tube and the outer tube in the expanded configuration. There may be a clearance between the inner tube and the outer tube in the collapsed …,Neuravi Limited,Eamon Brady,2022-03-01,2019-04-16,2011-03-09,2022-03-01,US11259824B2,https://patents.google.com/patent/US11259824B2/en,https://patentimages.storage.googleapis.com/32/87/3b/923178eea4ddc6/US11259824.pdf,B-Threshold,General Threshold Processing,ALL,low-value shipment,low-value shipment,None (fallback)
patent/US9641647B2/en,Communication protocol and system for network communications,A communication protocol and system is disclosed for network communications between a data service residing on a client that provides network communications between one or more mobile applications on a mobile computing device and a network based on a process number. The shared data service …,Intermec Ip Corp.,Jaroslav Hala,2017-05-02,2016-02-19,2012-06-12,2017-05-02,US9641647B2,https://patents.google.com/patent/US9641647B2/en,https://patentimages.storage.googleapis.com/a6/18/3a/b5242bcef331a1/US9641647.pdf,B-Threshold,General Threshold Processing,ALL,low-value shipment,low-value shipment,None (fallback)
patent/CN105253321B/en,Adjustable retaining structure for a stent holder,"For example, "" at least one of entry A, entry B and entry C "" or "" at least one in entry A, entry B or entry C It is a "" it may mean that entry A；Entry A and entry B；Entry B；Entry A, entry B and entry C；Or entry B and entry C.At certain In a little situations, "" at least one of entry A, entry B and …",The Boeing Company,H·S·奥贝罗伊,2019-04-23,2015-07-09,2014-07-09,2019-04-23,CN105253321B,https://patents.google.com/patent/CN105253321B/en,https://patentimages.storage.googleapis.com/00/da/45/ffc0b1579cf5d4/CN105253321B.pdf,B-Threshold,General Threshold Processing,ALL,low-value shipment,low-value shipment,None (fallback)
patent/US12192720B1/en,Audio noise determination using one or more neural networks,"Apparatuses, systems, and techniques are presented to reduce noise in audio. In at least one embodiment, one or more neural networks are used to determine a noise signal in one or more speech signals.",Nvidia Corporation,Mihir Nyayate,2025-01-07,2023-05-01,2020-05-14,2025-01-07,US12192720B1,https://patents.google.com/patent/US12192720B1/en,https://patentimages.storage.googleapis.com/c5/48/be/645f6ba8b58c1e/US12192720.pdf,B-Threshold,General Threshold Processing,ALL,low-value shipment,low-value shipment,None (fallback)
patent/US11507375B2/en,Hierarchical general register file (GRF) for execution block,"In an example, an apparatus comprises a plurality of execution units, and a first general register file (GRF) communicatively couple to the plurality of execution units, wherein the first GRF is shared by the plurality of execution units. Other embodiments are also disclosed and claimed.",Intel Corporation,Abhishek R. Appu,2022-11-22,2021-05-12,2017-04-01,2022-11-22,US11507375B2,https://patents.google.com/patent/US11507375B2/en,https://patentimages.storage.googleapis.com/5a/ee/eb/fdf438874368a5/US11507375.pdf,B-Threshold,General Threshold Processing,ALL,low-value shipment,low-value shipment,None (fallback)
patent/US11007742B2/en,Dynamic separation and filtration,Disclosed is a dynamic separation and filtration system for dewatering and dehydrating of slurries and sludges. The system includes a compression filter press cylinder in which hydraulic pressure within a sealed liner is used to press and separate moisture from a sludge. A self-contained closed …,"Vwater Technologies, Llc.",Paul VETTE,2021-05-18,2020-05-12,2016-03-08,2021-05-18,US11007742B2,https://patents.google.com/patent/US11007742B2/en,https://patentimages.storage.googleapis.com/2b/36/b7/d4865cf1cc8b81/US11007742.pdf,B-Threshold,General Threshold Processing,ALL,low-value shipment,low-value shipment,None (fallback)
patent/US10607392B2/en,Scatter gather engine,"In an example, an apparatus comprises a plurality of execution units, and logic, at least partially including hardware logic, to create a scatter gather list in memory and collect a plurality of operating statistics for the plurality of execution units using the scatter gather list. Other …",Intel Corporation,Balaji Vembu,2020-03-31,2019-05-07,2017-04-17,2020-03-31,US10607392B2,https://patents.google.com/patent/US10607392B2/en,https://patentimages.storage.googleapis.com/ae/42/86/a330c627f6076d/US10607392.pdf,B-Threshold,General Threshold Processing,ALL,low-value shipment,low-value shipment,None (fallback)
patent/US11871085B2/en,Methods and apparatus for delivering content and/or playing back content,"Content delivery and playback methods and apparatus are described. The methods and apparatus are well suited for delivery and playback of content corresponding to a 360 degree environment and can be used to support streaming and/or real time delivery of 3D content corresponding to an event, e.g., …",Nevermind Capital Llc,David Cole,2024-01-09,2022-04-06,2014-05-29,2024-01-09,US11871085B2,https://patents.google.com/patent/US11871085B2/en,https://patentimages.storage.googleapis.com/81/fa/d4/1baa8a81d4c352/US11871085.pdf,B-Threshold,General Threshold Processing,ALL,low-value shipment,low-value shipment,None (fallback)
patent/US11929171B2/en,Methods for evaluation and treatment of glycemic dysregulation and …,"Methods to compute glycemia tests and applications thereof are described. Additional methods to compute risk of atherosclerotic cardiovascular disease and applications thereof are described. Generally, systems utilize analyte measurements to determine a glycemic status or cardiovascular disease …",The Board Of Trustees Of The Leland Stanford Junior University,Sophia Miryam Schüssler-Fiorenza Rose,2024-03-12,2019-10-18,2018-10-18,2024-03-12,US11929171B2,https://patents.google.com/patent/US11929171B2/en,https://patentimages.storage.googleapis.com/39/1b/1f/3e32a77d4a6432/US11929171.pdf,B-Threshold,General Threshold Processing,ALL,low-value shipment,low-value shipment,None (fallback)
patent/US11627444B2/en,Vehicle-to-everything session and service continuity in automotive edge …,"RELATED APPLICATIONS The present application is a national phase entry under 35 U.S.C. § 371 of Int'l App. No. PCT/US2019/035660 filed Jun. 5, 2019 entitled “VEHICLE-TO-EVERYTHING SESSION AND SERVICE CONTINUITY IN AUTOMOTIVE EDGE COMPUTING SYSTEMS”, which designated, among the various States, the …",Intel Corporation,Leifeng Ruan,2023-04-11,2019-06-05,2018-06-06,2023-04-11,US11627444B2,https://patents.google.com/patent/US11627444B2/en,https://patentimages.storage.googleapis.com/8a/f3/0b/c6424bde64f397/US11627444.pdf,B-Threshold,General Threshold Processing,ALL,low-value shipment,low-value shipment,None (fallback)
patent/US12140927B2/en,Outer space digital logistics system,"12. The method set forth in claim 11 , wherein said recording said first transaction comprises recording to said first block an entry based on said product geometry file, said at least one 3D additive printer calibration parameter, and said at least one 3D additive printer material parameter. 13. …",Moog Inc.,George L. Small,2024-11-12,2021-10-11,2016-05-20,2024-11-12,US12140927B2,https://patents.google.com/patent/US12140927B2/en,https://patentimages.storage.googleapis.com/2f/2f/27/99c308cf68cdb9/US12140927.pdf,B-Threshold,General Threshold Processing,ALL,low-value shipment,low-value shipment,None (fallback)
patent/US11432919B2/en,Physical and virtual systems for recording and simulating dental motion having …,"… proprioceptive responses does often lead to endodontic (root canal) treatment, bone loss, gum disease, tooth loss, implant loss, headaches, and TMJ (chewing) pain and dysfunction. But because maladies manifest slowly, a bad bite may not be identified as causing “this fracture” or “that disease.”","John P. Stipek, SR.","John P. Stipek, SR.",2022-09-06,2017-08-11,2016-08-11,2022-09-06,US11432919B2,https://patents.google.com/patent/US11432919B2/en,https://patentimages.storage.googleapis.com/4a/ba/1d/acfb698926c398/US11432919.pdf,B-Threshold,General Threshold Processing,ALL,low-value shipment,low-value shipment,None (fallback)
patent/US9747322B2/en,Storage of data in a distributed storage system,"The disclosed embodiments are designed primarily for immutable or weakly mutable data. “Weakly mutable” means that, when you change an entry, that change will ultimately propagate everywhere, but the time for the propagation is not constrained. This is sometimes referred to as “eventually …",Google Inc.,Alexandre Drobychev,2017-08-29,2014-10-03,2010-02-09,2017-08-29,US9747322B2,https://patents.google.com/patent/US9747322B2/en,https://patentimages.storage.googleapis.com/f4/1f/96/e290c975364732/US9747322.pdf,B-Threshold,General Threshold Processing,ALL,low-value shipment,low-value shipment,None (fallback)
patent/AU2016357303B2/en,Neural cell extracellular vesicles,"Disclosed herein are neural extracellular vesicles (EVs) and methods of using these EVs in the treatment of spinal cord injury, stroke, and traumatic brain injury and neurodegenerative diseases.","Aruna Bio, Inc.",Steven L. Stice,2023-11-30,2016-11-16,2015-11-18,2023-11-30,AU2016357303B2,https://patents.google.com/patent/AU2016357303B2/en,https://patentimages.storage.googleapis.com/eb/7c/41/ca225c14ce8b4c/AU2016357303B2.pdf,B-Threshold,General Threshold Processing,ALL,low-value shipment,low-value shipment,None (fallback)
patent/CN110345947B/en,Motion monitoring system with automatic suspension of media content,"… be part of BAN 102, lan 104, and/or WAN 106. One or more components of LAN 104 or WAN 106 may form part of BAN 102. In some implementations, whether a device (e.g., portable device 112) is part of BAN 102, lan 104, and/or WAN 106 may depend on the proximity of the athlete with respect to an entry …",Nike Innovate C.V.,E.斯万森,2024-06-28,2014-07-08,2013-12-23,2024-06-28,CN110345947B,https://patents.google.com/patent/CN110345947B/en,https://patentimages.storage.googleapis.com/a5/f5/3b/945a4166a9849f/CN110345947B.pdf,B-Threshold,General Threshold Processing,ALL,low-value shipment,low-value shipment,None (fallback)
patent/US8375575B2/en,Method of fabricating a lightweight audio system housing assembly,"A lightweight radio/CD player for vehicular application is virtually “fastenerless” and includes a fold-up case formed of polymer based material that is molded to provide details to accept audio devices such as playback mechanisms (if desired) and radio receivers, as well as the circuit boards …","Delphi Technologies, Inc.",Chris R. Snider,2013-02-19,2010-02-19,2006-08-18,2013-02-19,US8375575B2,https://patents.google.com/patent/US8375575B2/en,https://patentimages.storage.googleapis.com/79/9d/7c/fb3f5d969c98fd/US8375575.pdf,B-Threshold,General Threshold Processing,ALL,low-value shipment,low-value shipment,None (fallback)
patent/US8005922B2/en,Remote control in a wireless communication system,illustrates features of an embodiment of appointment data. FIG. 21 illustrates features of an embodiment of memo data. FIG. 22 illustrates features of an embodiment of an address book entry. FIG. 23 illustrates features of an embodiment of a recurrence table. FIG. 24 illustrates features of an …,Research In Motion Limited,Jesse Boudreau,2011-08-23,2008-07-11,2007-07-27,2011-08-23,US8005922B2,https://patents.google.com/patent/US8005922B2/en,https://patentimages.storage.googleapis.com/3b/87/5d/10482a6449b346/US8005922.pdf,B-Threshold,General Threshold Processing,ALL,low-value shipment,low-value shipment,None (fallback)
patent/US7848905B2/en,"Methods, systems, and computer program products for locating and tracking …","wherein the identification information may include one or more of shipping information, a manifest, ownership data, destination, origin, tracking history, tracking data, bill of lading, consignee information, operator, material safety data sheet (MSDS), material identification, chemical spectrums, …","Troxler Electronic Laboratories, Inc.",Robert Ernest Troxler,2010-12-07,2007-06-08,2000-12-26,2010-12-07,US7848905B2,https://patents.google.com/patent/US7848905B2/en,https://patentimages.storage.googleapis.com/4d/91/e2/275612802f3f01/US7848905.pdf,B-Threshold,General Threshold Processing,ALL,low-value shipment,low-value shipment,None (fallback)
patent/US7676640B2/en,Flash memory controller controlling various flash memory cells,"An electronic data flash card is accessible by a host system, and includes a flash memory controller and at least one flash memory device coupled to the flash controller. The boot code and control code for the flash memory system (flash card) are stored in the flash memory device during a …","Super Talent Electronics, Inc.",David Q. Chow,2010-03-09,2007-09-28,2000-01-06,2010-03-09,US7676640B2,https://patents.google.com/patent/US7676640B2/en,https://patentimages.storage.googleapis.com/4a/5c/88/3568c2733c22ae/US7676640.pdf,B-Threshold,General Threshold Processing,ALL,low-value shipment,low-value shipment,None (fallback)
patent/US9270682B2/en,Administration of policies for wireless devices in a wireless communication …,illustrates features of an embodiment of appointment data. FIG. 21 illustrates features of an embodiment of memo data. FIG. 22 illustrates features of an embodiment of an address book entry. FIG. 23 illustrates features of an embodiment of a recurrence table. FIG. 24 illustrates features of an …,Blackberry Limited,Jesse Boudreau,2016-02-23,2008-07-11,2007-07-27,2016-02-23,US9270682B2,https://patents.google.com/patent/US9270682B2/en,https://patentimages.storage.googleapis.com/05/6d/1c/67e50be37d60ca/US9270682.pdf,B-Threshold,General Threshold Processing,ALL,low-value shipment,low-value shipment,None (fallback)
patent/JP4923136B2/en,Method and apparatus for proxy control of electronic transactions on a network …,"During the reconciliation process, the credit account ledger provides merchant billing for the surrogate credit card, and the surrogate bank attempts to match the merchant billing entry for the surrogate system ledger and the credit account ledger, resulting in a difference in the amount between …",The Coca-Cola Company,レスリー・チエオング,2012-04-25,2010-08-16,1999-05-28,2012-04-25,JP4923136B2,https://patents.google.com/patent/JP4923136B2/en,https://patentimages.storage.googleapis.com/d7/e5/de/1da5bdce99abfe/JP4923136B2.pdf,B-Threshold,General Threshold Processing,ALL,low-value shipment,low-value shipment,None (fallback)
patent/CA2666509C/en,System and method for comparing and utilizing activity information and …,"selecting the medication delivery parameters for a medication from the summary information; and, establishing a new or modified library entry for the remote institution and/or facility using the selected medication delivery parameters for the medication from the summary information. 4. The method of …","Hospira, Inc.",Steven I. Butler,2017-05-09,2007-10-16,2006-10-16,2017-05-09,CA2666509C,https://patents.google.com/patent/CA2666509C/en,https://patentimages.storage.googleapis.com/81/51/7e/38c80c813f4d56/CA2666509C.pdf,B-Threshold,General Threshold Processing,ALL,low-value shipment,low-value shipment,None (fallback)
patent/CN105122288B/en,Apparatus and method for processing multimedia business service,"An apparatus and method for processing a multimedia commerce service are disclosed. Here, a method of processing a business service in a business processor in communication with a CPE is proposed, the method comprising the steps of: executing the first browser and outputting coordinates …",Lg Electronics Inc.,金映我,2020-03-06,2014-02-28,2013-02-28,2020-03-06,CN105122288B,https://patents.google.com/patent/CN105122288B/en,https://patentimages.storage.googleapis.com/73/6a/b6/d18d6b1743260b/CN105122288B.pdf,B-Threshold,General Threshold Processing,ALL,low-value shipment,low-value shipment,None (fallback)
patent/ES2929276T3/en,Antibody constructs for CDH19 and CD3,The present invention provides an antibody construct comprising a first human binding domain capable of binding to human CDH19 on the surface of a target cell and a second domain capable of binding to human CD3 on the surface of a T cell. The invention relates to a nucleic acid sequence encoding …,Amgen Res Munich Gmbh,Shouhua Xiao,2022-11-28,2014-01-27,2013-01-25,2022-11-28,ES2929276T3,https://patents.google.com/patent/ES2929276T3/en,https://patentimages.storage.googleapis.com/7d/b2/f6/57761e4b48a6f2/ES2929276T3.pdf,B-Threshold,General Threshold Processing,ALL,low-value shipment,low-value shipment,None (fallback)
patent/JP6430885B2/en,New reciprocating machines and other equipment,"An internal combustion engine having an operating cycle, the internal combustion engine comprising: At least one cylinder assembly, the cylinder assembly comprising: Two partially closed ends that function as cylinder heads, and two combustion volumes in each cylinder assembly disposed adjacent to …",Hindeks Mitja Viktor,ミトジャ， ビクター ヒンダークス，,2018-11-28,2015-04-24,2015-04-24,2018-11-28,JP6430885B2,https://patents.google.com/patent/JP6430885B2/en,https://patentimages.storage.googleapis.com/d9/14/96/f053ed2b6dc412/JP6430885B2.pdf,B-Threshold,General Threshold Processing,ALL,low-value shipment,low-value shipment,None (fallback)
patent/ES2710400T3/en,Wound therapy device with negative pressure,"An apparatus for use in negative pressure wound therapy, comprising: a pump assembly (100), comprising: an electrically conductive coil (160); a magnet (174) having an axially extending opening therethrough placed between an electrically conductive lower pole (176) having an axially extending …",Smith & Nephew,Julie Allen,2019-04-24,2013-05-15,2012-05-15,2019-04-24,ES2710400T3,https://patents.google.com/patent/ES2710400T3/en,https://patentimages.storage.googleapis.com/89/fa/52/4a16c8ac854851/ES2710400T3.pdf,B-Threshold,General Threshold Processing,ALL,low-value shipment,low-value shipment,None (fallback)
patent/CN107084036B/en,Reciprocating machines and other devices,"… large-scale more superior engine, from the modified version of current product to The new embodiment of reciprocating apparatus.In traditional reciprocating internal combustion engine, comburant (-rent) in the restricted clearance of combustion chamber Conflagration produces expansion and heat.This …",Mitja Viktor Hindeks,米提亚·维克托·辛德克斯,2019-10-22,2008-04-16,2008-04-16,2019-10-22,CN107084036B,https://patents.google.com/patent/CN107084036B/en,https://patentimages.storage.googleapis.com/c1/f0/6c/b0324bfd56b477/CN107084036B.pdf,B-Threshold,General Threshold Processing,ALL,low-value shipment,low-value shipment,None (fallback)
patent/AU2008334948B2/en,Methods and compositions for prevention or treatment of RSV infection,1. Use of an siRNA composition comprising a sense strand comprising a sequence set forth in SEQ ID NO: 1 and an antisense strand comprising a sequence set forth in SEQ ID NO: 2 in the preparation of a medicament for reducing a risk of a Respiratory Syncytial Virus (RSV)-associated bronchiolitis …,"Alnylam Pharmaceuticals, Inc.",Sayda Elbashir,2014-11-20,2008-12-15,2007-12-13,2014-11-20,AU2008334948B2,https://patents.google.com/patent/AU2008334948B2/en,https://patentimages.storage.googleapis.com/51/b5/86/261825ee7e43e8/AU2008334948B2.pdf,B-Threshold,General Threshold Processing,ALL,low-value shipment,low-value shipment,None (fallback)
patent/ES3029850T3/en,A clot retrieval device for removing occlusive clot from a blood vessel,The shape of the struts of the inner tube may be different from the shape of the struts of the outer tube. There may be a clearance between the inner tube and the outer tube in the expanded configuration. There may be a clearance between the inner tube and the outer tube in the collapsed …,Neuravi Ltd,Eamon Brady,2025-06-25,2012-03-09,2011-03-09,2025-06-25,ES3029850T3,https://patents.google.com/patent/ES3029850T3/en,https://patentimages.storage.googleapis.com/a4/a1/c5/212e938841dcc0/ES3029850T3.pdf,B-Threshold,General Threshold Processing,ALL,low-value shipment,low-value shipment,None (fallback)
patent/CN119343669A/en,Hierarchical key management with cross-region replication,"In some embodiments, a ""manifest"" may refer to information communicated by a file system in a source region (referred to herein as a source file system) to a file system in a target region (referred to herein as a target file system) to facilitate a cross-region copy process. The manifest files are …",Oracle International Corporation,V·S·比什特,2025-01-21,2023-06-02,2022-06-16,,CN119343669A,https://patents.google.com/patent/CN119343669A/en,https://patentimages.storage.googleapis.com/fc/ed/bc/1f91777d4d2bba/CN119343669A.pdf,B-Threshold,General Threshold Processing,ALL,low-value shipment,low-value shipment,None (fallback)
patent/CN101448212B/en,Apparatus and methods for operation of wireless server,Figure 20 illustrates features of an embodiment of appointment data. Fig. 21 illustrates features of an embodiment of memo data. Figure 22 illustrates features of an embodiment of an address book entry. Figure 23 illustrates features of an embodiment of a recurrence table. Figure 24 illustrates …,Research In Motion Limited,杰西·布德罗,2013-08-28,2008-07-28,2007-07-27,2013-08-28,CN101448212B,https://patents.google.com/patent/CN101448212B/en,https://patentimages.storage.googleapis.com/bc/8c/0d/15e0bc887544b3/CN101448212B.pdf,B-Threshold,General Threshold Processing,ALL,low-value shipment,low-value shipment,None (fallback)
patent/ES2402155T3/en,Procedures and apparatus for sequential amplification reactions,"A method of determining the presence or absence of a plurality of different target polynucleotides in a sample by performing successive amplifications of different polynucleotides from different parts of the sample, the method comprising the steps of: (i) supplying a reaction chamber selectively …",Cepheid,Joseph H. Smith,2013-04-29,2007-05-01,2006-05-01,2013-04-29,ES2402155T3,https://patents.google.com/patent/ES2402155T3/en,https://patentimages.storage.googleapis.com/dc/d4/64/4f3466ac22eda5/ES2402155T3.pdf,B-Threshold,General Threshold Processing,ALL,low-value shipment,low-value shipment,None (fallback)
patent/US20110055172A1/en,Automatic error correction for inventory tracking and management systems used …,A method automatically detects and corrects errors in a container inventory database associated with a container inventory tracking system of a container storage facility. A processor in the inventory tracking system performs a method to detect errors; this method of error detection obtains a …,"Containertrac, Inc.",Han-Shue Tan,2011-03-03,2009-12-29,2009-09-01,,US20110055172A1,https://patents.google.com/patent/US20110055172A1/en,https://patentimages.storage.googleapis.com/16/6a/30/0a2193e07196d8/US20110055172A1.pdf,B-Threshold,General Threshold Processing,ALL,low-value shipment,low-value shipment,None (fallback)
patent/US9565095B2/en,Take-over of network frame handling in a computing environment,"A first component of a computing environment receives, from a physical network adapter of the computing environment, a request that the first component take over processing of network frames directed to network frame address(es) associated with a second component of the computing environment. The …",International Business Machines Corporation,Angelo MacChiano,2017-02-07,2014-12-05,2014-03-14,2017-02-07,US9565095B2,https://patents.google.com/patent/US9565095B2/en,https://patentimages.storage.googleapis.com/ec/d4/91/14177b9344db02/US9565095.pdf,B-Threshold,General Threshold Processing,ALL,low-value shipment,low-value shipment,None (fallback)
patent/US10510037B1/en,Measuring device and system for freight rate optimization,"A computer-based system that manages the shipment of one or more freight units includes a measuring system for measuring dimensions and weight of a freight unit, wherein the freight unit includes products, a database for storing rules for shipping freight, and a host computer system. The host …","Fida, Llc",Michael Wagner,2019-12-17,2017-07-31,2015-08-27,2019-12-17,US10510037B1,https://patents.google.com/patent/US10510037B1/en,https://patentimages.storage.googleapis.com/02/51/31/d769c43472674c/US10510037B1.pdf,B-Threshold,General Threshold Processing,ALL,low-value shipment,low-value shipment,None (fallback)
patent/US20100222752A1/en,Ophthalmic fluid delivery system,"An ophthalmic fluid atomizer including a body having a proximal end and a distal end and a container connected to the body, wherein the container contains an ophthalmic fluid disposed therein. The atomizer further including a discharge plate disposed at the distal end and a wick extending from the …",Collins Jr James F,Michael J. Jobin,2010-09-02,2009-12-30,2003-05-20,,US20100222752A1,https://patents.google.com/patent/US20100222752A1/en,https://patentimages.storage.googleapis.com/c7/72/4a/58a60005c18ac2/US20100222752A1.pdf,B-Threshold,General Threshold Processing,ALL,low-value shipment,low-value shipment,None (fallback)
patent/US20180020346A1/en,"Systems and methods for programming, controlling and monitoring wireless …","The Dev can also allow the user to program the handset of the household help personnel (i.e., cleaning person) to have access only to a certain limited function of the home security and monitor system, such as: entry and exit on certain day(s) of the week and certain time. And such the entry and …",Sol Mingso Li,Sol Mingso Li,2018-01-18,2017-08-04,2013-10-04,,US20180020346A1,https://patents.google.com/patent/US20180020346A1/en,https://patentimages.storage.googleapis.com/1a/34/26/1542619c3100b4/US20180020346A1.pdf,B-Threshold,General Threshold Processing,ALL,low-value shipment,low-value shipment,None (fallback)
patent/US9119628B1/en,Systems and devices to identify and limit nerve conduction,"Methods and devices for improved precision in finding one or more nerves and then interrupting the transmission of neural signals through the target nerve. The treated nerve can be rendered incapable of transmitting neural signals for a select duration of time, where such a duration can be on a …","Serene Medical, Inc.",Bankim H. Mehta,2015-09-01,2015-01-21,2015-01-21,2015-09-01,US9119628B1,https://patents.google.com/patent/US9119628B1/en,https://patentimages.storage.googleapis.com/8f/03/6b/8ea79d2fd1a84c/US9119628.pdf,B-Threshold,General Threshold Processing,ALL,low-value shipment,low-value shipment,None (fallback)
patent/EP2224676B1/en,Apparatus and methods for coordination of wireless systems,illustrates features of an embodiment of appointment data. Figure 21 illustrates features of an embodiment of memo data. Figure 22 illustrates features of an embodiment of an address book entry. Figure 23 illustrates features of an embodiment of a recurrence table. Figure 24 illustrates features of …,BlackBerry Limited,Jesse Boudreau,2017-03-15,2008-07-11,2007-07-27,2017-03-15,EP2224676B1,https://patents.google.com/patent/EP2224676B1/en,https://patentimages.storage.googleapis.com/13/69/c6/0c75c5ec2738de/EP2224676B1.pdf,B-Threshold,General Threshold Processing,ALL,low-value shipment,low-value shipment,None (fallback)
patent/CN103112680B/en,Stereo logistics system access cargo path optimization control system and …,"The invention discloses a stereo logistics system access cargo path optimization control system and a method. The stereo logistics system access cargo path optimization control system comprises a monitoring upper computer, a programmable logic controller (PLC) module and an embedded motion …",Xi'An University Of Science And Technology,侯媛彬,2014-11-26,2013-01-31,2013-01-31,2014-11-26,CN103112680B,https://patents.google.com/patent/CN103112680B/en,https://patentimages.storage.googleapis.com/9b/ee/39/f827ee8683150f/CN103112680B.pdf,B-Threshold,General Threshold Processing,ALL,low-value shipment,low-value shipment,None (fallback)
patent/EP2827306B1/en,Valuable media processing device,A banknote processing apparatus (500) comprising: a depositing unit (10) configured to deposit a banknote being an unfit banknote or an old version banknote into the banknote processing apparatus (500); an imaging unit (16) configured to capture an image of the unfit banknote deposited from the …,Glory Ltd.,Shigenobu Nishida,2022-01-12,2013-02-28,2012-03-15,2022-01-12,EP2827306B1,https://patents.google.com/patent/EP2827306B1/en,https://patentimages.storage.googleapis.com/54/53/e1/0f2b949eb81bac/EP2827306B1.pdf,B-Threshold,General Threshold Processing,ALL,low-value shipment,low-value shipment,None (fallback)
patent/US10614611B2/en,Apparatus and method for implementing bounding volume hierarchy (BVH) …,"An apparatus and method are described for using tessellation hardware to generate bounding volume hierarchies (BVHs) and perform other ray tracing operations. For example, one embodiment of an apparatus comprises: a shader to output a plurality of tessellation factors and one or more input …",Intel Corporation,Carsten Benthin,2020-04-07,2017-04-07,2017-04-07,2020-04-07,US10614611B2,https://patents.google.com/patent/US10614611B2/en,https://patentimages.storage.googleapis.com/b0/85/96/9979062ad09a3a/US10614611.pdf,B-Threshold,General Threshold Processing,ALL,low-value shipment,low-value shipment,None (fallback)
patent/US20160206362A1/en,Systems and devices to identify and limit nerve conduction,"Methods and devices for improved precision in finding one or more nerves and then interrupting the transmission of neural signals through the target nerve. The treated nerve can be rendered incapable of transmitting neural signals for a select duration of time, where such a duration can be on a …","Serene Medical, Inc.",Bankim H. Mehta,2016-07-21,2015-01-21,2015-01-21,,US20160206362A1,https://patents.google.com/patent/US20160206362A1/en,https://patentimages.storage.googleapis.com/a3/b5/32/305f0e62af5e9e/US20160206362A1.pdf,B-Threshold,General Threshold Processing,ALL,low-value shipment,low-value shipment,None (fallback)
patent/CN114449943A/en,Sleep detection for Sleep Disordered Breathing (SDB) care,"Apparatus and/or method for determining sleep-wake status, eg, associated with sleep disordered breathing (SDB) care.",启迪医疗仪器公司,约翰·龙多尼,2022-05-06,2020-07-24,2019-07-25,,CN114449943A,https://patents.google.com/patent/CN114449943A/en,https://patentimages.storage.googleapis.com/00/53/60/797b206cc9864c/CN114449943A.pdf,B-Threshold,General Threshold Processing,ALL,low-value shipment,low-value shipment,None (fallback)
patent/DE112020000850T5/en,Cache structure and usage,"Embodiments generally address cache structure and usage. An embodiment of a device includes one or more processors, including a graphics processor; a memory for storing data for processing by the one or more processors; and a cache for caching data from the memory; the facility being adapted to …",Intel Corporation,Altug Koker,2022-01-20,2020-03-14,2019-03-15,,DE112020000850T5,https://patents.google.com/patent/DE112020000850T5/en,https://patentimages.storage.googleapis.com/01/ff/cc/953a5ca4db58d3/DE112020000850T5.pdf,B-Threshold,General Threshold Processing,ALL,low-value shipment,low-value shipment,None (fallback)
patent/US20120225171A1/en,Method for controlling water content with decontamination in meats,"Disclosed is a method for producing treated meat having a predetermined proportion of water in a container. The method includes treating meat that has lost water content through evaporation with an agent capable of killing bacteria together with an amount of water, wherein the amount of water …","Safefresh Technologies, Llc",Anthony J.M. Garwood,2012-09-06,2011-09-02,1997-03-13,,US20120225171A1,https://patents.google.com/patent/US20120225171A1/en,https://patentimages.storage.googleapis.com/f6/d1/5e/a44c3da3eb91a0/US20120225171A1.pdf,B-Threshold,General Threshold Processing,ALL,low-value shipment,low-value shipment,None (fallback)
patent/US20180250748A1/en,Systems and methods for improved 3d printing,"A method includes independently controlling a feed rate for each of at least two different input materials for three dimensional (3D) printing to generate a processed material that varies continuously in composition along at least a portion of its length, adding syncing features to the processed …","Autodesk, Inc.",James Sherwood Page,2018-09-06,2018-03-02,2014-03-19,,US20180250748A1,https://patents.google.com/patent/US20180250748A1/en,https://patentimages.storage.googleapis.com/f8/72/05/532dced41e9c11/US20180250748A1.pdf,B-Threshold,General Threshold Processing,ALL,low-value shipment,low-value shipment,None (fallback)
patent/DE102020129970A1/en,SYSTEMS AND METHODS FOR ERROR DETECTION AND CONTROL FOR EMBEDDED WORKING MEMORY …,"Devices including a graphics processing unit, a graphics multiprocessor or a graphics processor having error detection correction logic for cache memory or shared memory are disclosed. In one embodiment, a graphics multiprocessor has cache or local working memory for storing data and error …",Intel Corporation,Vasanth Ranganathan,2021-05-20,2020-11-13,2019-11-15,,DE102020129970A1,https://patents.google.com/patent/DE102020129970A1/en,https://patentimages.storage.googleapis.com/4e/55/b3/38e1e6946874a6/DE102020129970A1.pdf,B-Threshold,General Threshold Processing,ALL,low-value shipment,low-value shipment,None (fallback)
patent/JP7730109B2/en,Blood sugar control system,"… draws medication from a reservoir and delivers it to the patient through the cannula. The injection device typically includes a channel that routes medication from an entry port to the delivery cannula, resulting in delivery to the subcutaneous tissue layer where the delivery cannula terminates.",ベータ バイオニクス，インコーポレイテッド,アール． ダミアーノ，エドワード,2025-08-27,2020-10-02,2019-10-04,2025-08-27,JP7730109B2,https://patents.google.com/patent/JP7730109B2/en,,B-Threshold,General Threshold Processing,ALL,low-value shipment,low-value shipment,None (fallback)
patent/EP3289503B1/en,"Methods for programming, controlling and monitoring wireless networks","The Dev can also allow the user to program the handset of the household help personnel (i.e., cleaning person) to have access only to a certain limited function of the home security and monitor system, such as: entry and exit on certain day(s) of the week and certain time. And such the entry and …","Li, Sol Mingso",Sol Mingso LI,2019-12-18,2016-04-29,2015-04-29,2019-12-18,EP3289503B1,https://patents.google.com/patent/EP3289503B1/en,https://patentimages.storage.googleapis.com/f7/bd/f4/d7f78011cc1b23/EP3289503B1.pdf,B-Threshold,General Threshold Processing,ALL,low-value shipment,low-value shipment,None (fallback)
patent/US20180204253A1/en,Data Processing System and Method for Rules/Model-Based Pre-Analysis of Data …,"… to communicate with any particular entity, the type of data to be obtained or presented, the time interval at which data is obtained from the entities, the types of systems utilized at the various entities, etc. Thus, these interfaces may include, for example, web pages, web services, a data entry …","Fair Ip, Llc",Scott Edward Painter,2018-07-19,2018-01-17,2017-01-17,,US20180204253A1,https://patents.google.com/patent/US20180204253A1/en,https://patentimages.storage.googleapis.com/81/17/90/9d89bdfc7ed394/US20180204253A1.pdf,B-Threshold,General Threshold Processing,ALL,low-value shipment,low-value shipment,None (fallback)
patent/JP7472180B2/en,RNAi constructs and methods of use thereof for inhibiting ASGR1 expression,"The asialoglycoprotein receptor is a calcium-dependent receptor expressed on the surface of hepatocytes that contributes to the clearance and degradation of desialylated glycoproteins from serum by binding to ligands bearing terminal galactose and N-acetylgalactosamine residues (Weigel, Bioessays, …",Amgen Inc.,オルマン マイケル,2024-04-22,2022-02-16,2016-08-26,2024-04-22,JP7472180B2,https://patents.google.com/patent/JP7472180B2/en,https://patentimages.storage.googleapis.com/73/33/5b/faaf8398e633ef/JP7472180B2.pdf,B-Threshold,General Threshold Processing,ALL,low-value shipment,low-value shipment,None (fallback)
patent/DE112020000846T5/en,Architecture for block sparse operations on a systolic array,"Embodiments described herein include software, firmware, and hardware logic that provide techniques for performing arithmetic on sparse data via a systolic processing unit. One embodiment provides data aware sparsity over compressed bitstreams. One embodiment provides block sparse dot product …",Intel Corporation,Abhishek Appu,2021-11-18,2020-03-14,2019-03-15,,DE112020000846T5,https://patents.google.com/patent/DE112020000846T5/en,https://patentimages.storage.googleapis.com/0a/3c/89/7c55470830b4bf/DE112020000846T5.pdf,B-Threshold,General Threshold Processing,ALL,low-value shipment,low-value shipment,None (fallback)
patent/EP2019527B1/en,Information exchange in wireless servers,illustrates features of an embodiment of appointment data. Figure 21 illustrates features of an embodiment of memo data. Figure 22 illustrates features of an embodiment of an address book entry. Figure 23 illustrates features of an embodiment of a recurrence table. Figure 24 illustrates features of …,Research In Motion Limited,Thomas Murphy,2012-02-29,2008-07-11,2007-07-27,2012-02-29,EP2019527B1,https://patents.google.com/patent/EP2019527B1/en,https://patentimages.storage.googleapis.com/3d/01/a1/1131dec2f12ae1/EP2019527B1.pdf,B-Threshold,General Threshold Processing,ALL,low-value shipment,low-value shipment,None (fallback)
patent/EP2031911B1/en,Method and system for resource sharing,"A method performed by a primary server among a group of servers, the method comprising: adding an entry in a user configuration table (2006) associable with a user (2902); identifying shared informational content associable with the user (2910); adding a synchronization record for the shared …",BlackBerry Limited,Michael Rao,2017-03-01,2008-07-11,2007-07-27,2017-03-01,EP2031911B1,https://patents.google.com/patent/EP2031911B1/en,https://patentimages.storage.googleapis.com/7f/31/6c/b59fb2d12bfbd1/EP2031911B1.pdf,B-Threshold,General Threshold Processing,ALL,low-value shipment,low-value shipment,None (fallback)
patent/AU2022246440B2/en,Selective Treg Stimulator Rur20kd-il-2 And Related Compositions,"The instant disclosure provides selective Treg stimulator compositions, including RUR20kD-IL-2 and related compositions, and methods of using these compositions, for example, for treating autoimmune diseases, and/or other conditions responsive to therapy that is effective to provide a selective …",Nektar Therapeutics,Peter Benedict Kirk,2024-11-14,2022-10-06,2018-05-21,2024-11-14,AU2022246440B2,https://patents.google.com/patent/AU2022246440B2/en,https://patentimages.storage.googleapis.com/ac/38/13/6961de831acee3/AU2022246440B2.pdf,B-Threshold,General Threshold Processing,ALL,low-value shipment,low-value shipment,None (fallback)
patent/CN116762060A/en,Internet Group Management Protocol (IGMP) for Layer 2 networking in virtualized …,"… will all fail at the same time. This is achieved by AD not sharing critical infrastructure resources (such as networking, physical cables, cable paths, cable entry points, etc.), making a failure at one AD within a region less likely to affect the availability of other ADs within the same region.",Oracle International Corporation,J·S·布拉尔,2023-09-15,2021-11-24,2020-12-30,,CN116762060A,https://patents.google.com/patent/CN116762060A/en,https://patentimages.storage.googleapis.com/fc/ba/63/ed0621b2b3e9dc/CN116762060A.pdf,B-Threshold,General Threshold Processing,ALL,low-value shipment,low-value shipment,None (fallback)
patent/US11256668B2/en,Virtual log file that aggregates multiple physical log files,asynchronously filtering and aggregating the received physical log-file entries into a virtual log file containing a set of virtual-log-file entries ordered with respect to values of one or more physical or virtual log-file-entry parameters while receiving one or more inputs that direct the virtual …,"Vmware, Inc.",Erik HINTERBICHLER,2022-02-22,2019-04-08,2015-03-17,2022-02-22,US11256668B2,https://patents.google.com/patent/US11256668B2/en,https://patentimages.storage.googleapis.com/f4/2d/88/1e141f94052526/US11256668.pdf,B-Threshold,General Threshold Processing,ALL,low-value shipment,low-value shipment,None (fallback)
patent/DE102020130078A1/en,SYSTOLIC ARITHMETICS ON SPARKLING DATA,Embodiments described herein provide an instruction and associated logic to enable a processing resource that includes a tensor accelerator to perform optimized computation of sparse sub-matrix operations. One embodiment provides hardware logic to apply numeric transform to matrix data to increase …,Intel Corporation,Abhishek R. Appu,2021-05-20,2020-11-13,2019-11-15,,DE102020130078A1,https://patents.google.com/patent/DE102020130078A1/en,https://patentimages.storage.googleapis.com/3f/1c/89/30b260c360d22c/DE102020130078A1.pdf,B-Threshold,General Threshold Processing,ALL,low-value shipment,low-value shipment,None (fallback)
patent/KR102795728B1/en,Peptides and peptidomimetics in combination with T cell activators and/or …,"… . Correction of DNA damage prior to entry into the S phase is important, because damaged DNA often produces mutations when replicated (Hartwell, L. Cell, 71:543 (1992)). Progression through the G1 and G2 checkpoints without repair of extensive DNA damage leads to apoptosis and/or catastrophe.",가부시키가이샤 캔버스,타쿠미 가와베,2025-04-11,2016-10-24,2015-10-23,2025-04-11,KR102795728B1,https://patents.google.com/patent/KR102795728B1/en,https://patentimages.storage.googleapis.com/30/49/28/ae464335d2eaf7/KR102795728B1.pdf,B-Threshold,General Threshold Processing,ALL,low-value shipment,low-value shipment,None (fallback)
patent/US20240382155A1/en,"Offset illumination of a scene using multiple emitters in a hyperspectral, …",Offset illumination using multiple emitters in a fluorescence imaging system is described. A system includes an emitter for emitting pulses of electromagnetic radiation and an image sensor comprising a pixel array for sensing reflected electromagnetic radiation. The emitter comprises a first …,Cilag Gmbh International,Joshua D. Talbert,2024-11-21,2024-05-06,2019-06-20,,US20240382155A1,https://patents.google.com/patent/US20240382155A1/en,https://patentimages.storage.googleapis.com/b9/90/21/100300d37c29b6/US20240382155A1.pdf,B-Threshold,General Threshold Processing,ALL,low-value shipment,low-value shipment,None (fallback)
patent/US20120270567A1/en,System and method for anonymous location based services,Provided is a fully automated web service with location based services generally involved in transmission of situational location dependent information to automatically located mobile receiving data processing systems. The web service communicates with a receiving data processing system in a …,Apple Inc.,William J. Johnson,2012-10-25,2011-11-14,2000-06-07,,US20120270567A1,https://patents.google.com/patent/US20120270567A1/en,https://patentimages.storage.googleapis.com/56/80/ab/30139d7f134aaf/US20120270567A1.pdf,B-Threshold,General Threshold Processing,ALL,low-value shipment,low-value shipment,None (fallback)
patent/US20220151114A1/en,Intelligent above-platform push coupling for datacenter cooling systems,"Systems and methods for cooling a datacenter are disclosed. In at least one embodiment, at least one rigid manifold having flow controllers to extend out of a platform and out from at least one row manifold so that push coupling is enabled with one or more mating couplers of at least one rack …",Nvidia Corporation,Ali Heydari,2022-05-12,2020-11-11,2020-11-11,,US20220151114A1,https://patents.google.com/patent/US20220151114A1/en,https://patentimages.storage.googleapis.com/b6/ec/b7/a2453932a691cc/US20220151114A1.pdf,B-Threshold,General Threshold Processing,ALL,low-value shipment,low-value shipment,None (fallback)
patent/CN113396439A/en,Product SKU enabled based on chiplet configuration,The disassembled processor package may be configured to receive interchangeable chiplets. Interchangeability is enabled by specifying standard physical interconnects for chiplets that enable chiplets to interface with fabric or bridge interconnects. Chiplets from different IP designers may conform …,Intel Corporation,A·考克,2021-09-14,2020-01-23,2019-03-15,,CN113396439A,https://patents.google.com/patent/CN113396439A/en,https://patentimages.storage.googleapis.com/1a/07/b5/99f119f69c9ef5/CN113396439A.pdf,B-Threshold,General Threshold Processing,ALL,low-value shipment,low-value shipment,None (fallback)
patent/DE112020004277T5/en,Machine learning-based architecture search method for a neural network,"In at least one embodiment, a search for differentiable neural architectures and reinforcement learning are combined in a framework to discover network architectures with desired properties such as high accuracy, low latency, or both. In at least one embodiment, a search objective function based …",Nvidia Corporation,Arash Vahdat,2022-06-15,2020-09-09,2019-09-10,,DE112020004277T5,https://patents.google.com/patent/DE112020004277T5/en,https://patentimages.storage.googleapis.com/1f/87/e2/0952784271bf48/DE112020004277T5.pdf,B-Threshold,General Threshold Processing,ALL,low-value shipment,low-value shipment,None (fallback)
patent/US20090000184A1/en,Method of processing bio-mass matter into renewable fluid fuels (synthetic …,"The present invention relates to improved production methods and production equipment for fluid fuels including but not limited to ethanol, gasoline, hydrogen, naphtha (for olefin manufacture) and/or diesel but most particularly, “designed” synthetic diesel fuels for use in corresponding diesel …",Garwood Anthony J,Anthony J. Garwood,2009-01-01,2008-05-22,2006-07-21,,US20090000184A1,https://patents.google.com/patent/US20090000184A1/en,https://patentimages.storage.googleapis.com/cf/af/3d/a0aab3e9607a71/US20090000184A1.pdf,B-Threshold,General Threshold Processing,ALL,low-value shipment,low-value shipment,None (fallback)
patent/DE112021002830T5/en,GENERATION OF IMAGERY OF VIRTUAL ENVIRONMENTS USING ONE OR MORE NEURAL NETWORKS,"Devices, systems and techniques are presented to generate images. In at least one embodiment, one or more neural networks are used to generate one or more images based at least in part on one or more semantic features projected from a three-dimensional environment.",Nvidia Corporation,Zekun Hao,2023-03-02,2021-11-30,2020-12-03,,DE112021002830T5,https://patents.google.com/patent/DE112021002830T5/en,https://patentimages.storage.googleapis.com/4a/0b/c4/302904b37257f3/DE112021002830T5.pdf,B-Threshold,General Threshold Processing,ALL,low-value shipment,low-value shipment,None (fallback)
patent/DE112021002631T5/en,IMAGE GENERATION USING ONE OR MORE NEURAL NETWORKS,"Devices, systems and techniques for generating images are presented. In at least one embodiment, one or more neural networks are used to generate one or more images based at least in part on speech input received from one or more users.",Nvidia Corporation,Ming-Yu Liu,2023-03-23,2021-09-29,2020-10-01,,DE112021002631T5,https://patents.google.com/patent/DE112021002631T5/en,https://patentimages.storage.googleapis.com/30/45/29/9aab77e3d1a2af/DE112021002631T5.pdf,B-Threshold,General Threshold Processing,ALL,low-value shipment,low-value shipment,None (fallback)
patent/DE112021004543T5/en,IMAGE GENERATION USING ONE OR MORE NEURAL NETWORKS,"Apparatuses, systems and techniques for generating augmented images are presented. In at least one embodiment, one or more neural networks are used to modify one or more first objects in an image based at least in part on a change to be made to one or more second objects in the image.",Nvidia Corporation,Siddhant Pardeshi,2023-06-15,2021-08-30,2020-08-31,,DE112021004543T5,https://patents.google.com/patent/DE112021004543T5/en,https://patentimages.storage.googleapis.com/8b/6e/f8/c2f462e0c85d7f/DE112021004543T5.pdf,B-Threshold,General Threshold Processing,ALL,low-value shipment,low-value shipment,None (fallback)
patent/US20170189640A1/en,Circadian Rhythm Alignment Lighting,"A lighting system includes a number of light sources with multiple light colors configured to affect circadian rhythms, and a power supply configured to power the light sources and to control an overall output color.","Innosys, Inc.",Laurence P. Sadwick,2017-07-06,2015-06-25,2014-06-25,,US20170189640A1,https://patents.google.com/patent/US20170189640A1/en,https://patentimages.storage.googleapis.com/97/49/3c/aedacf13513ef3/US20170189640A1.pdf,B-Threshold,General Threshold Processing,ALL,low-value shipment,low-value shipment,None (fallback)
patent/JP2022530846A/en,A bed with features to improve the heat regulation of the sleeper's body during …,The sensing unit is configured to generate a pressure reading from a phenomenon in the sleeping environment and a temperature reading from the perceived temperature. The processing unit is configured to select one thermal control adjustment and change the thermal properties of the sleeping …,Sleep Number Corporation,オミード サヤディ,2022-07-04,2019-12-13,2019-04-25,,JP2022530846A,https://patents.google.com/patent/JP2022530846A/en,https://patentimages.storage.googleapis.com/2c/47/36/201992aa4c3b08/JP2022530846A.pdf,B-Threshold,General Threshold Processing,ALL,low-value shipment,low-value shipment,None (fallback)
patent/EP2792312B1/en,Surgical instrument comprising a closing drive and a firing drive operated from …,"A surgical instrument (10000), comprising: an end effector; a first drive (10030) configured to perform a first end effector function; a second drive (10040) configured to perform a second end effector function; and a rotatable shaft (10020), comprising: a first thread (10024), wherein said first …",Ethicon LLC,Shailendra K. Parihar,2020-01-08,2014-04-16,2013-04-16,2020-01-08,EP2792312B1,https://patents.google.com/patent/EP2792312B1/en,https://patentimages.storage.googleapis.com/1b/61/ec/7b6595ddeae811/EP2792312B1.pdf,B-Threshold,General Threshold Processing,ALL,duty-free threshold,duty-free threshold,None (fallback)
patent/US10226250B2/en,Modular stapling assembly,"A modular shaft assembly is disclosed. The modular shaft assembly includes one or more inputs configured to receive input motions from a surgical instrument system, such as a handle, for example. The shaft assembly further includes one or more on-board inputs configured to generate input motions.",Ethicon Llc,Andrew T. Beckman,2019-03-12,2015-02-27,2015-02-27,2019-03-12,US10226250B2,https://patents.google.com/patent/US10226250B2/en,https://patentimages.storage.googleapis.com/55/83/1b/6225d8ccc3ccc2/US10226250.pdf,B-Threshold,General Threshold Processing,ALL,duty-free threshold,duty-free threshold,None (fallback)
patent/US11133106B2/en,Surgical instrument assembly comprising a retraction assembly,"A surgical instrument assembly is disclosed. The surgical instrument assembly comprises a housing, a shaft assembly configured to be operably attached to the housing, a retraction assembly configured to manually retract a firing member, and a lock operably coupled with the retraction assembly and …",Cilag Gmbh International,"Frederick E. Shelton, IV",2021-09-28,2019-03-29,2013-08-23,2021-09-28,US11133106B2,https://patents.google.com/patent/US11133106B2/en,https://patentimages.storage.googleapis.com/df/23/5a/01e1af26321bde/US11133106.pdf,B-Threshold,General Threshold Processing,ALL,duty-free threshold,duty-free threshold,None (fallback)
patent/US20210118562A1/en,Emergency management system,"A method for monitoring a person includes generating information by a sensor, providing the information to a processor, determining one of 4 states by the processor, providing a result of the determination.",Jeffrey A. Matos,Jeffrey A. Matos,2021-04-22,2020-12-29,2005-08-17,,US20210118562A1,https://patents.google.com/patent/US20210118562A1/en,https://patentimages.storage.googleapis.com/21/18/83/e1d0435910300a/US20210118562A1.pdf,B-Threshold,General Threshold Processing,ALL,duty-free threshold,duty-free threshold,None (fallback)
patent/RU2676863C2/en,Surgical instruments with engine drive with possibility of hinge rotation,"FIELD: medicine.SUBSTANCE: group of inventions relates to surgical instruments, namely to surgical dissecting and stitching brackets with power tools and cassettes with brackets used in them, which are made with the possibility of cutting and stitching tissue with brackets. Surgical instrument …","Ethicon Endo-Surgery, Llc",Джеффри С. СВЭЙЗИ,2019-01-11,2014-08-12,2013-08-23,2019-01-11,RU2676863C2,https://patents.google.com/patent/RU2676863C2/en,https://patentimages.storage.googleapis.com/58/ea/62/57770470cc6b29/RU2676863C2.pdf,B-Threshold,General Threshold Processing,ALL,duty-free threshold,duty-free threshold,None (fallback)
patent/EP3126999B1/en,Session management in distributed storage systems,"… successive subsequences of a hash value obtained for a file name, according to at least some embodiments. FIG. 47 illustrates an example of the first of two types of HDAG node splits that may result from an attempt to insert an entry into a namespace, according to at least some embodiments. FIG. 48",Amazon Technologies Inc.,Pradeep Vincent,2019-05-08,2015-03-31,2014-03-31,2019-05-08,EP3126999B1,https://patents.google.com/patent/EP3126999B1/en,https://patentimages.storage.googleapis.com/df/ca/69/848989d2ba1743/EP3126999B1.pdf,B-Threshold,General Threshold Processing,ALL,duty-free threshold,duty-free threshold,None (fallback)
patent/US20230221234A1/en,Soot sensor system,"A soot sensing system includes a soot sensor having a first element, and circuitry to an amount of soot accumulated on the element and to control heating of the element in response to the soot accumulation. An electrostatic repelling voltage (ERV) may be applied to a sensor/heater element(s) …",Standard Motor Products,Kayvan Hedayat,2023-07-13,2022-09-22,2013-11-13,,US20230221234A1,https://patents.google.com/patent/US20230221234A1/en,https://patentimages.storage.googleapis.com/0f/eb/42/11cf7a648ed45a/US20230221234A1.pdf,B-Threshold,General Threshold Processing,ALL,duty-free threshold,duty-free threshold,None (fallback)
patent/US12044229B2/en,"Fluid pumping systems, devices and methods","wherein the pump chamber housing includes at least one pump chamber port providing an opening to an interior of the pump chamber for entry or exit of the liquid, and wherein the pump chamber housing further includes an integral flow path formed within the rigid chamber wall, the integral flow path …",Deka Products Limited Partnership,Brian D. Tracey,2024-07-23,2023-07-21,2006-04-14,2024-07-23,US12044229B2,https://patents.google.com/patent/US12044229B2/en,https://patentimages.storage.googleapis.com/9e/fd/ca/6d0f7bdb9e1c01/US12044229.pdf,B-Threshold,General Threshold Processing,ALL,duty-free threshold,duty-free threshold,None (fallback)
patent/US10663483B2/en,Method and apparatus of using peak force tapping mode to measure physical …,"Methods and apparatuses are provided for automatically controlling and stabilizing aspects of a scanning probe microscope (SPM), such as an atomic force microscope (AFM), using Peak Force Tapping (PFT) Mode. In an embodiment, a controller automatically controls periodic motion of a probe relative …","Bruker Nano, Inc.",Chanmin Su,2020-05-26,2018-06-12,2008-11-13,2020-05-26,US10663483B2,https://patents.google.com/patent/US10663483B2/en,https://patentimages.storage.googleapis.com/6e/b7/d6/fb98382b99cf57/US10663483.pdf,B-Threshold,General Threshold Processing,ALL,duty-free threshold,duty-free threshold,None (fallback)
patent/US11511181B2/en,Wearable device,"9. The wearable device according to claim 1 , wherein the trunk vertically extends between a clearance plane coincident with a lowest portion of the frame and the upper interface surface of the frame that contacts the shoe in a vertically highest location. 10. The wearable device according to claim …",V.N.O. Llc,Roger R. Adams,2022-11-29,2018-02-26,2010-07-16,2022-11-29,US11511181B2,https://patents.google.com/patent/US11511181B2/en,https://patentimages.storage.googleapis.com/66/46/8b/4425ed7e9b8efa/US11511181B2.pdf,B-Threshold,General Threshold Processing,ALL,duty-free threshold,duty-free threshold,None (fallback)
patent/JP7487105B2/en,Bed with Snoring Detection Feature,1. A bed system comprising: The first bed; A second bed; Equipped with The first bed is A first mattress; a first pressure sensor in communication with the first mattress for sensing pressure applied to the first mattress; a first acoustic sensor positioned to sense sound from a user on the first …,Sleep Number Corporation,ラマザン デミルリ,2024-05-20,2018-12-27,2017-12-28,2024-05-20,JP7487105B2,https://patents.google.com/patent/JP7487105B2/en,https://patentimages.storage.googleapis.com/4e/b9/41/bf61c89bfb551a/JP7487105B2.pdf,B-Threshold,General Threshold Processing,ALL,duty-free threshold,duty-free threshold,None (fallback)
patent/AU2013337879B2/en,"Systems, methods, and devices for monitoring and treatment of tissues within …","1. A tool, comprising: an elongate member with a distal tip and a control end, the distal tip thereof shaped and dimensioned so as to fit within a lumen, the elongate member shaped and dimensioned so as to extend from an entry site on a body into the lumen; and one or more probes each configured …","Autonomix Medical, Inc.",Roy Martin,2018-05-17,2013-10-31,2012-11-05,2018-05-17,AU2013337879B2,https://patents.google.com/patent/AU2013337879B2/en,https://patentimages.storage.googleapis.com/f3/e1/e3/d14875063e2db7/AU2013337879B2.pdf,B-Threshold,General Threshold Processing,ALL,duty-free threshold,duty-free threshold,None (fallback)
patent/US20200197250A1/en,Compression Device,"A compression device for applying controllable compression to a portion of the anatomy of a user, includes a body, at least one memory wire embedded in the body and configured to contract in length upon application of a current so as to reduce an effective length of the body and apply a …","Recovery Force, LLC",Matthew W. Wyatt,2020-06-25,2020-03-05,2012-09-14,,US20200197250A1,https://patents.google.com/patent/US20200197250A1/en,https://patentimages.storage.googleapis.com/fc/2e/92/e98cbf1fd8e273/US20200197250A1.pdf,B-Threshold,General Threshold Processing,ALL,duty-free threshold,duty-free threshold,None (fallback)
patent/US20230346356A1/en,Cycle-based coaching,"Physiological parameters such as respiratory rate and/or heart rate variability can be measured over time for a user and correlated to physiological and/or hormonal cycles such as the menstrual cycle. By determining the phase of such a cycle in this manner, an automatic coach for the user can …","Whoop, Inc.",Emily Rachel Capodilupo,2023-11-02,2023-04-14,2021-03-01,,US20230346356A1,https://patents.google.com/patent/US20230346356A1/en,https://patentimages.storage.googleapis.com/18/a7/c6/d122a9c8e0e828/US20230346356A1.pdf,B-Threshold,General Threshold Processing,ALL,duty-free threshold,duty-free threshold,None (fallback)
patent/US11054335B2/en,Method and apparatus for augmented virtual models and orienteering,"The present invention provides Augmented Virtual Models accessible via Orienteering using a smart device. The smart device is operative to identify a position within a building and use fine-grain location monitoring to guide a user to a desired location. Upon reaching the desired location, the …","Middle Chart, LLC",Michael S. Santarone,2021-07-06,2019-05-20,2017-02-22,2021-07-06,US11054335B2,https://patents.google.com/patent/US11054335B2/en,https://patentimages.storage.googleapis.com/cd/9b/9c/32d6db7cc764b6/US11054335.pdf,B-Threshold,General Threshold Processing,ALL,duty-free threshold,duty-free threshold,None (fallback)
patent/US10715326B2/en,Systems and methods for managing networked commitments of secure entities,"The invention relates to a method of managing commitments between entities forming the nodes of a network, each entity being housed in a computer processing unit, characterized in that it comprises the following steps: —establishing commitments (ENij) between commitment provider entities (Ei) and …",Enrico Maim,Enrico Maim,2020-07-14,2017-07-28,2015-01-30,2020-07-14,US10715326B2,https://patents.google.com/patent/US10715326B2/en,https://patentimages.storage.googleapis.com/39/d0/26/d544102e70751d/US10715326.pdf,B-Threshold,General Threshold Processing,ALL,duty-free threshold,duty-free threshold,None (fallback)
patent/US10515049B1/en,Memory circuits and methods for distributed memory hazard detection and error …,"Methods and apparatuses relating to distributed memory hazard detection and error recovery are described. In one embodiment, a memory circuit includes a memory interface circuit to service memory requests from a spatial array of processing elements for data stored in a plurality of cache banks;",Intel Corporation,Kermin E. Fleming,2019-12-24,2017-07-01,2017-07-01,2019-12-24,US10515049B1,https://patents.google.com/patent/US10515049B1/en,https://patentimages.storage.googleapis.com/11/a6/b1/1bbad207a32925/US10515049.pdf,B-Threshold,General Threshold Processing,ALL,duty-free threshold,duty-free threshold,None (fallback)
patent/RU2695413C2/en,"Biometric solution, providing possibility of payment for passage and access to …","- creating the possibility of reliable identification of persons entering the transport system and their entry and / or exit points, thereby ensuring increased security and allowing the organization to increase the effectiveness of monitoring and control systems in emergency situations without …",Mastercard International Incorporated,Салман Х. СИЕД,2019-07-23,2015-02-12,2014-02-12,2019-07-23,RU2695413C2,https://patents.google.com/patent/RU2695413C2/en,https://patentimages.storage.googleapis.com/b1/86/ae/e5bb274bbf468d/RU2695413C2.pdf,B-Threshold,General Threshold Processing,ALL,duty-free threshold,duty-free threshold,None (fallback)
patent/TWI709073B/en,"Distributed storage system, distributed storage method and distributed facility","A distributed storage system, a distributed storage method and a distributed facility are provided. The distributed storage system comprises: a plurality of appliances, a distributed multimode storage management coordinator, and a communication mechanism for communicating distributed multimode …","Samsung Electronics Co., Ltd.",安德魯 湯米林,2020-11-01,2016-09-12,2015-11-13,2020-11-01,TWI709073B,https://patents.google.com/patent/TWI709073B/en,https://patentimages.storage.googleapis.com/3a/5d/29/2961ae454fdf79/TWI709073B.pdf,B-Threshold,General Threshold Processing,ALL,duty-free threshold,duty-free threshold,None (fallback)
patent/JP2024153630A/en,Bed having features for improving a sleeper's body thermal regulation during …,A system for supporting good sleep quality is provided. A sensing unit is configured to generate pressure readings from phenomena within the sleep environment and generate temperature readings from sensed temperatures. A processing unit is configured to select a thermal regulation adjustment and …,Sleep Number Corporation,オミード サヤディ,2024-10-29,2024-07-01,2019-04-25,,JP2024153630A,https://patents.google.com/patent/JP2024153630A/en,https://patentimages.storage.googleapis.com/84/14/d3/8a4c91a8218450/JP2024153630A.pdf,B-Threshold,General Threshold Processing,ALL,duty-free threshold,duty-free threshold,None (fallback)
patent/JP6949128B2/en,system,"In the field of healthcare, with respect to the performance of healthcare-related procedures, the medical procedures performed by the healthcare clinician for the patient, paperwork including data entry, maintenance procedures including ensuring the proper maintenance of the medical environment and …",General Electric Company,ディバイン，ルーカス,2021-10-13,2017-06-23,2017-02-24,2021-10-13,JP6949128B2,https://patents.google.com/patent/JP6949128B2/en,https://patentimages.storage.googleapis.com/79/75/81/d028767323c31a/JP6949128B2.pdf,B-Threshold,General Threshold Processing,ALL,duty-free threshold,duty-free threshold,None (fallback)
patent/KR102482406B1/en,Sending and storing encrypted user data,A method of processing data includes at least one processor evaluating a data storage unit comprising at least one input data object and at least one transformation instruction to be performed on the at least one input data object. provides The at least one transform instruction operates in a …,Nuts Holdings Llc,어윤호,2022-12-29,2017-08-31,2016-09-15,2022-12-29,KR102482406B1,https://patents.google.com/patent/KR102482406B1/en,https://patentimages.storage.googleapis.com/35/1e/b2/aaf29fafcc2416/KR102482406B1.pdf,B-Threshold,General Threshold Processing,ALL,duty-free threshold,duty-free threshold,None (fallback)
patent/KR102504850B1/en,Connecting to virtualized mobile core networks,The 5G network architecture uses virtualization and network slicing. A user equipment (UE) interacts with an underlying network that interacts with virtual network slices. A UE interacts with an underlying network (ULN) to establish a connection to a virtual network slice. The procedures allocate …,Interdigital Patent Holdings Inc.,그레고리 에스. 스턴버그,2023-03-02,2017-05-12,2016-05-12,2023-03-02,KR102504850B1,https://patents.google.com/patent/KR102504850B1/en,https://patentimages.storage.googleapis.com/3a/f5/a3/d86a05b4c24065/KR102504850B1.pdf,B-Threshold,General Threshold Processing,ALL,duty-free threshold,duty-free threshold,None (fallback)
patent/TWI710900B/en,Storage device and method,Efficient and effective multimode storage devices that can include multiple different types of address spaces that enable different storage space activities are described. A multimode selective underlying exposure storage device can enable selective exposure of underlying aspects of the storage …,"Samsung Electronics Co., Ltd.",安德魯 湯米林,2020-11-21,2016-08-04,2015-11-13,2020-11-21,TWI710900B,https://patents.google.com/patent/TWI710900B/en,https://patentimages.storage.googleapis.com/ba/f4/00/3b21620d019805/TWI710900B.pdf,B-Threshold,General Threshold Processing,ALL,duty-free threshold,duty-free threshold,None (fallback)
patent/US20190261991A1/en,Modular stapling assembly,"A modular shaft assembly is disclosed. The modular shaft assembly includes one or more inputs configured to receive input motions from a surgical instrument system, such as a handle, for example. The shaft assembly further includes one or more on-board inputs configured to generate input motions.",Ethicon Llc,Andrew T. Beckman,2019-08-29,2019-02-25,2015-02-27,,US20190261991A1,https://patents.google.com/patent/US20190261991A1/en,https://patentimages.storage.googleapis.com/20/1e/89/f0fcbd59c09ee9/US20190261991A1.pdf,B-Threshold,General Threshold Processing,ALL,duty-free threshold,duty-free threshold,None (fallback)
patent/AU2017281533B2/en,Automated adjustment of light sheet geometry in a microscope,"A method includes: imaging a sample using light-sheet imaging. The light-sheet imaging includes generating light, forming one or more light sheets from the light at one or more positions within the sample along respective illumination axes, and recording images of fluorescence emitted along a …",Howard Hughes Medical Institute,Raghav Kumar Chhetri,2019-06-27,2017-06-23,2016-06-24,2019-06-27,AU2017281533B2,https://patents.google.com/patent/AU2017281533B2/en,https://patentimages.storage.googleapis.com/dd/0a/a2/0e34bc17650ec5/AU2017281533B2.pdf,B-Threshold,General Threshold Processing,ALL,duty-free threshold,duty-free threshold,None (fallback)
patent/US11783925B2/en,Multi-services application gateway and system employing the same,An intelligent gateway device provided at a premise (home or business) for providing and managing application services associated with use and support of a plurality of digital endpoint devices associated with the premises. The device includes a communications and processing infrastructure …,Kip Prod P1 Lp,Amir Ansari,2023-10-10,2021-10-20,2006-12-29,2023-10-10,US11783925B2,https://patents.google.com/patent/US11783925B2/en,https://patentimages.storage.googleapis.com/44/e6/01/425547fc3c2246/US11783925.pdf,B-Threshold,General Threshold Processing,ALL,duty-free threshold,duty-free threshold,None (fallback)
patent/US11183282B2/en,Multi-services application gateway and system employing the same,An intelligent gateway device provided at a premise (home or business) for providing and managing application services associated with use and support of a plurality of digital endpoint devices associated with the premises. The device includes a communications and processing infrastructure …,Kip Prod Pi Lp,Amir Ansari,2021-11-23,2020-06-01,2006-12-29,2021-11-23,US11183282B2,https://patents.google.com/patent/US11183282B2/en,https://patentimages.storage.googleapis.com/0e/d8/80/54eff4df4117f1/US11183282.pdf,B-Threshold,General Threshold Processing,ALL,duty-free threshold,duty-free threshold,None (fallback)
patent/US10153645B1/en,Systems and methods for designating a master power transmitter in a cluster of …,104 may be formed at locations of constructive interference patterns of power waves transmitted by the transmitter 101 . The pockets of energy 104 may manifest as a three-dimensional field where energy may be harvested by receivers 103 located within the pocket of energy 104 . The pocket of energy,Energous Corporation,Douglas Bell,2018-12-11,2016-03-04,2014-05-07,2018-12-11,US10153645B1,https://patents.google.com/patent/US10153645B1/en,https://patentimages.storage.googleapis.com/db/62/f3/61b5afab28db68/US10153645.pdf,B-Threshold,General Threshold Processing,ALL,duty-free threshold,duty-free threshold,None (fallback)
patent/US10193396B1/en,Cluster management of transmitters in a wireless power transmission system,104 may be formed at locations of constructive interference patterns of power waves transmitted by the transmitter 101 . The pockets of energy 104 may manifest as a three-dimensional field where energy may be harvested by receivers 103 located within the pocket of energy 104 . The pocket of energy,Energous Corporation,Douglas Bell,2019-01-29,2016-03-04,2014-05-07,2019-01-29,US10193396B1,https://patents.google.com/patent/US10193396B1/en,https://patentimages.storage.googleapis.com/14/6a/85/59089a0f3d21cc/US10193396.pdf,B-Threshold,General Threshold Processing,ALL,duty-free threshold,duty-free threshold,None (fallback)
patent/US20200118164A1/en,Integrated mobile device management system,The embodiments disclose an integrated mobile device management method including using an integrated mobile device management service provider digital programmable server and database server for coordinating processing with device issuer locked devices with functionalities specifically targeted …,Edmond Defrank,Edmond Defrank,2020-04-16,2019-08-05,2015-07-15,,US20200118164A1,https://patents.google.com/patent/US20200118164A1/en,https://patentimages.storage.googleapis.com/1e/8f/01/ff662ac748e772/US20200118164A1.pdf,B-Threshold,General Threshold Processing,ALL,duty-free threshold,duty-free threshold,None (fallback)
patent/JP2024530877A/en,Collaborative composite video stream overlaid on surgical site and instruments,The computing system may generate a composite video stream from multiple input feeds. The computing system may obtain overlay content associated with a surgical video stream and a surgical procedure. The computing system may determine overlay region locations for overlaying the overlay content by …,Cilag Gmbh International,シェルトン・ザ・フォース・フレデリック・イー,2024-08-27,2022-07-20,2021-07-22,,JP2024530877A,https://patents.google.com/patent/JP2024530877A/en,https://patentimages.storage.googleapis.com/48/50/f4/ac60bf013659f3/JP2024530877A.pdf,B-Threshold,General Threshold Processing,ALL,duty-free threshold,duty-free threshold,None (fallback)
patent/TWI702495B/en,"Apparatus, method, and multimode storage device for performing selective …",An apparatus for mapping user data into a selective underlying exposure (SUE) address space includes a memory that stores machine instructions and a processor that executes the instructions to combine first user data from a plurality of logically-addressed blocks to create a SUE page. The SUE page …,"Samsung Electronics Co., Ltd.",安德魯 湯米林,2020-08-21,2016-08-03,2015-11-13,2020-08-21,TWI702495B,https://patents.google.com/patent/TWI702495B/en,https://patentimages.storage.googleapis.com/5d/b7/df/576252193a99a1/TWI702495B.pdf,B-Threshold,General Threshold Processing,ALL,duty-free threshold,duty-free threshold,None (fallback)
patent/ES2941337T3/en,Software-defined automation system and architecture,"Software-defined automation system realizations that provide a reference architecture for designing, managing, and maintaining a highly available, scalable, and flexible automation system. In some embodiments, an SDA system may include a localized subsystem that includes a system controller node …",Schneider Electric Ind Sas,Antonio Chauvet,2023-05-22,2016-10-12,2015-10-13,2023-05-22,ES2941337T3,https://patents.google.com/patent/ES2941337T3/en,https://patentimages.storage.googleapis.com/e3/be/57/899f5cbe8277dc/ES2941337T3.pdf,B-Threshold,General Threshold Processing,ALL,duty-free threshold,duty-free threshold,None (fallback)
patent/US10661053B2/en,Method of pulsatile neurovascular aspiration with telescoping catheter,"A method of aspirating a vascular occlusion from a remote site is provided. The method includes the steps of advancing a first elongate tubular body through a vascular access site and into a body vessel, advancing a second tubular body distally to extend beyond the first elongate tubular body to …","Incept, Llc",Yi Yang,2020-05-26,2017-02-27,2016-02-24,2020-05-26,US10661053B2,https://patents.google.com/patent/US10661053B2/en,https://patentimages.storage.googleapis.com/8f/96/b7/34ab82db49f670/US10661053.pdf,B-Threshold,General Threshold Processing,ALL,duty-free threshold,duty-free threshold,None (fallback)
patent/US12064293B2/en,Field programmable surgical visualization system,A surgical visualization system may be field programmable. The surgical visualization system may include a field programable gate array (FPGA) and a processor. The FPGA may be configured to transform sensor information of backscattered laser light into real-time information of particle movement (e …,Cilag Gmbh International,"Frederick E. Shelton, IV",2024-08-20,2020-10-02,2020-10-02,2024-08-20,US12064293B2,https://patents.google.com/patent/US12064293B2/en,https://patentimages.storage.googleapis.com/a7/ca/f1/fbafb434f3d013/US12064293.pdf,B-Threshold,General Threshold Processing,ALL,duty-free threshold,duty-free threshold,None (fallback)
patent/US20240362286A1/en,Semantic search and summarization for electronic documents,Techniques for an artificial intelligence (AI) platform to search a document collection are described. Embodiments may use AI and machine learning techniques within a framework of an electronic document management system to perform semantic searching of an electronic document or a collection of …,"Docusign, Inc.",Yan He,2024-10-31,2023-04-28,2023-04-28,,US20240362286A1,https://patents.google.com/patent/US20240362286A1/en,https://patentimages.storage.googleapis.com/37/70/82/157480640991da/US20240362286A1.pdf,B-Threshold,General Threshold Processing,ALL,duty-free threshold,duty-free threshold,None (fallback)
patent/US20230269178A1/en,Packet flow control in a header of a packet,"… to fail simultaneously. This is achieved by the ADs not sharing critical infrastructure resources such as networking, physical cables, cable paths, cable entry points, etc., such that a failure at one AD within a region is unlikely to impact the availability of the other ADs within the same region.",Oracle International Corporation,Shane Baker,2023-08-24,2023-04-21,2021-02-05,,US20230269178A1,https://patents.google.com/patent/US20230269178A1/en,https://patentimages.storage.googleapis.com/06/7c/4e/0f2b380c18939a/US20230269178A1.pdf,B-Threshold,General Threshold Processing,ALL,duty-free threshold,duty-free threshold,None (fallback)
patent/US10265851B2/en,Apparatus and method for enabling rapid configuration and reconfiguration of a …,"This application is a continuation application of and claims priority to U.S. patent application Ser. No. 14/961,169 filed on Dec. 7, 2015, which is a continuation of and claims priority to U.S. patent application Ser. No. 14/120,610 filed on Jul. 9, 2014, now U.S. Pat. No. 9,233,466 issued Jan.",Richard A. Skrinde,Richard A. Skrinde,2019-04-23,2017-04-20,2011-02-19,2019-04-23,US10265851B2,https://patents.google.com/patent/US10265851B2/en,https://patentimages.storage.googleapis.com/6e/88/e2/37cd8095d796a6/US10265851.pdf,B-Threshold,General Threshold Processing,ALL,duty-free threshold,duty-free threshold,None (fallback)
patent/US20240080219A1/en,Building management system with identity management,"A building system for identity management of a building, the building system including one or more storage devices configured to store instructions thereon, that, when executed by one or more processors, cause the one or more processors to receive a request to determine whether an entity has a …",Johnson Controls Technology Company,Youngchoon Park,2024-03-07,2023-09-12,2017-02-10,,US20240080219A1,https://patents.google.com/patent/US20240080219A1/en,https://patentimages.storage.googleapis.com/a9/0c/c6/8e37483ebac489/US20240080219A1.pdf,B-Threshold,General Threshold Processing,ALL,duty-free threshold,duty-free threshold,None (fallback)
patent/US20250109677A1/en,Apparatus and methods for uninterrupted drilling,"In at least one embodiment, a control system may include a processor coupled to the database. The control system may include a memory accessible to the processor and storing instructions executable by the processor for: during slide drilling, detecting an increase to a first differential pressure …","Motive Drilling Technologies, Inc.",William Edward Weideman,2025-04-03,2024-12-11,2017-08-10,,US20250109677A1,https://patents.google.com/patent/US20250109677A1/en,https://patentimages.storage.googleapis.com/e6/4a/9c/32c05db1b64fbe/US20250109677A1.pdf,B-Threshold,General Threshold Processing,ALL,duty-free threshold,duty-free threshold,None (fallback)
patent/US11388788B2/en,In-oven camera and computer vision systems and methods,"Systems and methods include a cooking appliance comprising a heating element disposed within a cooking chamber and operable to selectively emit waves at any of a plurality of powers and/or peak wavelengths, a camera operable to capture an image of the cooking chamber, and a computing device …","Brava Home, Inc.",Dennis Denker,2022-07-12,2018-07-09,2015-09-10,2022-07-12,US11388788B2,https://patents.google.com/patent/US11388788B2/en,https://patentimages.storage.googleapis.com/43/3e/6f/468a2f02f2d7dc/US11388788.pdf,B-Threshold,General Threshold Processing,ALL,duty-free threshold,duty-free threshold,None (fallback)
patent/US20220167409A1/en,Systems and methods for fractional carrier sense multiple access with collision …,"30, 2015, and issued as U.S. Pat. No. 10,015,821 on Jul. 3, 2018, which is the National Stage Entry under 35 U.S.C. § 371 of Patent Cooperation Treaty Application No. PCT/US2014/036610 filed May 2, 2014, which claims the benefit of U.S. Provisional Application Nos. 61/819,233 filed on May 3, 2013, …","Interdigital Patent Holdings, Inc.",Oghenekome Oteri,2022-05-26,2021-11-30,2013-05-03,,US20220167409A1,https://patents.google.com/patent/US20220167409A1/en,https://patentimages.storage.googleapis.com/2b/0b/d7/e9c57ccce9e7c1/US20220167409A1.pdf,B-Threshold,General Threshold Processing,ALL,duty-free threshold,duty-free threshold,None (fallback)
patent/US20230243252A1/en,Apparatus for automated slide drilling,An automated slide drilling system (ASDS) may be used with a drilling rig system to control slide drilling. The ASDS may autonomously control slide drilling without user input during the slide drilling. The ASDS may further support a transition from rotary drilling to slide drilling to rotary …,"Motive Drilling Technologies, Inc.",Todd W. Benson,2023-08-03,2023-04-12,2017-08-10,,US20230243252A1,https://patents.google.com/patent/US20230243252A1/en,https://patentimages.storage.googleapis.com/13/1e/24/01281674a9e790/US20230243252A1.pdf,B-Threshold,General Threshold Processing,ALL,duty-free threshold,duty-free threshold,None (fallback)
patent/US11857266B2/en,System for a surveillance marker in robotic-assisted surgery,"wherein the surveillance marker post and the dynamic reference base are adapted to be attached to a bony structure at different entry points, a processor configured to continuously monitor the locations of the surveillance marker, the DRB marker array and the robot tracking markers through the …","Globus Medical, Inc.",Jeffrey Forsyth,2024-01-02,2018-12-20,2012-06-21,2024-01-02,US11857266B2,https://patents.google.com/patent/US11857266B2/en,https://patentimages.storage.googleapis.com/4c/15/0f/c9fee87e9552cd/US11857266.pdf,B-Threshold,General Threshold Processing,ALL,duty-free threshold,duty-free threshold,None (fallback)
patent/US11086816B2/en,"Processors, methods, and systems for debugging a configurable spatial …","Systems, methods, and apparatuses relating to debugging a configurable spatial accelerator are described. In one embodiment, a processor includes a plurality of processing elements and an interconnect network between the plurality of processing elements to receive an input of a dataflow graph …",Intel Corporation,Kermin Fleming,2021-08-10,2017-09-28,2017-09-28,2021-08-10,US11086816B2,https://patents.google.com/patent/US11086816B2/en,https://patentimages.storage.googleapis.com/a9/4b/b5/801f8b3a58060b/US11086816.pdf,B-Threshold,General Threshold Processing,ALL,duty-free threshold,duty-free threshold,None (fallback)
patent/US10517569B2/en,Linear magnetic drive transducer for ultrasound imaging,"An ultrasound imaging system uses a magnetic linear motor driven ultrasound scanner, with accurate track and hold operation and/or other motion feedback, to scan a two dimensional or three dimensional area of a sample. The scanner is implemented in a low-power and low-bandwidth handheld device and …",The Regents Of The University Of Michigan,William Weitzel,2019-12-31,2013-05-09,2012-05-09,2019-12-31,US10517569B2,https://patents.google.com/patent/US10517569B2/en,https://patentimages.storage.googleapis.com/30/7a/a8/5da056f9d5945c/US10517569.pdf,B-Threshold,General Threshold Processing,ALL,duty-free threshold,duty-free threshold,None (fallback)
patent/US8311858B2/en,Vehicle monitoring system,"A data logging device tracks the operation of a vehicle or driver actions. The device includes a storage device, which may be removable or portable, having a first memory portion that may be read from and may be written to in a vehicle and a second memory portion that may be read from and may be …",Progressive Casualty Insurance Company,William Curtis Everett,2012-11-13,2012-02-17,1996-01-29,2012-11-13,US8311858B2,https://patents.google.com/patent/US8311858B2/en,https://patentimages.storage.googleapis.com/31/6a/b4/198e905483eb5b/US8311858.pdf,B-Threshold,General Threshold Processing,ALL,duty-free threshold,duty-free threshold,None (fallback)
patent/US7520374B2/en,Coin discrimination apparatus and method,"A coin discrimination apparatus and method is provided. Coins, preferably after cleaning, e.g. using a trommel, are singulated by a coin pickup assembly configured to reduce jamming. A coin rail assists in providing separation between coins as they travel past a sensor. The sensor provides an …","Coinstar, Inc.",Douglas Alan Martin,2009-04-21,2007-04-12,1996-06-28,2009-04-21,US7520374B2,https://patents.google.com/patent/US7520374B2/en,https://patentimages.storage.googleapis.com/5c/64/45/bba9180b0248c8/US7520374.pdf,B-Threshold,General Threshold Processing,ALL,duty-free threshold,duty-free threshold,None (fallback)
patent/US8249881B2/en,Multi-phoneme streamer and knowledge representation speech recognition system …,… the Load Script File sub-process according to one embodiment of the invention. FIG. 16 is a schematic of transform script file structures and also is a flow diagram of the Get Condition Entry sub-process and the Finalize Script Line sub-process according to one embodiment of the invention. FIG. 17,Du Dimensional Llc,Philippe Roy,2012-08-21,2010-11-30,2002-06-28,2012-08-21,US8249881B2,https://patents.google.com/patent/US8249881B2/en,https://patentimages.storage.googleapis.com/99/0e/ad/5fcf1b1f95fe6c/US8249881.pdf,B-Threshold,General Threshold Processing,ALL,duty-free threshold,duty-free threshold,None (fallback)
patent/US10019677B2/en,Active policy enforcement,"Risk analysis across all three domains: IT, physical, and Operation Technology/industrial control systems Detect, identify and eliminate risks before they manifest True prevention of threats from thefts, sabotage and terrorism Incident management & Situational Awareness with built-in programmed …","Alert Enterprise, Inc.",Jasvir Singh Gill,2018-07-10,2012-02-15,2009-11-20,2018-07-10,US10019677B2,https://patents.google.com/patent/US10019677B2/en,https://patentimages.storage.googleapis.com/24/97/b6/890a13312cba74/US10019677.pdf,B-Threshold,General Threshold Processing,ALL,duty-free threshold,duty-free threshold,None (fallback)
patent/US8965803B2/en,Virtual world reversion rights,"Notwithstanding the foregoing, applicant entity understands that the USPTO's computer programs have certain data entry requirements, and hence applicant entity is designating the present application as a continuation in part of its parent applications, but expressly points out that such …","The Invention Science Fund I, Llc",Edward K. Y. Jung,2015-02-24,2010-03-26,2005-02-04,2015-02-24,US8965803B2,https://patents.google.com/patent/US8965803B2/en,https://patentimages.storage.googleapis.com/92/0b/3f/81d13493fc399d/US8965803.pdf,B-Threshold,General Threshold Processing,ALL,duty-free threshold,duty-free threshold,None (fallback)
patent/US8505959B2/en,Cart transportable mobile medical critical care point of need field …,A cart transportable mobile medical emergency response facility includes a plurality of hand carried carts with cargo canisters with interchangeable components for establishing a decentralized mobile medical treatment facility at a disaster or other emergency area with a lack of usable hospital …,"Valiant Rock, Llc","Charles W. Darling, III",2013-08-13,2009-04-28,2000-09-18,2013-08-13,US8505959B2,https://patents.google.com/patent/US8505959B2/en,https://patentimages.storage.googleapis.com/dd/b0/07/4ee14870945378/US8505959.pdf,B-Threshold,General Threshold Processing,ALL,duty-free threshold,duty-free threshold,None (fallback)
patent/US8769412B2/en,Method and apparatus for risk visualization and remediation,"Risk analysis across all three domains: IT, physical, and industrial control systems Detect, identify and eliminate risks before they manifest True prevention of threats from thefts, sabotage and terrorism Incident management with built-in programmed remediation Policy Based (Compliance to various …","Alert Enterprise, Inc.",Jasvir Singh Gill,2014-07-01,2010-11-23,2009-11-20,2014-07-01,US8769412B2,https://patents.google.com/patent/US8769412B2/en,https://patentimages.storage.googleapis.com/2d/a3/1c/20f436d9d27db5/US8769412.pdf,B-Threshold,General Threshold Processing,ALL,duty-free threshold,duty-free threshold,None (fallback)
patent/US7775530B2/en,Integrated multi-purpose deployment field system,"Optionally, the height can be further varied by varying the height of each kickstand, wherein the rear kickstand is in a position of the clearance being a minimum, and the front kickstand is in a position of the clearance being a maximum, resulting in maximum height differential between the front …",Valiant Rock LLC,"Charles W. Darling, III",2010-08-17,2007-02-12,1999-01-07,2010-08-17,US7775530B2,https://patents.google.com/patent/US7775530B2/en,https://patentimages.storage.googleapis.com/b2/7b/76/b39568c01d2a4f/US7775530.pdf,B-Threshold,General Threshold Processing,ALL,duty-free threshold,duty-free threshold,None (fallback)
patent/US8595077B2/en,Architectural design for service request and order management application …,"Methods, systems, and apparatus, including computer program products, for implementing a software architecture design for a software application implementing service request and order management. The application is structured as multiple process components interacting with each other through …",Sap Ag,Alexander Koegler,2013-11-26,2008-09-18,2008-09-18,2013-11-26,US8595077B2,https://patents.google.com/patent/US8595077B2/en,https://patentimages.storage.googleapis.com/81/3d/e0/e92d194516cbe8/US8595077.pdf,B-Threshold,General Threshold Processing,ALL,duty-free threshold,duty-free threshold,None (fallback)
patent/JP5587782B2/en,Fluid component analysis system and method for glucose monitoring and …,"A fluid transport network adapted to provide fluid communication with the patient's bodily fluids through the patient's end; A sampling system operable to take a bodily fluid sample from the patient's end and transport said bodily fluid sample toward the bodily fluid analyzer, and so that the pump …",オプテイスカン・バイオメデイカル・コーポレーシヨン,セーサラマン，マヘシユ,2014-09-10,2008-10-10,2007-10-10,2014-09-10,JP5587782B2,https://patents.google.com/patent/JP5587782B2/en,https://patentimages.storage.googleapis.com/7d/c5/4f/456668ef38f112/JP5587782B2.pdf,B-Threshold,General Threshold Processing,ALL,duty-free threshold,duty-free threshold,None (fallback)
patent/JP5336546B2/en,Control scheduling system and method,"Determining a control switch value, wherein the control switch value is based at least on a function of the position of the assembly with respect to gravity; Determining when the device should enter a second mode of operation based on when the control switch value is greater than the entry value; …",Deka Products Limited Partnership,モーレル，ジョン・ビー,2013-11-06,2011-05-17,1999-05-28,2013-11-06,JP5336546B2,https://patents.google.com/patent/JP5336546B2/en,https://patentimages.storage.googleapis.com/5d/70/09/55a6d9633dc401/JP5336546B2.pdf,B-Threshold,General Threshold Processing,ALL,duty-free threshold,duty-free threshold,None (fallback)
patent/AU2011201362B2/en,Method and system for transacting with a trading application,A system for transacting with a trading application includes an interface operable to receive an order message from a short message service component. The order message comprises a first short message comprising order information converted into a second format. The order information relates to an …,"Cfph, Llc",Alexander M. Costakis,2012-02-02,2011-03-24,2005-07-25,2012-02-02,AU2011201362B2,https://patents.google.com/patent/AU2011201362B2/en,https://patentimages.storage.googleapis.com/65/61/95/54c39f4b10d07d/AU2011201362B2.pdf,B-Threshold,General Threshold Processing,ALL,duty-free threshold,duty-free threshold,None (fallback)
patent/RU2468419C2/en,Apparatus and methods for widget-related memory management,"FIELD: information technology. SUBSTANCE: method for changing operational modes in a wireless communication device, comprising: activating a mobile widget client in standard operational mode, determining memory availability on the wireless communication device, deactivating the standard …",Qualcomm Incorporated,Гиридхар Д. МАНДЬЯМ,2012-11-27,2009-03-20,2008-03-25,2012-11-27,RU2468419C2,https://patents.google.com/patent/RU2468419C2/en,https://patentimages.storage.googleapis.com/7e/33/63/60bd5b58f27edd/RU2468419C2.pdf,B-Threshold,General Threshold Processing,ALL,duty-free threshold,duty-free threshold,None (fallback)
patent/US9289169B2/en,Analyte monitoring systems and methods,"Some embodiments provide a system for synchronizing and configuring monitoring devices. In some embodiments, a patient monitoring device settings module is configured to automatically provide configuration settings to a plurality of patient monitoring devices. A monitoring device data module is …",Optiscan Biomedical Corp.,Peter Rule,2016-03-22,2013-11-22,2007-05-18,2016-03-22,US9289169B2,https://patents.google.com/patent/US9289169B2/en,https://patentimages.storage.googleapis.com/53/91/b8/5636e0f927c0fb/US9289169.pdf,B-Threshold,General Threshold Processing,ALL,duty-free threshold,duty-free threshold,None (fallback)
patent/ES2714218T3/en,Systems and methods for fault tolerant communications,"Each of the element managers, real-time data buffer, conveyors, file entry processor, shared access memory loader to database index, reference data buffer and data administrators can include a software application stored in one or more of the disk drives connected to disk controller 160, ROM 156 …",Sas Inst Inc,Richard Knight,2019-05-27,2015-06-23,2014-07-01,2019-05-27,ES2714218T3,https://patents.google.com/patent/ES2714218T3/en,https://patentimages.storage.googleapis.com/2a/3b/ee/d41b2424b878b6/ES2714218T3.pdf,B-Threshold,General Threshold Processing,ALL,duty-free threshold,duty-free threshold,None (fallback)
patent/US9808375B2/en,Power-saving method for defogging an eye-shield,"Power saving method providing a burst of power for defogging an eye-shield apparatus with a thin-film heater, comprising: activating the heater from an off power level to an on-demand mode or from a preliminary intermediate power level during an active-on mode to a max power level and continuing …","Abominable Labs, Llc",Jack C. Cornelius,2017-11-07,2014-09-05,2012-02-16,2017-11-07,US9808375B2,https://patents.google.com/patent/US9808375B2/en,https://patentimages.storage.googleapis.com/3a/fb/1d/88bdc520d73431/US9808375.pdf,B-Threshold,General Threshold Processing,ALL,duty-free threshold,duty-free threshold,None (fallback)
patent/KR101650949B1/en,"System, apparatus, and method for measuring an ion concentration of a measured …","The apparatus, system, and method maximize the efficiency and accuracy of measuring the ion concentration of a measured fluid by varying the flow of ions within the measurement cell 1006 according to the output signal of the sensor cells 1006, 206. The pump current through the pump cell is …","이노베이트! 테크날러지, 인크.",클라우스 케이 알멘딩거,2016-09-05,2008-06-06,2007-06-08,2016-09-05,KR101650949B1,https://patents.google.com/patent/KR101650949B1/en,https://patentimages.storage.googleapis.com/9e/d1/d1/a8a857c357d98a/KR101650949B1.pdf,B-Threshold,General Threshold Processing,ALL,duty-free threshold,duty-free threshold,None (fallback)
patent/US12357162B2/en,"Videostroboscopy of vocal cords with a hyperspectral, fluorescence, and laser …","Videostroboscopy with a hyperspectral, fluorescence, and laser mapping image system is described. A system includes an emitter for emitting pulses of electromagnetic radiation and an image sensor comprising a pixel array for sensing reflected electromagnetic radiation. The system includes a …",Cilag Gmbh International,Joshua D. Talbert,2025-07-15,2020-03-06,2019-06-20,2025-07-15,US12357162B2,https://patents.google.com/patent/US12357162B2/en,,B-Threshold,General Threshold Processing,ALL,duty-free threshold,duty-free threshold,None (fallback)
patent/JP2023546807A/en,Method for operating a hierarchical mode of operation in a surgical system,"The surgical system may include hierarchical access functionality. The surgical system may be used to analyze at least a portion of the surgical field. Based on the control parameters, the system provides visualization processing, end cutter transmission, end cutter algorithm update, smart …",Cilag Gmbh International,シェルトン・ザ・フォース・フレデリック・イー,2023-11-08,2021-09-29,2020-10-02,,JP2023546807A,https://patents.google.com/patent/JP2023546807A/en,https://patentimages.storage.googleapis.com/6e/58/5a/ca6c6c2bef1d81/JP2023546807A.pdf,B-Threshold,General Threshold Processing,ALL,duty-free threshold,duty-free threshold,None (fallback)
patent/US11551486B1/en,Vehicle monitoring system,"A data logging device tracks the operation of a vehicle or driver actions. The device includes a storage device, which may be removable or portable, having a first memory portion that may be read from and may be written to in a vehicle and a second memory portion that may be read from and may be …",Progressive Casualty Insurance Company,William Curtis Everett,2023-01-10,2017-09-01,2004-01-23,2023-01-10,US11551486B1,https://patents.google.com/patent/US11551486B1/en,https://patentimages.storage.googleapis.com/b9/0e/3b/6054dd2c8ca55e/US11551486.pdf,B-Threshold,General Threshold Processing,ALL,duty-free threshold,duty-free threshold,None (fallback)
patent/AU2021311610B2/en,Disease burden indication,"Methods and/or devices to identify disease burden indication are disclosed. One type of disease comprises sleep disordered breathing and/or related parameters, which may be sensed via implantable sensors such as an acceleration sensor.","Inspire Medical Systems, Inc.",David DIEKEN,2024-06-27,2021-07-21,2020-07-24,2024-06-27,AU2021311610B2,https://patents.google.com/patent/AU2021311610B2/en,https://patentimages.storage.googleapis.com/eb/cc/01/a60e33438de13b/AU2021311610B2.pdf,B-Threshold,General Threshold Processing,ALL,duty-free threshold,duty-free threshold,None (fallback)
patent/CN105721576B/en,The installation of wireless communication system,"The device and method of wireless system provide a kind of mechanism of communication capacity for enhancing wireless user.In one embodiment, data are stored on wireless mobile apparatus, and the data are associated with for installing the information of wireless server in electronic system.At …",Blackberry Limited,杰西·布德罗,2019-04-16,2008-07-28,2007-07-27,2019-04-16,CN105721576B,https://patents.google.com/patent/CN105721576B/en,https://patentimages.storage.googleapis.com/56/5a/83/a4177844e6fd63/CN105721576B.pdf,B-Threshold,General Threshold Processing,ALL,duty-free threshold,duty-free threshold,None (fallback)
patent/US10485431B1/en,Glucose multi-vital-sign system in an electronic medical records system,"A device measures blood glucose levels, temperature, heart rate, heart rate variability, respiration, SpO2, blood flow, blood pressure, total hemoglobin (SpHb), PVi, methemoglobin (SpMet), acoustic respiration rate (RRa), carboxyhemoglobin (SpCO), oxygen reserve index (ORi), oxygen content (SpOC) …",ARC Devices Ltd.,Mark Khachaturian,2019-11-26,2018-05-21,2018-05-21,2019-11-26,US10485431B1,https://patents.google.com/patent/US10485431B1/en,https://patentimages.storage.googleapis.com/db/60/00/431afd0b5d6516/US10485431.pdf,B-Threshold,General Threshold Processing,ALL,duty-free threshold,duty-free threshold,None (fallback)
patent/US9818105B2/en,Guaranty provisioning via wireless service purveyance,"Notwithstanding the foregoing, Applicant understands that the USPTO's computer programs have certain data entry requirements, and hence Applicant has provided designation(s) of a relationship between the present application and its parent application(s) as set forth above and in any ADS filed in …",Elwha Llc,Edward K. Y. Jung,2017-11-14,2013-12-31,2013-10-29,2017-11-14,US9818105B2,https://patents.google.com/patent/US9818105B2/en,https://patentimages.storage.googleapis.com/66/1b/d1/c6050f3139f73f/US9818105.pdf,B-Threshold,General Threshold Processing,ALL,duty-free threshold,duty-free threshold,None (fallback)
patent/US7789352B2/en,Clamp assembly,"Optionally, the height can be further varied by varying the height of each kickstand, wherein the rear kickstand is in a position of the clearance being a minimum, and the front kickstand is in a position of the clearance being a maximum, resulting in maximum height differential between the front …",Valiant Rock LLC,"Charles W. Darling, III",2010-09-07,2009-03-05,2006-03-31,2010-09-07,US7789352B2,https://patents.google.com/patent/US7789352B2/en,https://patentimages.storage.googleapis.com/4b/db/61/adacaf23658e06/US7789352.pdf,B-Threshold,General Threshold Processing,ALL,duty-free threshold,duty-free threshold,None (fallback)
patent/US20190105116A1/en,Surgical robotic automation with tracking markers,"Devices, Systems, and Methods for detecting a 3-dimensional position of an object, and surgical automation involving the same. The surgical robot system may include a robot having a robot base, a robot arm coupled to the robot base, and an end-effector coupled to the robot arm. The end-effector, …","Globus Medical, Inc.",Norbert Johnson,2019-04-11,2018-10-08,2012-06-21,,US20190105116A1,https://patents.google.com/patent/US20190105116A1/en,https://patentimages.storage.googleapis.com/ea/87/9b/31c0901aa88d53/US20190105116A1.pdf,B-Threshold,General Threshold Processing,ALL,duty-free threshold,duty-free threshold,None (fallback)
patent/US12213801B2/en,Surgical visualization and particle trend analysis system,"A surgical visualization system may include particle trend analysis. The surgical visualization system may include a field programmable gate array (FPGA) that is configured to transform sensor information of backscattered laser light into real-time information of particle movement (e.g., blood …",Cilag Gmbh International,"Frederick E. Shelton, IV",2025-02-04,2020-10-02,2020-10-02,2025-02-04,US12213801B2,https://patents.google.com/patent/US12213801B2/en,https://patentimages.storage.googleapis.com/12/13/45/5a622f367c8a99/US12213801.pdf,B-Threshold,General Threshold Processing,ALL,duty-free threshold,duty-free threshold,None (fallback)
patent/US10569812B2/en,Swing and drop tailgate,"… closer to the vehicle. Other motions of a tailgate, such as a side-hinged tailgate that opens to the side may allow a user to stand closer to the vehicle, but this motion requires significant clearance and does not allow the increased horizontal space that the dropped down tailgate provides. It …","Rivian Ip Holdings, Llc",Sheetanshu Tyagi,2020-02-25,2018-06-08,2018-06-08,2020-02-25,US10569812B2,https://patents.google.com/patent/US10569812B2/en,https://patentimages.storage.googleapis.com/1b/b5/5c/725301dc984a9c/US10569812.pdf,B-Threshold,General Threshold Processing,ALL,duty-free threshold,duty-free threshold,None (fallback)
patent/US20190000569A1/en,Controlling a surgical robot to avoid robotic arm collision,"Surgical robotic systems including a surgical robot, a sensor, and a surgical control computer are disclosed. To determine an actual or predicted collision of a robotic arm of the surgical robot with a patient, the sensor is configured to output a proximity signal indicating proximity of the …","Globus Medical, Inc.",Neil Crawford,2019-01-03,2018-06-28,2012-06-21,,US20190000569A1,https://patents.google.com/patent/US20190000569A1/en,https://patentimages.storage.googleapis.com/35/5f/22/2347748d3d0070/US20190000569A1.pdf,B-Threshold,General Threshold Processing,ALL,duty-free threshold,duty-free threshold,None (fallback)
patent/WO2021242428A1/en,Loop prevention in virtual l2 networks,"… to fail simultaneously. This is achieved by the ADs not sharing critical infrastructure resources such as networking, physical cables, cable paths, cable entry points, etc., such that a failure at one AD within a region is unlikely to impact the availability of the other ADs within the same region.",Oracle International Corporation,Jagwinder Singh Brar,2021-12-02,2021-04-14,2020-05-28,,WO2021242428A1,https://patents.google.com/patent/WO2021242428A1/en,https://patentimages.storage.googleapis.com/86/36/c0/20afd5dbc4c807/WO2021242428A1.pdf,B-Threshold,General Threshold Processing,ALL,duty-free threshold,duty-free threshold,None (fallback)
patent/US20170048234A1/en,"Social Aggregating, Fractionally Efficient Transfer Guidance, Conditional …","wherein the instantiated aggregated crypto 2-party transaction trigger entry unlock event is receipt of the first encrypted token and of the second encrypted token. 9 . The apparatus of claim 1 , wherein the determination that the instantiated aggregated crypto 2-party transaction trigger entry …",Fmr Llc,Timothy Lohe,2017-02-16,2016-07-14,2015-07-14,,US20170048234A1,https://patents.google.com/patent/US20170048234A1/en,https://patentimages.storage.googleapis.com/b1/f2/e3/08335ef1518800/US20170048234A1.pdf,B-Threshold,General Threshold Processing,ALL,duty-free threshold,duty-free threshold,None (fallback)
patent/US20230284422A1/en,Redundant liquid distribution units for datacenter racks,A datacenter liquid cooling system is disclosed. A processor detects whether one or more liquid distribution units (LDUs) of the datacenter cooling system can be deactivated based on one or more workloads of one or more servers cooled by the datacenter cooling system.,Nvidia Corporation,Ali Heydari,2023-09-07,2023-04-12,2020-09-02,,US20230284422A1,https://patents.google.com/patent/US20230284422A1/en,https://patentimages.storage.googleapis.com/48/56/87/d976ebb276e679/US20230284422A1.pdf,B-Threshold,General Threshold Processing,ALL,duty-free threshold,duty-free threshold,None (fallback)
patent/KR102266533B1/en,"Systems and methods for programming, controlling and monitoring wireless …","Dev allows users to program the household assistant's (eg, janitor's) handset to access only certain limited functions, such as entry and exit on specific day(s) and specific times of the week in a home security and surveillance system. These access records can be created, stored and viewed by …",Sol Minsoo Lee,솔 밍소 리,2021-06-17,2016-04-29,2015-04-29,2021-06-17,KR102266533B1,https://patents.google.com/patent/KR102266533B1/en,https://patentimages.storage.googleapis.com/47/1f/81/c123c35cadec48/KR102266533B1.pdf,B-Threshold,General Threshold Processing,ALL,duty-free threshold,duty-free threshold,None (fallback)
patent/US20220104713A1/en,Tiered-access surgical visualization system,"A surgical visualization system may include tiered-access features. The surgical visualization system may be used to analyze at least a portion of a surgical field. Based on a control parameter, the system may assess the present state of moving particles that portion of the surgical field, assess …",Ethicon Llc,"Frederick E. Shelton, IV",2022-04-07,2020-10-02,2020-10-02,,US20220104713A1,https://patents.google.com/patent/US20220104713A1/en,https://patentimages.storage.googleapis.com/0a/1a/9d/49e137efc37686/US20220104713A1.pdf,B-Threshold,General Threshold Processing,ALL,duty-free threshold,duty-free threshold,None (fallback)
patent/US9883048B2/en,Providing individual service functionality using specific actions,"A method of provisioning a plurality of applications from different application developer systems to a network provider system comprises establishing a plurality of service accounts for a corresponding plurality of application service provider systems, receiving a plurality of API interfaces from …",Zilkr Cloud Technologies LLC,Omar Paul,2018-01-30,2016-04-08,2013-10-09,2018-01-30,US9883048B2,https://patents.google.com/patent/US9883048B2/en,https://patentimages.storage.googleapis.com/90/02/83/3880eb2d568b3e/US9883048.pdf,B-Threshold,General Threshold Processing,ALL,duty-free threshold,duty-free threshold,None (fallback)
patent/CN114567875A/en,Techniques for radio equipment network space security and multiple radio …,"The present disclosure relates to reconfigurable radio devices and edge computing, and in particular to techniques for network space security and radio devices supporting specific features (ensuring protection against fraud and testing of interfaces related to reconfigurable radio devices). Other …",Intel Corporation,M·D·米克,2022-05-31,2021-10-22,2020-11-13,,CN114567875A,https://patents.google.com/patent/CN114567875A/en,https://patentimages.storage.googleapis.com/7b/4a/dc/b7925fce454c17/CN114567875A.pdf,B-Threshold,General Threshold Processing,ALL,duty-free threshold,duty-free threshold,None (fallback)
patent/US12200909B2/en,Rack form-factor reservoir for datacenter cooling systems,"… may include processors, memories, switches, sensors, and other components, altogether forming the electronic features. In at least one embodiment, the ports 252 , 262 , 272 , 268 are adapted to either allow entry or to allow egress of the immersive fluid. In at least one embodiment, flow controllers",Nvidia Corporation,Ali Heydari,2025-01-14,2020-10-01,2020-10-01,2025-01-14,US12200909B2,https://patents.google.com/patent/US12200909B2/en,https://patentimages.storage.googleapis.com/94/66/00/5ea01463f74711/US12200909.pdf,B-Threshold,General Threshold Processing,ALL,duty-free threshold,duty-free threshold,None (fallback)
patent/US20090157430A1/en,Synchronization and configuration of patient monitoring devices,"Some embodiments provide a system for synchronizing and configuring monitoring devices. In some embodiments, a patient monitoring device settings module is configured to automatically provide configuration settings to a plurality of patient monitoring devices. A monitoring device data module is …",Peter Rule,Peter Rule,2009-06-18,2008-10-14,2007-10-11,,US20090157430A1,https://patents.google.com/patent/US20090157430A1/en,https://patentimages.storage.googleapis.com/98/ec/bc/ad113f6bdd88ec/US20090157430A1.pdf,B-Threshold,General Threshold Processing,ALL,duty-free threshold,duty-free threshold,None (fallback)
patent/EP2456956B1/en,Axial-piston motor,"An axial piston motor having at least one compressor cylinder, having at least one working cylinder and having at least one pressure line, through which compressed fuel is conducted from the compressor cylinder via a combustion chamber to the working cylinder, wherein the fuel flow from the …",GETAS Gesellschaft für thermodynamische Antriebssysteme mbH,Ulrich Rohs,2016-12-14,2010-07-26,2009-07-24,2016-12-14,EP2456956B1,https://patents.google.com/patent/EP2456956B1/en,https://patentimages.storage.googleapis.com/fd/de/e6/97bd2970cbf4ea/EP2456956B1.pdf,B-Threshold,General Threshold Processing,ALL,duty-free threshold,duty-free threshold,None (fallback)
patent/BR102019008496A2/en,methods for dynamically designating operators to remotely control and / or …,methods for dynamically assigning operators to remotely control and / or monitor movements of one or more vehicle systems and remote vehicle operator designation system a designation system and method determine time-varying risk profiles for separate vehicle systems that are remotely controlled by …,Gen Electric,d brooks James,2020-02-04,2019-04-26,2016-04-25,,BR102019008496A2,https://patents.google.com/patent/BR102019008496A2/en,https://patentimages.storage.googleapis.com/78/2f/0c/abb38b2abace93/BR102019008496A2.pdf,B-Threshold,General Threshold Processing,ALL,duty-free threshold,duty-free threshold,None (fallback)
patent/US20150278263A1/en,Activity environment and data system for user activity processing,"A configurable activity environment that enables training and gameplay. The environment comprises an activity area of barriers and obstacles in which user activities are conducted. A sensor system is dispersed in association with the activity area to sense user status (e.g., moving, stationary, …",Brian Bowles,Brian Bowles,2015-10-01,2015-03-24,2014-03-25,,US20150278263A1,https://patents.google.com/patent/US20150278263A1/en,https://patentimages.storage.googleapis.com/0a/f3/86/9d0d7407fa26e6/US20150278263A1.pdf,B-Threshold,General Threshold Processing,ALL,duty-free threshold,duty-free threshold,None (fallback)
patent/JP2024519216A/en,A headset with the ability to estimate core body temperature from sensing …,"The bed includes a mattress, one or more temperature sensors are used, each configured to sense a temperature of a sleeper and transmit a temperature reading to a controller, one or more pressure sensors are used, each configured to sense pressure applied to the mattress by the sleeper and …",Sleep Number Corporation,モリナ ギャリー エヌ ガルシア,2024-05-09,2022-05-06,2021-05-06,,JP2024519216A,https://patents.google.com/patent/JP2024519216A/en,https://patentimages.storage.googleapis.com/db/df/f3/165af885a18211/JP2024519216A.pdf,B-Threshold,General Threshold Processing,ALL,duty-free threshold,duty-free threshold,None (fallback)
patent/US20170018007A1/en,Integrated mobile device management system,The embodiments disclose an integrated mobile device management method including using an integrated mobile device management service provider digital programmable server and database server for coordinating processing with device issuer locked devices with functionalities specifically targeted …,Edmond Defrank,Edmond Defrank,2017-01-19,2016-07-14,2015-07-15,,US20170018007A1,https://patents.google.com/patent/US20170018007A1/en,https://patentimages.storage.googleapis.com/98/a6/7a/0c97d6ab860459/US20170018007A1.pdf,B-Threshold,General Threshold Processing,ALL,duty-free threshold,duty-free threshold,None (fallback)
patent/US9271430B2/en,Flexible electronic circuit enclosure assembly,"A flexible enclosure assembly for an electronic device for vehicular application is virtually “fastenerless” and includes a preform blank of conductive sheet material such as wire screen mesh or the like which defines upper, lower and a plurality of side wall portions flexibly interconnected by …","Delphi Technologies, Inc.",Chris R. Snider,2016-02-23,2012-03-09,2011-03-11,2016-02-23,US9271430B2,https://patents.google.com/patent/US9271430B2/en,https://patentimages.storage.googleapis.com/24/92/35/5fda7aa65261e8/US9271430.pdf,B-Threshold,General Threshold Processing,ALL,duty-free threshold,duty-free threshold,None (fallback)
patent/US20090172699A1/en,Architectural Design for Service Procurement Application Software,"Methods, systems, and apparatus, including computer program products, for implementing a software architecture design for a software application implementing service procurement. The application is structured as multiple process components interacting with each other through service interfaces, …",Christoph Jungkind,Christoph Jungkind,2009-07-02,2007-12-31,2007-12-31,,US20090172699A1,https://patents.google.com/patent/US20090172699A1/en,https://patentimages.storage.googleapis.com/2b/7f/d1/c88e0f681944fd/US20090172699A1.pdf,B-Threshold,General Threshold Processing,ALL,duty-free threshold,duty-free threshold,None (fallback)
patent/US12095868B2/en,Cloud based cross domain system—virtual data diode,"In some aspects, a network interface card (NIC) may receive, at a first node of a network interface card associated with a disconnected network, a message intended for the disconnected network and sent using a first communication protocol. The network interface card may send the message from the …",Oracle International Corporation,Eden Grail Adogla,2024-09-17,2021-11-23,2021-11-23,2024-09-17,US12095868B2,https://patents.google.com/patent/US12095868B2/en,https://patentimages.storage.googleapis.com/4c/61/d5/0465cbd5e594e6/US12095868.pdf,B-Threshold,General Threshold Processing,ALL,duty-free threshold,duty-free threshold,None (fallback)
patent/US20150026080A1/en,"Methods and apparatus for title protocol, authentication, and sharing","A title management apparatus resident on a first computer including a memory for storing a control program and data, and a processor for executing the control program and for managing the data. The apparatus includes a title object resident in the memory including a title structure, the title …","Oncircle, Inc.",Stefan Roever,2015-01-22,2014-07-23,2002-05-15,,US20150026080A1,https://patents.google.com/patent/US20150026080A1/en,https://patentimages.storage.googleapis.com/d2/74/3f/843bdf639536ac/US20150026080A1.pdf,B-Threshold,General Threshold Processing,ALL,duty-free threshold,duty-free threshold,None (fallback)
patent/US20140089073A1/en,System and Method For Managing Carbon Emission Credits at a Fuel Dispensing …,Systems and methods are provided for managing carbon emission credits at a fuel dispensing station via a portable computing device. An exemplary method comprises: receiving a request via a communications network for a transaction at a fuel dispensing station; determining a pump identifier …,Qualcomm Incorporated,Paul E. Jacobs,2014-03-27,2013-01-15,2012-09-21,,US20140089073A1,https://patents.google.com/patent/US20140089073A1/en,https://patentimages.storage.googleapis.com/e5/44/f5/84e16cca29639d/US20140089073A1.pdf,B-Threshold,General Threshold Processing,ALL,duty-free threshold,duty-free threshold,None (fallback)
patent/US20140089078A1/en,System and method for managing carbon emission credits at a fuel dispensing …,Systems and methods are provided for managing carbon emission credits associated with a vehicle fueling at a fuel dispensing station. An exemplary method comprises: receiving a request via a communications network for a vehicle fueling transaction at a fuel dispensing station; determining a pump …,Qualcomm Incorporated,Robert L. Dessert,2014-03-27,2013-01-22,2012-09-21,,US20140089078A1,https://patents.google.com/patent/US20140089078A1/en,https://patentimages.storage.googleapis.com/33/4d/58/74b286efd1a63c/US20140089078A1.pdf,B-Threshold,General Threshold Processing,ALL,duty-free threshold,duty-free threshold,None (fallback)
patent/US20100041365A1/en,"Mediation, rating, and billing associated with a femtocell service framework","System(s) and method(s) facilitating mediation of information relating to communication sessions, and rating of and billing for communication sessions, in relation to a communication network employing femtocells and base stations, are presented. Call detail records (CDRs) are created containing …",At&T Mobility Ii Llc,Robert Wayne Lott,2010-02-18,2009-06-12,2008-06-12,,US20100041365A1,https://patents.google.com/patent/US20100041365A1/en,https://patentimages.storage.googleapis.com/43/aa/b5/010d1c9e6c7829/US20100041365A1.pdf,B-Threshold,General Threshold Processing,ALL,duty-free threshold,duty-free threshold,None (fallback)
patent/JP2021509316A/en,Characterizing tissue irregularities by using monochromatic light refraction,"Surgical imaging systems are multiple sources of light, each light source emitting light at a particular wavelength, with multiple sources and the light reflected from a tissue sample illuminated by each of the sources. It includes an optical sensor that receives light and a computing system. A …",Ethicon Llc,シェルトン・ザ・フォース・フレデリック・イー,2021-03-25,2018-07-30,2017-12-28,,JP2021509316A,https://patents.google.com/patent/JP2021509316A/en,https://patentimages.storage.googleapis.com/74/83/97/8ca8876ebf7976/JP2021509316A.pdf,B-Threshold,General Threshold Processing,ALL,duty-free threshold,duty-free threshold,None (fallback)
patent/JP2021509304A/en,Dual CMOS array imaging,"An image acquisition system is a plurality of illumination sources, each of which has a plurality of illumination sources configured to emit light having a specific central wavelength and a first field of view of the surgical site. It has a first light sensing element configured to receive the …",Ethicon Llc,シェルトン・ザ・フォース・フレデリック・イー,2021-03-25,2018-07-30,2017-12-28,,JP2021509304A,https://patents.google.com/patent/JP2021509304A/en,https://patentimages.storage.googleapis.com/af/f1/12/012861e21b9da6/JP2021509304A.pdf,B-Threshold,General Threshold Processing,ALL,duty-free threshold,duty-free threshold,None (fallback)
patent/JP2021509831A/en,Determining Backscattered Light Characteristics Using Laser Light and Red-Green …,"Surgical imaging systems are multiple sources of light, each of which emits light at a particular wavelength, reflected from multiple sources and tissue samples illuminated by each of the sources. Includes an optical sensor that receives light and a computing system. The computer system receives …",Ethicon Llc,イェイツ・デビッド・シー,2021-04-08,2018-07-30,2017-12-28,,JP2021509831A,https://patents.google.com/patent/JP2021509831A/en,https://patentimages.storage.googleapis.com/d6/4f/68/1ba34ce9c12e05/JP2021509831A.pdf,B-Threshold,General Threshold Processing,ALL,duty-free threshold,duty-free threshold,None (fallback)
patent/EP3586782A1/en,Controlling a surgical robot to avoid robotic arm collision,"Surgical robotic systems including a surgical robot, a sensor, and a surgical control computer are disclosed. To determine an actual or predicted collision of a robotic arm of the surgical robot with a patient, the sensor is configured to output a proximity signal indicating proximity of the …","Globus Medical, Inc.",Neil Crawford,2020-01-01,2019-06-27,2018-06-28,,EP3586782A1,https://patents.google.com/patent/EP3586782A1/en,https://patentimages.storage.googleapis.com/2c/cf/bc/ec5d52f4e26fba/EP3586782A1.pdf,B-Threshold,General Threshold Processing,ALL,duty-free threshold,duty-free threshold,None (fallback)
patent/US20220206547A1/en,Liquid flow distribution using one or more neural networks,"Systems and methods for cooling a computer environment are disclosed. In at least one embodiment, one or more neural networks can be used to adjust one or more flow control valves, of a liquid cooling system for a data center, to control a variation in liquid flow rate across the data center.",Nvidia Corporation,Ali Heydari,2022-06-30,2020-12-30,2020-12-30,,US20220206547A1,https://patents.google.com/patent/US20220206547A1/en,https://patentimages.storage.googleapis.com/fe/8d/00/e5978835c06e8b/US20220206547A1.pdf,B-Threshold,General Threshold Processing,ALL,duty-free threshold,duty-free threshold,None (fallback)
patent/US20150120473A1/en,Vendor-facilitated guaranty provisioning,"Notwithstanding the foregoing, Applicant understands that the USPTO's computer programs have certain data entry requirements, and hence Applicant has provided designation(s) of a relationship between the present application and its parent application(s) as set forth above and in any ADS filed in …","Elwha LLC, a limited liability corporation of the State of Delaware",Edward K.Y. Jung,2015-04-30,2013-11-07,2013-10-29,,US20150120473A1,https://patents.google.com/patent/US20150120473A1/en,https://patentimages.storage.googleapis.com/fc/ce/f2/1bbfcf968ccaf5/US20150120473A1.pdf,B-Threshold,General Threshold Processing,ALL,duty-free threshold,duty-free threshold,None (fallback)
patent/US12366156B2/en,Apparatus and methods for controlling drilling,"A drilling control system may access a drilling plan for a borehole comprising one or more of planned path for the borehole, drill string information, mud properties, drill bit properties, formation properties, and drill rig properties. The system may receive a plurality of operating parameters …","Helmerich & Payne Technologies, Llc",Angus Lamberton Jamieson,2025-07-22,2023-12-21,2021-07-16,2025-07-22,US12366156B2,https://patents.google.com/patent/US12366156B2/en,,B-Threshold,General Threshold Processing,ALL,duty-free threshold,duty-free threshold,None (fallback)
patent/US20080133392A1/en,Security arrangements for virtual world obligations,"confirming availability of one or more of the following to be collateral: item, access entry, achievement, award, composite virtual character, virtual character name, virtual character trait, character attribute, avatar, virtual skill, virtual key, access right, value token, virtual currency, …","Searete Llc, A Limited Liability Corporation Of The State Of Delaware",Edward K.Y. Jung,2008-06-05,2007-10-29,2005-02-04,,US20080133392A1,https://patents.google.com/patent/US20080133392A1/en,https://patentimages.storage.googleapis.com/aa/17/e4/1aeb09d70fdd50/US20080133392A1.pdf,B-Threshold,General Threshold Processing,ALL,duty-free threshold,duty-free threshold,None (fallback)
patent/US20150120551A1/en,Mobile device-facilitated guaranty provisioning,"Notwithstanding the foregoing, Applicant understands that the USPTO's computer programs have certain data entry requirements, and hence Applicant has provided designation(s) of a relationship between the present application and its parent application(s) as set forth above and in any ADS filed in …","Elwha LLC, a limited liability corporation of the State of Delaware",Edward K.Y. Jung,2015-04-30,2014-01-14,2013-10-29,,US20150120551A1,https://patents.google.com/patent/US20150120551A1/en,https://patentimages.storage.googleapis.com/89/d7/4a/da05b1ddea56b8/US20150120551A1.pdf,B-Threshold,General Threshold Processing,ALL,duty-free threshold,duty-free threshold,None (fallback)
patent/US20170235909A1/en,Telemonitoring system !,"Disclosed is a telemonitoring system and associated methods. A doctor creates a care plan for a patient with a chronic condition, such as diabetes. The care plan includes a medication plan, an exercise plan, a healthy eating plan, etc., and the care plan is input at a telemonitoring system. When …","Esvyda!, Inc.",Elias Lozano,2017-08-17,2017-02-13,2016-02-11,,US20170235909A1,https://patents.google.com/patent/US20170235909A1/en,https://patentimages.storage.googleapis.com/36/4d/9d/48accaaca360ec/US20170235909A1.pdf,B-Threshold,General Threshold Processing,ALL,duty-free threshold,duty-free threshold,None (fallback)
patent/US20230069177A1/en,Data center self-healing,"Systems and methods for data center operational monitoring are disclosed. In at least one embodiment, a root cause for one or more data center component failures is determined based, at least in part, upon data from one or more sensors.",Nvidia Corporation,Ryan Albright,2023-03-02,2021-08-18,2021-08-18,,US20230069177A1,https://patents.google.com/patent/US20230069177A1/en,https://patentimages.storage.googleapis.com/6f/2d/20/376b9a6d2e9849/US20230069177A1.pdf,B-Threshold,General Threshold Processing,ALL,duty-free threshold,duty-free threshold,None (fallback)
patent/CN110382382A/en,Automatic unloading and loading robot system,"The system includes a robot configured to load and/or unload from a location, such as a cargo carrier or a building. The robot includes a base unit with a transport system to move the base unit. A mast extends from the base unit, and the mast has a mast conveyor. The end of arm tooling (EoAT) is …",巴斯蒂安解决方案有限责任公司,W.A.巴斯蒂安二世,2019-10-25,2017-10-27,2016-10-27,,CN110382382A,https://patents.google.com/patent/CN110382382A/en,https://patentimages.storage.googleapis.com/b3/7b/8c/dbc5e5a141528e/CN110382382A.pdf,B-Threshold,General Threshold Processing,ALL,duty-free threshold,duty-free threshold,None (fallback)
patent/BR112016003507B1/en,SURGICAL INSTRUMENT,"Conductor arrangements for electrically powered surgical instruments with swivel end actuators. A surgical instrument is shown which includes a housing (12) which has, attached thereto, an elongated shaft assembly (16) which is configured to be rotated relative to the housing. the surgical …","Ethicon Endo-Surgery, Llc",David C. Yates,2022-02-15,2014-08-19,2013-08-23,,BR112016003507B1,https://patents.google.com/patent/BR112016003507B1/en,https://patentimages.storage.googleapis.com/f9/57/21/83b0608f43c7ae/BR112016003507B1.pdf,B-Threshold,General Threshold Processing,ALL,duty-free threshold,duty-free threshold,None (fallback)
patent/CN106462601A/en,Atomic writes for multiple-extent operations,"Figure 47 illustrates to insert an entry into, by trial, two species that NameSpace causes according at least some embodiment The example of the first in the HDAG node split of type. Figure 48 illustrates to insert an entry into, by trial, two species that NameSpace causes according at least some …","Amazon Technologies, Inc.",J·A·施特劳斯,2017-02-22,2015-03-31,2014-03-31,,CN106462601A,https://patents.google.com/patent/CN106462601A/en,https://patentimages.storage.googleapis.com/eb/b5/ea/76e99c96b6d298/CN106462601A.pdf,B-Threshold,General Threshold Processing,ALL,duty-free threshold,duty-free threshold,None (fallback)
patent/CN106462545A/en,Scalable file storage service,"Figure 47 illustrates to insert an entry into, by trial, two species that NameSpace causes according at least some embodiment The example of the first in the HDAG node split of type. Figure 48 illustrates to insert an entry into, by trial, two species that NameSpace causes according at least some …","Amazon Technologies, Inc.",P·文森特,2017-02-22,2015-03-31,2014-03-31,,CN106462545A,https://patents.google.com/patent/CN106462545A/en,https://patentimages.storage.googleapis.com/fc/6d/c6/6f2b1f509c8544/CN106462545A.pdf,B-Threshold,General Threshold Processing,ALL,duty-free threshold,duty-free threshold,None (fallback)
patent/US20230409535A1/en,Techniques for resource utilization in replication pipeline processing,"A “manifest,” in certain embodiments, may refer to information communicated by a file system in a source region (referred to herein as source file system) to a file system in a target region (referred to herein as target file system) for facilitating a cross-region replication process. There are …",Oracle International Corporation,Satish Kumar Kashi Visvanathan,2023-12-21,2023-05-31,2022-06-16,,US20230409535A1,https://patents.google.com/patent/US20230409535A1/en,https://patentimages.storage.googleapis.com/99/70/bc/c28fc9eaafaebf/US20230409535A1.pdf,B-Threshold,General Threshold Processing,ALL,duty-free threshold,duty-free threshold,None (fallback)
patent/US20210022948A1/en,"Neuromodulation for treatment of retinal, choroidal and optic nerve disorders …",… and retinal vascular occlusive diseases. Improving or preserving OBF may assist photoreceptors PRs and retinal ganglion cells RGCs by maintaining the necessary oxygenation and nutrients for cellular survival and preventing secondary degeneration by increasing the clearance of toxic by-products. In …,Ismail Mohammed Yousif Musallam,Ismail Mohammed Yousif Musallam,2021-01-28,2020-07-19,2019-07-22,,US20210022948A1,https://patents.google.com/patent/US20210022948A1/en,https://patentimages.storage.googleapis.com/f1/f4/7b/ea27b777a25706/US20210022948A1.pdf,B-Threshold,General Threshold Processing,ALL,duty-free threshold,duty-free threshold,None (fallback)
patent/CN101448211A/en,Wireless communication systems,Figure 20 illustrates features of an embodiment of appointment data. Fig. 21 illustrates features of an embodiment of memo data. Figure 22 illustrates features of an embodiment of an address book entry. Figure 23 illustrates features of an embodiment of a recurrence table. Figure 24 illustrates …,Research In Motion Limited,杰西·布德罗,2009-06-03,2008-07-28,2007-07-27,,CN101448211A,https://patents.google.com/patent/CN101448211A/en,https://patentimages.storage.googleapis.com/fb/0f/9b/96f834db930725/CN101448211A.pdf,B-Threshold,General Threshold Processing,ALL,duty-free threshold,duty-free threshold,None (fallback)
patent/KR20090071546A/en,Ablation Apparatus and Systems for Limiting Neural Conduction,"The electrosurgical probe includes a probe body defining a longitudinal probe axis. The electrosurgical probe also includes first and second conductive electrodes, each disposed along the probe axis. The surface area of the first conductive electrode is greater than the surface area of the second …","바이오폼 메디칼, 인크.",윌리엄 마이클 얀센,2009-07-01,2007-07-27,2006-07-28,,KR20090071546A,https://patents.google.com/patent/KR20090071546A/en,https://patentimages.storage.googleapis.com/84/66/2a/1bab675d0fb715/KR20090071546A.pdf,B-Threshold,General Threshold Processing,ALL,duty-free threshold,duty-free threshold,None (fallback)
patent/CN104904130A/en,"Systems and methods for programming, controlling and monitoring wireless …","The Dev may also allow users to program the cell phones of domestic helpers (i.e., cleaning staff) to have access only to certain restricted functions of the home security and surveillance system, such as: on certain days of the week and on certain Entry and exit of time. And this allows entry and …",Sol Minsoo Lee,索尔·明索·李,2015-09-09,2014-09-26,2013-10-04,,CN104904130A,https://patents.google.com/patent/CN104904130A/en,https://patentimages.storage.googleapis.com/49/75/26/a56e81759ea486/CN104904130A.pdf,B-Threshold,General Threshold Processing,ALL,duty-free threshold,duty-free threshold,None (fallback)
patent/US20240134828A1/en,Techniques for efficient encryption and decryption during file system cross- …,"When the actual or real first type of information arrives (or is downloaded) at the target FS later, this actual information can be consolidated with the dummy entry with the first type of information. In some embodiments, an atomic process may be performed to create the dummy iNode entry in the B- …",Oracle International Corporation,Satish Kumar Kashi Visvanathan,2024-04-25,2023-12-11,2022-06-16,,US20240134828A1,https://patents.google.com/patent/US20240134828A1/en,https://patentimages.storage.googleapis.com/1f/e8/ce/5451b241362b02/US20240134828A1.pdf,B-Threshold,General Threshold Processing,ALL,duty-free threshold,duty-free threshold,None (fallback)
patent/US20240094937A1/en,Concurrent and non-blocking object deletion for cross-region replications,"A “manifest,” in certain embodiments, may refer to information communicated by a file system in a source region (referred to herein as source file system) to a file system in a target region (referred to herein as target file system) for facilitating a cross-region replication process. There are …",Oracle International Corporation,Satish Kumar Kashi Visvanathan,2024-03-21,2023-11-28,2022-06-16,,US20240094937A1,https://patents.google.com/patent/US20240094937A1/en,https://patentimages.storage.googleapis.com/6d/9a/4f/cabfc24aeca73f/US20240094937A1.pdf,B-Threshold,General Threshold Processing,ALL,duty-free threshold,duty-free threshold,None (fallback)
patent/WO2008039741A2/en,System and method for project process and workflow optimization,"[0093] As used herein the term ""'data "" or any contextual variant thereof, is generally intended to describe any quanta or type of information that may be suitably adapted for entry into the system [0094] As used herein the term ""standard"" or any contextual variant thereof, is generally intended …","Mark Business Intelligence Systems, Llc.",John Banas,2008-04-03,2007-09-25,2006-09-25,,WO2008039741A2,https://patents.google.com/patent/WO2008039741A2/en,https://patentimages.storage.googleapis.com/cb/67/f0/694d86ced9a15c/WO2008039741A2.pdf,B-Threshold,General Threshold Processing,ALL,duty-free threshold,duty-free threshold,None (fallback)
patent/TW201712342A/en,Extracting inertial information from nonlinear periodic signals,"Systems and methods are described herein for extracting inertial information from nonlinear periodic signals. A system can include circuitry configured for receiving a first periodic analog signal from a first sensor that is responsive to motion of a proof mass, converting the first periodic …",路梅戴尼科技公司,理查 華特斯,2017-04-01,2016-05-20,2015-05-20,,TW201712342A,https://patents.google.com/patent/TW201712342A/en,https://patentimages.storage.googleapis.com/fd/0c/dc/c57baca32ca2d8/TW201712342A.pdf,B-Threshold,General Threshold Processing,ALL,duty-free threshold,duty-free threshold,None (fallback)
patent/DE102022101324A1/en,STATIC DATA CENTER BALANCING AND CONFIGURATION,"A system for selecting graphics processing units (GPUs) to perform a task is disclosed. In at least one embodiment, GPUs are selected based on one or more task parameters and one or more fused parameters.",Nvidia Corporation,Benjamin D. Faulkner,2022-07-28,2022-01-20,2021-01-22,,DE102022101324A1,https://patents.google.com/patent/DE102022101324A1/en,https://patentimages.storage.googleapis.com/4b/97/f3/d3ce29858fd298/DE102022101324A1.pdf,B-Threshold,General Threshold Processing,ALL,duty-free threshold,duty-free threshold,None (fallback)
patent/CN108027867A/en,"Calculate efficient transfer accounts processing, audit and searcher, method …",For being hashed using bloom filters to destination-address to generate the device of destination wallet address；And For be inserted into using source wallet address as the first row and column entry represent the multinomial transaction stored apart from square The device of battle array； For be …,Fmr Llc,X·盛,2018-05-11,2016-07-13,2015-07-14,,CN108027867A,https://patents.google.com/patent/CN108027867A/en,https://patentimages.storage.googleapis.com/bb/bf/b1/d038430b1cf94b/CN108027867A.pdf,B-Threshold,General Threshold Processing,ALL,duty-free threshold,duty-free threshold,None (fallback)
patent/CN105580479A/en,Carrier sense adaptive transmission (CSAT) in unlicensed spectrum,Systems and methods for Carrier Sense Adaptive Transmission (CSAT) and related operations in unlicensed spectrum are disclosed to reduce interference between co-existing Radio Access Technologies (RATs). The parameters for a given CSAT communication scheme may be adapted dynamically based on …,Qualcomm Incorporated,A·K·萨德克,2016-05-11,2014-09-16,2013-09-24,,CN105580479A,https://patents.google.com/patent/CN105580479A/en,https://patentimages.storage.googleapis.com/13/5b/72/ed81640f8d2650/CN105580479A.pdf,B-Threshold,General Threshold Processing,ALL,duty-free threshold,duty-free threshold,None (fallback)
patent/WO2011009454A2/en,"Axial-piston motor, method for operating an axial piston motor, and method for …","The aim of the invention is to improve the efficiency of an axial-piston motor. To this end, the axial-piston motor comprises at least one compressor cylinder, at least one working cylinder and at least one pressure line guiding the compressed fuel from the compressor cylinder to the working …",GETAS GESELLSCHAFT FüR THERMODYNAMISCHE ANTRIEBSSYSTEME MBH,Ulrich Rohs,2011-01-27,2010-07-26,2009-07-24,,WO2011009454A2,https://patents.google.com/patent/WO2011009454A2/en,https://patentimages.storage.googleapis.com/c3/7d/50/017e9ff2db2e6e/WO2011009454A2.pdf,B-Threshold,General Threshold Processing,ALL,duty-free threshold,duty-free threshold,None (fallback)
patent/US12437371B2/en,Illumination resampling using temporal gradients in light transport simulation …,"Systems and methods described relate to the generation of image content. In order to provide for smoothing between sequential images, but avoid introducing lag into lighting effects, light information can be compared for regions between consecutive rendered frames. Shading can be performed and the …",Nvidia Corporation,Alexey Panteleev,2025-10-07,2022-10-27,2021-10-29,2025-10-07,US12437371B2,https://patents.google.com/patent/US12437371B2/en,,B-Threshold,General Threshold Processing,ALL,duty-free threshold,duty-free threshold,None (fallback)
patent/CN108289721A/en,It is deteriorated based on part evaluation monitoring device,"The invention discloses a kind of surgical instruments.The surgical instruments includes the first jaw and the second jaw, wherein at least one of first jaw member and second jaw member can be moved relative to the other of first jaw member and second jaw member in open configuration and close …",Ethicon Llc,D·L·巴伯,2018-07-17,2015-08-31,2014-09-05,,CN108289721A,https://patents.google.com/patent/CN108289721A/en,https://patentimages.storage.googleapis.com/9a/69/93/0bc55b614ac4df/CN108289721A.pdf,B-Threshold,General Threshold Processing,ALL,duty-free threshold,duty-free threshold,None (fallback)
patent/CN108289666A/en,One of sensor influences multiple sensors of output or the interpretation of …,"The invention discloses a kind of end effectors.The end effector includes the first jaw member for limiting anvil block；It is configured to receive second jaw member in storehouse in the second jaw member, wherein first jaw member can be moved relative to second jaw member；It is connected to the …",Ethicon Llc,D·L·巴伯,2018-07-17,2015-08-31,2014-09-05,,CN108289666A,https://patents.google.com/patent/CN108289666A/en,https://patentimages.storage.googleapis.com/32/7a/27/a10d0a556f31cd/CN108289666A.pdf,B-Threshold,General Threshold Processing,ALL,duty-free threshold,duty-free threshold,None (fallback)
patent/EP3996107A1/en,Methods and systems for predicting a diagnosis of musculoskeletal pathologies,"Disclosed herein is a clinical decision support system (200) for predicting a diagnosis of musculoskeletal pathologies, in accordance with some embodiments. Accordingly, the clinical decision support system may include a communication device (202), a processing device (204), and a storage device ( …",Sinju Thomas,Sinju Thomas,2022-05-11,2021-10-28,2020-11-09,,EP3996107A1,https://patents.google.com/patent/EP3996107A1/en,https://patentimages.storage.googleapis.com/58/ae/59/4092f17bc27bb7/EP3996107A1.pdf,B-Threshold,General Threshold Processing,ALL,duty-free threshold,duty-free threshold,None (fallback)
patent/WO2018013188A1/en,Compression device,"A wearable massage and/or compression device for applying controllable scrolling or intermittent sequential forces, such as compression forces, to the body and limbs of a user comprises one or more shape-memory wires integrated into an article of clothing and configured to apply a compression …","Recovery Force, LLC",Matthew W. WYATT,2018-01-18,2017-04-05,2016-07-11,,WO2018013188A1,https://patents.google.com/patent/WO2018013188A1/en,https://patentimages.storage.googleapis.com/9f/93/84/8a3667e352b8d7/WO2018013188A1.pdf,B-Threshold,General Threshold Processing,ALL,duty-free threshold,duty-free threshold,None (fallback)
patent/CA2787178A1/en,Method and system for shape-memory alloy wire control,The present application defines a method and corresponding device for controlling an infusion pump using a shape -memory allow wire actuator. The method includes determining an ontime for the shape -memory allow wire based on a target volume to be pumped by a pump plunger and the temperature of …,Deka Products Limited Partnership,Colin H. Murphy,2011-07-28,2011-01-21,2010-01-22,,CA2787178A1,https://patents.google.com/patent/CA2787178A1/en,https://patentimages.storage.googleapis.com/03/fd/47/51ed295f3fc71d/CA2787178A1.pdf,B-Threshold,General Threshold Processing,ALL,duty-free threshold,duty-free threshold,None (fallback)
patent/US10776529B2/en,Method and apparatus for enhanced automated wireless orienteering,"Methods and apparatus for Orienteering using a wireless communication between transceivers. A smart device is operative to generate a vector based upon the wireless communications. A query may be made based upon the vector. A response to the query may include a direction of travel, a virtual image …","Middle Chart, LLC",Jason E. Duff,2020-09-15,2019-07-05,2017-02-22,2020-09-15,US10776529B2,https://patents.google.com/patent/US10776529B2/en,https://patentimages.storage.googleapis.com/7f/8b/92/0f115ce42ab9c5/US10776529.pdf,B-Threshold,General Threshold Processing,ALL,duty-free threshold,duty-free threshold,None (fallback)
patent/WO2008144577A1/en,Fluid mixing systems and methods,"A fluid mixing device (4100) is described that is suitable for use in an analyte detection system. For example, intersecting fluid passageways (4101, 4102, 4103, 4104) having flow cross-sections are described. One or more of the fluid passageways (4101, 4102, 4103, 4104) can have one or more fluid …",Optiscan Biomedical Corporation,Jeffrey T. Chiou,2008-11-27,2008-05-16,2007-05-18,,WO2008144577A1,https://patents.google.com/patent/WO2008144577A1/en,https://patentimages.storage.googleapis.com/3c/b6/53/dc947c44e50abf/WO2008144577A1.pdf,B-Threshold,General Threshold Processing,ALL,duty-free threshold,duty-free threshold,None (fallback)
patent/DE102021131090A1/en,INTELLIGENT AND REDUNDANT AIR-COOLED COOLING CIRCUIT FOR DATA CENTER COOLING …,"Systems and methods for cooling a data center are disclosed. In at least one embodiment, an alternate cooling loop, with its own fluid source and liquid-to-air heat exchanger, is used to provide cooling for the at least one computing component as an alternative to a secondary cooling loop …",Nvidia Corporation,Ali Heydari,2022-06-02,2021-11-26,2020-11-30,,DE102021131090A1,https://patents.google.com/patent/DE102021131090A1/en,https://patentimages.storage.googleapis.com/71/4a/14/814e46c23270ef/DE102021131090A1.pdf,B-Threshold,General Threshold Processing,ALL,duty-free threshold,duty-free threshold,None (fallback)
patent/US11991865B2/en,Datacenter cooling fluid quality analysis and mitigation,"2 B . In at least one embodiment, assembly 202 is arranged at a row outlet 216 to receive and treat coolant prior to entry into row 214 , such that each rack in row 214 receives similarly treated coolant. In at least one embodiment, assembly 202 includes one or more components, such as filters, …",Nvidia Corporation,Ali Heydari,2024-05-21,2020-10-08,2020-10-08,2024-05-21,US11991865B2,https://patents.google.com/patent/US11991865B2/en,https://patentimages.storage.googleapis.com/3c/42/78/8405b7ffbdb11e/US11991865.pdf,B-Threshold,General Threshold Processing,ALL,duty-free threshold,duty-free threshold,None (fallback)
patent/CN106228357A/en,For the method and apparatus providing location-based content to transmit,"A kind of equipment for providing location-based content to transmit includes: be positioned at the server of primary importance；Hand-hold electronic equipments, for communicating with server via wireless network, in order to receives the data about multiple service requests and sends the data …",塞弗莱特集团公司,R·加尼,2016-12-14,2007-01-19,2006-01-19,,CN106228357A,https://patents.google.com/patent/CN106228357A/en,https://patentimages.storage.googleapis.com/06/5e/36/770208fbbce2b3/CN106228357A.pdf,B-Threshold,General Threshold Processing,ALL,duty-free threshold,duty-free threshold,None (fallback)
patent/DE102022119581A1/en,MOTION DATA FOR FAILURE DETECTION,"Configurations for monitoring data center components are disclosed. In at least one embodiment, movement of a server component is determined based on sensor data and the movement is used to diagnose a root cause of a server component failure.",Nvidia Corporation,William Andrew Mecham,2023-02-09,2022-08-04,2021-08-09,,DE102022119581A1,https://patents.google.com/patent/DE102022119581A1/en,https://patentimages.storage.googleapis.com/ae/5b/09/b84e7cfcadcad5/DE102022119581A1.pdf,B-Threshold,General Threshold Processing,ALL,duty-free threshold,duty-free threshold,None (fallback)
patent/GB2603606A/en,Intelligent and redundant liquid-cooled cooling loop for datacenter cooling …,"29. The method of claim 28, further comprising: preventing, by the at least one second flow controller, secondary coolant from reaching the cold plate when an egress temperature of the secondary coolant is within a threshold of an entry temperature of the secondary coolant, the entry temperature …",Nvidia Corporation,Heydari Ali,2022-08-10,2021-11-30,2020-11-30,,GB2603606A,https://patents.google.com/patent/GB2603606A/en,https://patentimages.storage.googleapis.com/0d/f8/41/394b0ac5db4c41/GB2603606A.pdf,B-Threshold,General Threshold Processing,ALL,duty-free threshold,duty-free threshold,None (fallback)
patent/US20090070180A1/en,Variant rating plans for virtual world environment,"” Notwithstanding the foregoing, applicant entity understands that the USPTO's computer programs have certain data entry requirements, and hence applicant entity is designating the present application as a continuation in part of its parent applications, but expressly points out that such …",Searete Llc A Limited Liability Corporation Of The State Of Delaware,Edward K.Y. Jung,2009-03-12,2008-08-29,2005-02-04,,US20090070180A1,https://patents.google.com/patent/US20090070180A1/en,https://patentimages.storage.googleapis.com/cc/39/85/eaa8e4721e0bc5/US20090070180A1.pdf,B-Threshold,General Threshold Processing,ALL,duty-free threshold,duty-free threshold,None (fallback)
patent/GB2603290A/en,Intelligent swappable modular unit for local cooling loops in a datacenter …,"A swappable or hot-swappable modular unit 340 for cooling a datacentre, having a liquid-to-air heat exchanger 344, a variable speed fan 342, and at least one flow controller 356A, 356B to pass fluid through microchannels 264, 270 of a cold plate 326. The fluid extracts heat from at least one …",Nvidia Corporation,Heydari Ali,2022-08-03,2021-12-22,2020-12-30,,GB2603290A,https://patents.google.com/patent/GB2603290A/en,https://patentimages.storage.googleapis.com/02/c4/cd/970b977c03b369/GB2603290A.pdf,B-Threshold,General Threshold Processing,ALL,duty-free threshold,duty-free threshold,None (fallback)
patent/US20080228607A1/en,Resolution of virtual world revocable transfers,"Notwithstanding the foregoing, applicant entity understands that the USPTO's computer programs have certain data entry requirements, and hence applicant entity is designating the present application as a continuation in part of its parent applications, but expressly points out that such …",Jung Edward K Y,Edward K.Y. Jung,2008-09-18,2007-12-20,2005-02-04,,US20080228607A1,https://patents.google.com/patent/US20080228607A1/en,https://patentimages.storage.googleapis.com/57/c3/ce/94ffec0500cf61/US20080228607A1.pdf,B-Threshold,General Threshold Processing,ALL,duty-free threshold,duty-free threshold,None (fallback)
patent/DE102021127802A1/en,COOLANT HEAT BUFFER FOR DATA CENTER COOLING SYSTEMS,"Cooling system for a data center claim 1 , further comprising: at least one processor associated with the thermal buffer to enable entry of the coolant from the CDUs and enable distribution of the coolant based in part on a determined temperature associated with thermal stability for the coolant. …",Nvidia Corporation,Ali Heydari,2022-05-05,2021-10-26,2020-10-29,,DE102021127802A1,https://patents.google.com/patent/DE102021127802A1/en,https://patentimages.storage.googleapis.com/b6/a6/5d/45b306672a1c81/DE102021127802A1.pdf,B-Threshold,General Threshold Processing,ALL,duty-free threshold,duty-free threshold,None (fallback)
patent/DE102021124642A1/en,HEAT RECOVERY FOR COOLING SYSTEMS IN A DATA CENTER,"A heat recovery system according to any one of the preceding claims, further comprising: an entry path from the fluid heat recovery system to the at least one computing component or to a refrigeration distribution unit (CDU), the CDU enabling exchange of residual heat in the fluid with a primary …",Nvidia Corporation,Ali Heydari,2022-03-31,2021-09-23,2020-09-25,,DE102021124642A1,https://patents.google.com/patent/DE102021124642A1/en,https://patentimages.storage.googleapis.com/0a/0e/b5/ce278156257b1b/DE102021124642A1.pdf,B-Threshold,General Threshold Processing,ALL,duty-free threshold,duty-free threshold,None (fallback)
patent/US20090043683A1/en,Virtual world reversion rights,"” Notwithstanding the foregoing, applicant entity understands that the USPTO's computer programs have certain data entry requirements, and hence applicant entity is designating the present application as a continuation in part of its parent applications, but expressly points out that such …","Searete Llc, A Limited Liability Corporation Of The State Of Delaware",Edward K.Y. Jung,2009-02-12,2008-07-31,2005-02-04,,US20090043683A1,https://patents.google.com/patent/US20090043683A1/en,https://patentimages.storage.googleapis.com/8f/ed/ab/c5b0d795e9589b/US20090043683A1.pdf,B-Threshold,General Threshold Processing,ALL,duty-free threshold,duty-free threshold,None (fallback)
patent/DE112022000451T5/en,INTELLIGENT THERMOSYPHON SYSTEM FOR DATA CENTER COOLING SYSTEMS,"… such as a pump or valve may be used to provide further assistance during such horizontal flow of a two-phase fluid. In at least one embodiment, higher temperatures of a two-phase fluid exiting a cooling plate reduce its density and make it more buoyant than an entry side of a cooling plate.",Nvidia Corporation,Ali Heydari,2023-10-05,2022-04-13,2021-04-23,,DE112022000451T5,https://patents.google.com/patent/DE112022000451T5/en,https://patentimages.storage.googleapis.com/41/94/9a/42b6f02f4ea277/DE112022000451T5.pdf,B-Threshold,General Threshold Processing,ALL,duty-free threshold,duty-free threshold,None (fallback)
patent/CN109691044A/en,Generate a unique electronic communication account based on physical address,It generates unique electronic communication account and is linked to the physical address of user.The e-mail address network for being linked to physical address can be used for electronics or physical form transmission information.User can send information to single recipient or multiple …,阿尔法贝特通信有限公司,莎芬·瓦拉,2019-04-26,2017-05-24,2016-05-25,,CN109691044A,https://patents.google.com/patent/CN109691044A/en,https://patentimages.storage.googleapis.com/d2/30/05/daf4806ad02ac9/CN109691044A.pdf,B-Threshold,General Threshold Processing,ALL,duty-free threshold,duty-free threshold,None (fallback)
patent/DE112021005444T5/en,INTELLIGENT POWER AND COOLANT DISTRIBUTION UNIT FOR COOLING SYSTEMS IN DATA …,"In at least one embodiment, an electronic feature of one flow controller may control a particular mechanical feature of another flow controller by communicating instructions that it receives. In at least one embodiment, the ports are designed to allow either entry or exit of the coolant or fluid.",Nvidia Corporation,Ali Heydari,2023-09-14,2021-10-12,2020-10-13,,DE112021005444T5,https://patents.google.com/patent/DE112021005444T5/en,https://patentimages.storage.googleapis.com/50/8d/88/be53323c304b67/DE112021005444T5.pdf,B-Threshold,General Threshold Processing,ALL,duty-free threshold,duty-free threshold,None (fallback)
patent/CN106455862A/en,"Systems, devices and methods for automated sample thawing","The present invention generally relates to thawing cryogenically frozen samples. The systems, devices, and methods may be used to heat a sample holder configured to receive a sample container containing a frozen sample. The sample thaw start time may be identified by measuring the temperature of …",比奥新有限公司,布莱恩·施莱佛,2017-02-22,2015-05-14,2014-05-16,,CN106455862A,https://patents.google.com/patent/CN106455862A/en,https://patentimages.storage.googleapis.com/b5/df/54/8307ba317a2d18/CN106455862A.pdf,B-Threshold,General Threshold Processing,ALL,duty-free threshold,duty-free threshold,None (fallback)
patent/US20180193848A1/en,Electrostatic enhancement of inlet particle separators for engines,"… Thomas, U.S. Pat. No. 7,879,123; and barrier filters, e.g., Izzi, et al., U.S. Pat. No. 4,527,387, and Klassen et al., U.S. Pat. No. 4,685,942, to limit entry of sand and dust particles. These and related inertial particle separation designs are incorporated into the present invention by reference.","Lynntech, Inc.",Sanil John,2018-07-12,2018-01-09,2017-01-09,,US20180193848A1,https://patents.google.com/patent/US20180193848A1/en,https://patentimages.storage.googleapis.com/a6/da/31/d0c92b45aad5eb/US20180193848A1.pdf,B-Threshold,General Threshold Processing,ALL,duty-free threshold,duty-free threshold,None (fallback)
patent/US20200395103A1/en,Methods of performing clinical trials,"In some embodiments, intellectual property can comprise rights in a patent or a patent application. In some embodiments, the database may not be subject to regulatory clearance, licensing, or approval by a regulatory agency. In some embodiments, the regulatory agency can be the US Federal Drug …","Klaritos, Inc.",Vijay Ramakrishnan,2020-12-17,2019-02-20,2018-02-21,,US20200395103A1,https://patents.google.com/patent/US20200395103A1/en,https://patentimages.storage.googleapis.com/85/fe/52/3f48dc2296bf9e/US20200395103A1.pdf,B-Threshold,General Threshold Processing,ALL,duty-free threshold,duty-free threshold,None (fallback)
patent/US20240284640A1/en,Energy efficient liquid-cooled datacenters,"Systems and methods for operating a datacenter are disclosed. In at least one embodiment, method for operating a datacenter includes receiving a source of gas to a fuel cell to produce electrical power. The method further includes providing the electrical power to one or more electronic components …",Nvidia Corporation,Ali Heydari,2024-08-22,2024-04-29,2021-04-22,,US20240284640A1,https://patents.google.com/patent/US20240284640A1/en,https://patentimages.storage.googleapis.com/10/05/37/c90599beb9a71c/US20240284640A1.pdf,B-Threshold,General Threshold Processing,ALL,duty-free threshold,duty-free threshold,None (fallback)
patent/US20120142428A1/en,"Systems and methods for online, real-time, social gaming","for each participant whose participant location information satisfies the location information defining the particular geographic location associated with the particular online game, associating the participant information for each respective participant with the entry in the OGS database for the …","Taktak Labs, Llc",Chris L. Wilson,2012-06-07,2011-12-01,2010-12-01,,US20120142428A1,https://patents.google.com/patent/US20120142428A1/en,https://patentimages.storage.googleapis.com/bc/a4/4d/648bf69ba685c8/US20120142428A1.pdf,B-Threshold,General Threshold Processing,ALL,duty-free threshold,duty-free threshold,None (fallback)
patent/DE102021123338A1/en,PREDICTIVE CONTROL USING ONE OR MORE NEURAL NETWORKS,"Systems and methods for cooling a computing environment are disclosed. In at least one embodiment, one or more neural networks may be used to determine one or more temperature control settings associated with one or more servers.",Nvidia Corporation,Ali Heydari,2022-03-17,2021-09-09,2020-09-17,,DE102021123338A1,https://patents.google.com/patent/DE102021123338A1/en,https://patentimages.storage.googleapis.com/9a/ca/c3/ea9c22abb25c7e/DE102021123338A1.pdf,B-Threshold,General Threshold Processing,ALL,duty-free threshold,duty-free threshold,None (fallback)
patent/MX2014013963A/en,Negative pressure wound therapy apparatus.,"Some embodiments disclosed herein are directed to a pump assembly comprising a voice coil, a magnet and a diaphragm, wherein the voice coil is configured to move the diaphragm to pump a fluid through the pump assembly in response to a drive signal applied to the voice coil. Some embodiments …",Smith & Nephew,Gary Stacey,2015-06-22,2013-05-15,2012-05-15,,MX2014013963A,https://patents.google.com/patent/MX2014013963A/en,,B-Threshold,General Threshold Processing,ALL,duty-free threshold,duty-free threshold,None (fallback)
patent/US20250174351A1/en,Senior living engagement and care support platforms with chatbot and list …,"Provided herein is an engagement and care support platform (“ECSP”) computer system including at least one processor in communication with at least one memory device for facilitating senior user engagement. The processor is programmed to: (i) register a user through an application, (ii) register a …",State Farm Mutual Automobile Insurance Company,Michael Dibenedetto,2025-05-29,2025-01-29,2021-01-29,,US20250174351A1,https://patents.google.com/patent/US20250174351A1/en,https://patentimages.storage.googleapis.com/5c/31/d0/713d9433f69430/US20250174351A1.pdf,B-Threshold,General Threshold Processing,ALL,duty-free threshold,duty-free threshold,None (fallback)
patent/EP3073421A1/en,Techniques for automated determination of form responses,"Techniques for automated determination of form responses are described. In one embodiment, a commerce intermediary server may be operative to receive a messaging package from a messaging endpoint at a messaging service; perform a natural language processing of the messaging package to determine a …","Facebook, Inc.",Eyal Michael Sharon,2016-09-28,2016-01-21,2015-03-25,,EP3073421A1,https://patents.google.com/patent/EP3073421A1/en,https://patentimages.storage.googleapis.com/c1/d1/a0/716ab0688af27e/EP3073421A1.pdf,B-Threshold,General Threshold Processing,ALL,duty-free threshold,duty-free threshold,None (fallback)
patent/WO2022225787A1/en,Intelligent in-rack pump or compressor unit for datacenter cooling systems,"[0061] In at least one embodiment, a two-phase fluid is in a liquid phase when existing a pump or compressor unit and prior to entry to a cold plate. In at least one embodiment, a two-phase fluid transforms to vapor phase in a low pressure environment and is able to absorb heat, within an …",Nvidia Corporation,Ali Heydari,2022-10-27,2022-04-14,2021-04-23,,WO2022225787A1,https://patents.google.com/patent/WO2022225787A1/en,https://patentimages.storage.googleapis.com/b9/2c/7e/33fdbd20242264/WO2022225787A1.pdf,B-Threshold,General Threshold Processing,ALL,duty-free threshold,duty-free threshold,None (fallback)
patent/DE102022111848A1/en,INTELLIGENT REFRIGERANT DISTRIBUTION UNIT FOR DATA CENTER COOLING SYSTEMS,"Systems and methods for cooling a data center are disclosed. In at least one embodiment, a refrigerant distribution unit (RDU) distributes a first refrigerant from a refrigerant reservoir to one or more cold plates to extract heat from at least one computing device, and also interfaces a first …",Nvidia Corporation,Ali Heydari,2022-11-17,2022-05-11,2021-05-12,,DE102022111848A1,https://patents.google.com/patent/DE102022111848A1/en,https://patentimages.storage.googleapis.com/28/5b/96/d3c2394685bb26/DE102022111848A1.pdf,B-Threshold,General Threshold Processing,ALL,duty-free threshold,duty-free threshold,None (fallback)
patent/RU2747824C2/en,Systems and methods of developing and optimizing applications for managing …,"FIELD: process control.SUBSTANCE: invention relates to process control. In the optimization method of the integrated management system of intellectual assets, performed by the system controller, access to the grouping of intellectual assets is provided, multi-faceted dynamic constraints of the …",Schneider Electric Systems Usa Inc.,Питер Г. МАРТИН,2021-05-14,2016-10-12,2015-10-13,2021-05-14,RU2747824C2,https://patents.google.com/patent/RU2747824C2/en,https://patentimages.storage.googleapis.com/92/22/9f/508a9c2c92901b/RU2747824C2.pdf,B-Threshold,General Threshold Processing,ALL,customs threshold automation,customs threshold automation,None (fallback)
patent/JP7483703B2/en,A Mesh-Based Event Broker for Distributed Computing,"1. A method for brokering events for event-driven application components in a distributed computing environment using a mesh broker, comprising: instantiating the mesh broker as a plurality of mesh agents supporting extended event notification within the distributed computing environment; …",バンティック インコーポレイテッド,バターワース、ポール,2024-05-15,2019-11-12,2018-11-13,2024-05-15,JP7483703B2,https://patents.google.com/patent/JP7483703B2/en,https://patentimages.storage.googleapis.com/fe/d8/7a/c0dff065a65e35/JP7483703B2.pdf,B-Threshold,General Threshold Processing,ALL,customs threshold automation,customs threshold automation,None (fallback)
patent/US11216491B2/en,Field extraction rules from clustered data samples,The operation of an automatic data input and query system is controlled by well-defined control data. Certain control data may relate to data schemas and direct operations performed by the system to extract fields from machine data. Automatic methods may determine proper field extraction control …,Splunk Inc.,Li Li,2022-01-04,2016-04-30,2016-03-31,2022-01-04,US11216491B2,https://patents.google.com/patent/US11216491B2/en,https://patentimages.storage.googleapis.com/ef/74/37/1b400af22fa7c8/US11216491.pdf,B-Threshold,General Threshold Processing,ALL,customs threshold automation,customs threshold automation,None (fallback)
patent/US20220121410A1/en,Technology add-on interface,The operation of an automatic data input and query system is controlled by well-defined control data. The system exposes user interfaces enabling an administrator to interact with control data to modify the ongoing operation of the system. Certain control data determines the collection and …,Splunk Inc.,Li Li,2022-04-21,2021-12-29,2016-03-31,,US20220121410A1,https://patents.google.com/patent/US20220121410A1/en,https://patentimages.storage.googleapis.com/60/b3/24/5392cf522ca7dd/US20220121410A1.pdf,B-Threshold,General Threshold Processing,ALL,customs threshold automation,customs threshold automation,None (fallback)
patent/US10977097B2/en,Notifying entities of relevant events,"The present invention extends to systems and methods for notifying entities of relevant events. A boundary geometry, a user event truthfulness preference, a first event type, a second event type, and an area are combined into a rule formula. The first event type and a first event truthfulness …","Banjo, Inc.",Damien Patton,2021-04-13,2020-05-11,2018-04-13,2021-04-13,US10977097B2,https://patents.google.com/patent/US10977097B2/en,https://patentimages.storage.googleapis.com/20/4e/5e/6b386631484e30/US10977097.pdf,B-Threshold,General Threshold Processing,ALL,customs threshold automation,customs threshold automation,None (fallback)
patent/JP7437575B2/en,Bed with physiological event sensing features,"A bed system, The first bed, A second bed, Equipped with The first bed is a first mattress; a first pressure sensor in communication with the first mattress to sense pressure applied to the first mattress; a first acoustic sensor positioned to sense sound from a user on the first mattress; a first …",Sleep Number Corporation,オミード サヤディ,2024-02-26,2018-12-27,2018-01-05,2024-02-26,JP7437575B2,https://patents.google.com/patent/JP7437575B2/en,https://patentimages.storage.googleapis.com/ab/01/06/496b4b9277cca1/JP7437575B2.pdf,B-Threshold,General Threshold Processing,ALL,customs threshold automation,customs threshold automation,None (fallback)
patent/US20200311956A1/en,Automated Manipulation Of Transparent Vessels,"performing object recognition on the one or more images to determine an object class; retrieve size data for the object from a database entry corresponding to the object class; in response to determining that the selected category is in the first subset of categories, determining, by the computer …","Dishcraft Robotics, Inc.",Kerkil Choi,2020-10-01,2019-03-25,2019-03-25,,US20200311956A1,https://patents.google.com/patent/US20200311956A1/en,https://patentimages.storage.googleapis.com/b5/ea/f4/593ecee80e4fb3/US20200311956A1.pdf,B-Threshold,General Threshold Processing,ALL,customs threshold automation,customs threshold automation,None (fallback)
patent/US11925150B2/en,Grow system,"… the produce we grow?” Traditional methods of tracking labor/materials often rely on immediate data entry that is challenging for farmers that are out in the field, wearing gloves, around lots of water, and unable to regularly interact with electronic devices like phones or computers while working.",Hippo Harvest Inc.,Eitan Marder-Eppstein,2024-03-12,2022-10-04,2020-02-20,2024-03-12,US11925150B2,https://patents.google.com/patent/US11925150B2/en,https://patentimages.storage.googleapis.com/a5/88/bc/2c11fea278fc1d/US11925150.pdf,B-Threshold,General Threshold Processing,ALL,customs threshold automation,customs threshold automation,None (fallback)
patent/US10272014B2/en,"Systems and methods for providing network connectivity and remote monitoring, …","Systems and methods for providing network connectivity and remote monitoring, optimization, and control of pool/spa equipment are provided. “Internet-of-Things” (IoT) functionality is provided for pool and spa equipment in a flexible and cost-effective manner. Network connectivity and remote …","Hayward Industries, Inc.",Kevin Potucek,2019-04-30,2017-01-23,2016-01-22,2019-04-30,US10272014B2,https://patents.google.com/patent/US10272014B2/en,https://patentimages.storage.googleapis.com/2e/b8/d6/0a734e0338422b/US10272014.pdf,B-Threshold,General Threshold Processing,ALL,customs threshold automation,customs threshold automation,None (fallback)
patent/US10878373B2/en,Flame retardant storage cabinet with inventory control,"… is not limited to, a portion of biometric data, a code, a number, a letter, a barcode, a proximity sensor via wireless data transfer (e.g., Radio Frequency Identification (RFID), Near Field Communication (NFC), wireless communication via a transmitter and a receiver, among others), a keypad entry, …","3 Strike, Llc",Leonard M. Bashkin,2020-12-29,2018-10-22,2017-10-20,2020-12-29,US10878373B2,https://patents.google.com/patent/US10878373B2/en,https://patentimages.storage.googleapis.com/9c/be/3d/5a7ca50eb39bd9/US10878373.pdf,B-Threshold,General Threshold Processing,ALL,customs threshold automation,customs threshold automation,None (fallback)
patent/US11838330B2/en,Selective information extraction from network traffic traces both encrypted and …,"A system and method are described for information extraction from network traffic traces that are both encrypted and non-encrypted. The system includes a client computer and a remote computer, where the client computer communicates data over a network. The client computer sets a session key log …",King Fahd University Of Petroleum And Minerals,Ahmad AMRO,2023-12-05,2018-05-16,2017-12-20,2023-12-05,US11838330B2,https://patents.google.com/patent/US11838330B2/en,https://patentimages.storage.googleapis.com/94/cc/c0/0d41a9cb2ad785/US11838330.pdf,B-Threshold,General Threshold Processing,ALL,customs threshold automation,customs threshold automation,None (fallback)
patent/US20200361083A1/en,Grasp generation using a variational autoencoder,"In at least one embodiment, a system determines a set of possible grasp poses that allow a robot to successfully grasp an object by generating a set of potential grasp poses, and then evaluating the performance of each potential grasp pose. In at least one embodiment, the system performs a …",Nvidia Corporation,Arsalan Mousavian,2020-11-19,2020-03-04,2019-05-15,,US20200361083A1,https://patents.google.com/patent/US20200361083A1/en,https://patentimages.storage.googleapis.com/c7/00/e4/87d01087ccd007/US20200361083A1.pdf,B-Threshold,General Threshold Processing,ALL,customs threshold automation,customs threshold automation,None (fallback)
patent/TWI763710B/en,Nuts: encrypted userdata transit and storage,"A method of processing data includes at least one processor accessing a data storage unit, the data storage unit providing at least one input data object and at least one transmutation command to be performed on the at least one input data object. The at least one transmutation command operates in …",Nuts Holdings Llc,魚允浩,2022-05-11,2017-09-14,2016-09-15,2022-05-11,TWI763710B,https://patents.google.com/patent/TWI763710B/en,,B-Threshold,General Threshold Processing,ALL,customs threshold automation,customs threshold automation,None (fallback)
patent/US10327583B2/en,Automatic food preparation apparatus,"In an embodiment, an automatic food preparation and serving method comprises: releasing, from one or more magazines in a storage apparatus, a plurality of food canisters, each loaded with a different ingredient of a human consumable dish or meal, onto a canister transportation mechanism under …","Keenwawa, Inc.",Adam HIATT,2019-06-25,2018-03-06,2017-03-06,2019-06-25,US10327583B2,https://patents.google.com/patent/US10327583B2/en,https://patentimages.storage.googleapis.com/e9/87/94/56d0d095b5a35e/US10327583.pdf,B-Threshold,General Threshold Processing,ALL,customs threshold automation,customs threshold automation,None (fallback)
patent/US8990392B1/en,Assessing a computing resource for compliance with a computing resource policy …,"A determination is made, based at least in part on a computing resource policy regime specification associated with a computing resource, that an assessment of the computing resource should be initiated. The assessment is associated with a plurality of tests. A pre-scan associated with the …",NCC Group Inc.,Alexander Charles Stamos,2015-03-24,2014-05-09,2012-04-11,2015-03-24,US8990392B1,https://patents.google.com/patent/US8990392B1/en,https://patentimages.storage.googleapis.com/2a/51/71/4c90d136b392fa/US8990392.pdf,B-Threshold,General Threshold Processing,ALL,customs threshold automation,customs threshold automation,None (fallback)
patent/JP2025141973A/en,Processing data to predict pipe breaks,"A system receives and automatically converts utility pipe attribute data and pipe damage data. [Solution] Missing and/or inaccurate entries in the pipe attribute and/or damage data are automatically identified, and accurate values for these entries are automatically imputed to generate an improved …",フラクタ,ダイチ ヨシカワ，,2025-09-29,2025-06-23,2018-03-28,,JP2025141973A,https://patents.google.com/patent/JP2025141973A/en,,B-Threshold,General Threshold Processing,ALL,customs threshold automation,customs threshold automation,None (fallback)
patent/CN106687952B/en,Technology for similarity analysis and data enrichment by using knowledge …,The present disclosure relates to utilizing knowledge sources to perform similarity metric analysis and data enrichment. The data enrichment service can compare the input data set with a reference data set stored in a knowledge source to identify approximately relevant data. A similarity measure …,Oracle International Corporation,A·S·斯托贾诺维克,2022-02-11,2015-09-25,2014-09-26,2022-02-11,CN106687952B,https://patents.google.com/patent/CN106687952B/en,https://patentimages.storage.googleapis.com/ef/fc/d2/c00855a896f93c/CN106687952B.pdf,B-Threshold,General Threshold Processing,ALL,customs threshold automation,customs threshold automation,None (fallback)
patent/US20220211387A1/en,Patient-specific surgical methods and instrumentation,A patient specific instrument is disclosed for correcting a condition present in a patient. The patient specific instrument includes a body that includes an inferior side having a bone engagement surface shaped to match a first surface of a first bone and a second surface of a second bone of a …,Inmotus Medical Llc,Adam D. Perler,2022-07-07,2022-02-25,2019-09-13,,US20220211387A1,https://patents.google.com/patent/US20220211387A1/en,https://patentimages.storage.googleapis.com/ee/b0/05/78d5c4e1258fb3/US20220211387A1.pdf,B-Threshold,General Threshold Processing,ALL,customs threshold automation,customs threshold automation,None (fallback)
patent/US20190394325A1/en,"Multi-level control, variable access, multi-user contextual intelligent …","… illustrates the communication flow in the system of the FIG. 25 example. FIG. 26 depicts a floor plan of a venue with hallways, individual rooms with separate entrances from the hallway, stairways and entry point such as a section of a hospital with three movable assets. FIG. 27 depicts the FIG. 26",Bernt Erik Bjontegard,Bernt Erik Bjontegard,2019-12-26,2019-08-29,2016-04-18,,US20190394325A1,https://patents.google.com/patent/US20190394325A1/en,https://patentimages.storage.googleapis.com/79/0c/40/b0ed7b2d0a9852/US20190394325A1.pdf,B-Threshold,General Threshold Processing,ALL,customs threshold automation,customs threshold automation,None (fallback)
patent/US10315067B2/en,Natural assist simulated gait adjustment therapy system,"… from a cage in front of the user to the seat via a step-over extension member, wherein the step-over extension member is disposed between an elevation below a top of the footrests to avoid encumbering the translation of the user's feet between footrests and the user's foot position prior to entry …",ALT Innovations LLC,Alan Tholkes,2019-06-11,2016-11-22,2013-12-13,2019-06-11,US10315067B2,https://patents.google.com/patent/US10315067B2/en,https://patentimages.storage.googleapis.com/6b/9e/30/2fcfcfabb9490c/US10315067.pdf,B-Threshold,General Threshold Processing,ALL,customs threshold automation,customs threshold automation,None (fallback)
patent/US9454785B1/en,"Systems and user interfaces for holistic, data-driven investigation of bad …","Embodiments of the present disclosure relate to a data analysis system that may automatically generate memory-efficient clustered data structures, automatically analyze those clustered data structures, automatically tag and group those clustered data structures, and provide results of the …",Palantir Technologies Inc.,Sean Hunter,2016-09-27,2015-09-17,2015-07-30,2016-09-27,US9454785B1,https://patents.google.com/patent/US9454785B1/en,https://patentimages.storage.googleapis.com/9f/ac/51/521d3a6c81305b/US9454785.pdf,B-Threshold,General Threshold Processing,ALL,customs threshold automation,customs threshold automation,None (fallback)
patent/EP3495943B1/en,Intelligent digital assistant in a multi-tasking environment,"A method for providing a digital assistant service, comprising: at a user device with one or more processors and memory: receiving (2006) a first speech input from a user; identifying (2008) context information associated with the user device; and determining (2010) a user intent based on the …",Apple Inc.,Aram D. KUDURSHIAN,2021-05-19,2016-11-01,2016-06-10,2021-05-19,EP3495943B1,https://patents.google.com/patent/EP3495943B1/en,https://patentimages.storage.googleapis.com/5e/fb/37/6434c0e1d55b7b/EP3495943B1.pdf,B-Threshold,General Threshold Processing,ALL,customs threshold automation,customs threshold automation,None (fallback)
patent/US8843867B2/en,Low-overhead multi-patterning design rule check,"Roughly described, a system enables quick and accurate depiction to a user of multi-patterning layout violations so that they may be corrected manually and in real time, and without interfering with normal manual editing process. In one embodiment, the system involves iteratively building tree …","Synopsys, Inc.",Scott Chase,2014-09-23,2014-01-29,2010-12-03,2014-09-23,US8843867B2,https://patents.google.com/patent/US8843867B2/en,https://patentimages.storage.googleapis.com/4c/d3/f2/c04a67754eb049/US8843867.pdf,B-Threshold,General Threshold Processing,ALL,customs threshold automation,customs threshold automation,None (fallback)
patent/US10754852B2/en,"Analytic systems, methods, and computer-readable media for structured, semi- …",A computer system extracts contender values as positively associated with a pre-defined value from a compilation of one or more electronically stored semi-structured document(s) and/or one or more electronically stored unstructured document(s). The computer system performs a multi-dimensional …,Ephesoft Inc.,Ilker Kavas,2020-08-25,2018-05-04,2015-12-07,2020-08-25,US10754852B2,https://patents.google.com/patent/US10754852B2/en,https://patentimages.storage.googleapis.com/3b/3d/82/660d9852663b6f/US10754852.pdf,B-Threshold,General Threshold Processing,ALL,customs threshold automation,customs threshold automation,None (fallback)
patent/US20250263801A1/en,Methods and Systems for Determining Proportions of Distinct Cell Subsets,Methods of deconvolving a feature profile of a physical system are provided herein. The present method may include: optimizing a regression between a) a feature profile of a first plurality of distinct components and b) a reference matrix of feature signatures for a second plurality of distinct …,The Board Of Trustees Of The Leland Stanford Junior University,Aaron M. Newman,2025-08-21,2025-02-19,2015-01-22,,US20250263801A1,https://patents.google.com/patent/US20250263801A1/en,,B-Threshold,General Threshold Processing,ALL,customs threshold automation,customs threshold automation,None (fallback)
patent/US11562146B2/en,Applied artificial intelligence technology for narrative generation based on a …,"For example, the set of available base communication goal statements can be presented as a menu (e.g., a drop down menu) from which the user makes a selection. As another example, a user can be permitted to enter text in a text entry box. Software can detect the words being entered by the user and …",Narrative Science Inc.,Andrew R. Paley,2023-01-24,2021-03-03,2017-02-17,2023-01-24,US11562146B2,https://patents.google.com/patent/US11562146B2/en,https://patentimages.storage.googleapis.com/70/56/29/a6d26abdf080fe/US11562146.pdf,B-Threshold,General Threshold Processing,ALL,customs threshold automation,customs threshold automation,None (fallback)
patent/US20200405418A1/en,Surgical simulation system using force sensing and optical tracking and robotic …,A surgical simulation device includes a support structure and animal tissue carried in a tray. A simulated human skeleton is carried by the support structure above the animal tissue and includes simulated human skin. A camera images the animal tissue and an image processor receives images of …,"KindHeart, Inc.",W. Andrew Grubbs,2020-12-31,2020-09-14,2017-05-24,,US20200405418A1,https://patents.google.com/patent/US20200405418A1/en,https://patentimages.storage.googleapis.com/31/90/11/83a016aacaea9e/US20200405418A1.pdf,B-Threshold,General Threshold Processing,ALL,customs threshold automation,customs threshold automation,None (fallback)
patent/CN112106056B/en,Constructing fictional discourse trees to improve the ability to answer …,Fig. 10 illustrates an utterance tree for an original answer according to an aspect. FIG. 11 illustrates a communication utterance tree for a declaration (claim) of a first agent in accordance with an aspect. FIG. 12 illustrates an exchange utterance tree for a declaration of a second agent in …,Oracle International Corporation,B·加里斯基,2025-06-24,2019-05-09,2018-05-09,2025-06-24,CN112106056B,https://patents.google.com/patent/CN112106056B/en,https://patentimages.storage.googleapis.com/ea/96/c7/15f2eb1a5d57e7/CN112106056B.pdf,B-Threshold,General Threshold Processing,ALL,customs threshold automation,customs threshold automation,None (fallback)
patent/US10454762B2/en,System and method of processing media traffic for a hub-based system federating …,"A system and method of processing media traffic for a hub-based system federating disparate unified communications systems is disclosed. According to one embodiment, a system includes a federation server that is configured to connect to a first unified communications system and a second unified …","NextPlane, Inc.",Saravanan Bellan,2019-10-22,2017-07-24,2011-03-31,2019-10-22,US10454762B2,https://patents.google.com/patent/US10454762B2/en,https://patentimages.storage.googleapis.com/fa/d8/25/0e0893d53933eb/US10454762.pdf,B-Threshold,General Threshold Processing,ALL,customs threshold automation,customs threshold automation,None (fallback)
patent/US10015825B2/en,Smart-home device facilitating convenient setup of plural instances thereof in …,"A method for using a first device to pair a second device to a user account may include receiving first wireless communications using a first wireless protocol, where the first device has previously been paired with the user account. The method may also include receiving a transmission that …",Google Llc,Jay Logue,2018-07-03,2017-03-14,2013-10-07,2018-07-03,US10015825B2,https://patents.google.com/patent/US10015825B2/en,https://patentimages.storage.googleapis.com/72/a0/21/98e744d4c71291/US10015825.pdf,B-Threshold,General Threshold Processing,ALL,customs threshold automation,customs threshold automation,None (fallback)
patent/US20240223587A1/en,Cybersecurity threat intelligence and remediation system,"A cybersecurity system is provided for automated cybersecurity insights, remediation recommendations, and service provisioning. The cybersecurity system can generate threat insights and/or generate remediation recommendations using machine learning models and cybersecurity data obtained from …",Cytellix Corporation,Brian Douglas Berger,2024-07-04,2023-09-08,2019-06-18,,US20240223587A1,https://patents.google.com/patent/US20240223587A1/en,https://patentimages.storage.googleapis.com/28/49/92/87f98cd5d8f166/US20240223587A1.pdf,B-Threshold,General Threshold Processing,ALL,customs threshold automation,customs threshold automation,None (fallback)
patent/US11847882B2/en,Digital downloading jukebox with enhanced communication features,"Systems and/or methods for use in connection with digital downloading jukeboxes are provided. Such systems and/or methods may be used to provide enhanced communications capabilities, e.g., to registered users of jukeboxes. In certain exemplary embodiments, users may become registered users …","Touchtunes Music Company, Llc",Dominique Dion,2023-12-19,2020-09-17,2002-09-16,2023-12-19,US11847882B2,https://patents.google.com/patent/US11847882B2/en,https://patentimages.storage.googleapis.com/b3/e6/3c/ba72214e64c982/US11847882.pdf,B-Threshold,General Threshold Processing,ALL,customs threshold automation,customs threshold automation,None (fallback)
patent/US11314390B2/en,Jukebox with customizable avatar,"A digital downloading jukebox system including a mechanism for delivering custom services to a recognized user is provided. For example, information specific to a recognized user may be stored and optionally may include a recognized user avatar representative of the recognized user. The user …",Touchtunes Music Corporation,Francois Brillon,2022-04-26,2019-09-10,2002-09-16,2022-04-26,US11314390B2,https://patents.google.com/patent/US11314390B2/en,https://patentimages.storage.googleapis.com/92/c4/f4/81cc534d094d86/US11314390.pdf,B-Threshold,General Threshold Processing,ALL,customs threshold automation,customs threshold automation,None (fallback)
patent/US11567641B2/en,Jukebox with customizable avatar,"A digital downloading jukebox system including a mechanism for delivering custom services to a recognized user is provided. For example, information specific to a recognized user may be stored and optionally may include a recognized user avatar representative of the recognized user. The user …","Touchtunes Music Company, Llc",Francois Brillon,2023-01-31,2021-05-17,2002-09-16,2023-01-31,US11567641B2,https://patents.google.com/patent/US11567641B2/en,https://patentimages.storage.googleapis.com/7a/e9/51/52db2b72b4ebce/US11567641.pdf,B-Threshold,General Threshold Processing,ALL,customs threshold automation,customs threshold automation,None (fallback)
patent/US11490809B2/en,Ocular parameter-based head impact measurement using a face shield,"A system and/or method for measuring a human ocular parameter comprises a human-wearable face shield which has an eye sensor, a head orientation sensor, and an electronic circuit, and a face shield. The eye sensor comprises a video camera that measures horizontal eye movement, vertical eye …",Wesley W. O. Krueger,Wesley W. O. Krueger,2022-11-08,2020-06-16,2013-01-25,2022-11-08,US11490809B2,https://patents.google.com/patent/US11490809B2/en,https://patentimages.storage.googleapis.com/06/a0/17/140852e9f33a05/US11490809.pdf,B-Threshold,General Threshold Processing,ALL,customs threshold automation,customs threshold automation,None (fallback)
patent/US10716469B2/en,Ocular-performance-based head impact measurement applied to rotationally- …,"A system or method for measuring human ocular performance can be implemented using an eye sensor, a head orientation sensor, and an electronic circuit. The device is configured for measuring vestibulo-ocular reflex, pupillometry, saccades, visual pursuit tracking, vergence, eyelid closure, dynamic …",Wesley W. O. Krueger,Wesley W. O. Krueger,2020-07-21,2019-01-31,2013-01-25,2020-07-21,US10716469B2,https://patents.google.com/patent/US10716469B2/en,https://patentimages.storage.googleapis.com/14/ad/c7/58f037d97d3192/US10716469.pdf,B-Threshold,General Threshold Processing,ALL,customs threshold automation,customs threshold automation,None (fallback)
patent/US9465786B2/en,Method for facilitating quick logins from a mobile device,"10 is intended to be automatically deleted upon the occurrence of any of a number of predetermined events. For example, entry of a sequence of incorrect passwords into the field intended for entry of a master password may cause deletion of all of the data within the password protection system 10","Keeper Security, Inc.",Craig B. Lurey,2016-10-11,2014-02-07,2009-08-25,2016-10-11,US9465786B2,https://patents.google.com/patent/US9465786B2/en,https://patentimages.storage.googleapis.com/70/39/fb/bdebaf7d915656/US9465786.pdf,B-Threshold,General Threshold Processing,ALL,customs threshold automation,customs threshold automation,None (fallback)
patent/US11853748B2/en,"Methods and systems that share resources among multiple, interdependent release …","… run-tests tasks, gating-rule tasks, and finalize tasks. 6. The system of claim 3 , further comprising multiple resources, including: entry points for executables, including applications and routines; machine resources, including virtual machines and vApps; and parameters output by release pipelines. …","Vmware, Inc.",Agila Govindaraju,2023-12-26,2021-10-25,2016-10-15,2023-12-26,US11853748B2,https://patents.google.com/patent/US11853748B2/en,https://patentimages.storage.googleapis.com/f3/ea/6f/cca35ba7637e36/US11853748.pdf,B-Threshold,General Threshold Processing,ALL,customs threshold automation,customs threshold automation,None (fallback)
patent/US10038691B2/en,Authorization of a financial transaction,"An iris biometric recognition module includes technology for capturing images of an iris of an eye of a person, whether the person is moving or stationary. The iris biometric recognition technology can perform an iris matching procedure for, e.g., authentication or identity purposes, by comparing …","Princeton Identity, Inc.",Steven N. Perna,2018-07-31,2015-09-24,2013-10-08,2018-07-31,US10038691B2,https://patents.google.com/patent/US10038691B2/en,https://patentimages.storage.googleapis.com/92/53/7f/0dd1b263ed2f5c/US10038691.pdf,B-Threshold,General Threshold Processing,ALL,customs threshold automation,customs threshold automation,None (fallback)
patent/US11068661B1/en,Applied artificial intelligence technology for narrative generation based on …,Artificial intelligence (AI) technology can be used in combination with composable communication goal statements to facilitate a user's ability to quickly structure story outlines in a manner usable by an NLG narrative generation system without any need for the user to directly author computer …,Narrative Science Inc.,Nathan D. Nichols,2021-07-20,2018-11-07,2017-02-17,2021-07-20,US11068661B1,https://patents.google.com/patent/US11068661B1/en,https://patentimages.storage.googleapis.com/20/9b/88/c542edcd8ba3e6/US11068661.pdf,B-Threshold,General Threshold Processing,ALL,customs threshold automation,customs threshold automation,None (fallback)
patent/US11568148B1/en,Applied artificial intelligence technology for narrative generation based on …,Artificial intelligence (AI) technology can be used in combination with composable communication goal statements to facilitate a user's ability to quickly structure story outlines using “explanation” communication goals in a manner usable by an NLG narrative generation system without any need for …,Narrative Science Inc.,Nathan D. Nichols,2023-01-31,2018-11-07,2017-02-17,2023-01-31,US11568148B1,https://patents.google.com/patent/US11568148B1/en,https://patentimages.storage.googleapis.com/51/e6/ce/7b9b64245dc68e/US11568148.pdf,B-Threshold,General Threshold Processing,ALL,customs threshold automation,customs threshold automation,None (fallback)
patent/US11585986B2/en,Optical connectors,"… herein. The sleeve could be compliant, i.e. providing compressive or tensile alignment forces at points on the housings, or could be rigidly constraining, i.e. provides some level of clearance around the housings but limits the alignment to some allowable tolerance band, or any combination thereof.","Wavefront Research, Inc.",Jonas D. Corl,2023-02-21,2020-01-14,2013-03-15,2023-02-21,US11585986B2,https://patents.google.com/patent/US11585986B2/en,https://patentimages.storage.googleapis.com/d2/d9/c7/24a1519e74b774/US11585986B2.pdf,B-Threshold,General Threshold Processing,ALL,customs threshold automation,customs threshold automation,None (fallback)
patent/US11736880B2/en,Switching binaural sound,"A method provides binaural sound to a person through electronic earphones. The binaural sound localizes to a sound localization point (SLP) in empty space that is away from but proximate to the person. When an event occurs, the binaural sound switches or changes to stereo sound, to mono sound, or …",Philip Scott Lyren,Philip Scott Lyren,2023-08-22,2022-08-30,2015-12-27,2023-08-22,US11736880B2,https://patents.google.com/patent/US11736880B2/en,https://patentimages.storage.googleapis.com/8b/f3/e7/2972d879cca164/US11736880.pdf,B-Threshold,General Threshold Processing,ALL,customs threshold automation,customs threshold automation,None (fallback)
patent/US11030781B2/en,"Systems for collecting, aggregating, and storing data, generating interactive …","Systems and methods for aggregating and storing different types of data, and generating interactive user interfaces for analyzing the stored data. In some embodiments, entity data is received for a plurality of entities from one or more data sources, and used to determine attribute values for the …",Palantir Technologies Inc.,Sean Kelley,2021-06-08,2019-09-18,2015-12-30,2021-06-08,US11030781B2,https://patents.google.com/patent/US11030781B2/en,https://patentimages.storage.googleapis.com/ed/fb/40/90e7fd64bbefb4/US11030781.pdf,B-Threshold,General Threshold Processing,ALL,customs threshold automation,customs threshold automation,None (fallback)
patent/US20220107446A1/en,Systems and methods for transverse energy localization in energy relays using …,Disclosed are systems and methods for manufacturing energy relays for energy directing systems inducing Ordered Energy Localization effects. Ordered Energy Localization relay material distribution criteria are disclosed. Transverse planar as well as multi-dimensional ordered material …,"Light Field Lab, Inc.",Jonathan Sean Karafin,2022-04-07,2021-10-15,2018-01-14,,US20220107446A1,https://patents.google.com/patent/US20220107446A1/en,https://patentimages.storage.googleapis.com/e9/f3/a1/ceb3fef7c5f9fa/US20220107446A1.pdf,B-Threshold,General Threshold Processing,ALL,customs threshold automation,customs threshold automation,None (fallback)
patent/AU2018241053B2/en,Clustering and tagging engine for use in product support systems,"The present invention relates to a computer-based system for supporting Product Customer Support Systems by means for parameter-free and fully unsupervised: clustering of a selected set documents (e.g., based on a query from some database) with unknown ontology (e.g., cases from Customer Support …",Thomson Reuters Enterprise Centre Gmbh,Nikolai Nefedov,2023-07-13,2018-10-03,2018-01-12,2023-07-13,AU2018241053B2,https://patents.google.com/patent/AU2018241053B2/en,https://patentimages.storage.googleapis.com/79/c9/62/48925a40a1f9d6/AU2018241053B2.pdf,B-Threshold,General Threshold Processing,ALL,customs threshold automation,customs threshold automation,None (fallback)
patent/US9436356B2/en,"Digital downloading jukebox system with user-tailored music management, …","A digital downloading jukebox system including a mechanism for delivering custom services to a recognized user, including services for creating playlists, communicating with others, accessing other features, etc. is provided. In some exemplary embodiments, after a user is recognized, the jukebox …",Touchtunes Music Corporation,Guy Nathan,2016-09-06,2015-10-21,2002-09-16,2016-09-06,US9436356B2,https://patents.google.com/patent/US9436356B2/en,https://patentimages.storage.googleapis.com/76/8a/61/e640605d235e6d/US9436356.pdf,B-Threshold,General Threshold Processing,ALL,customs threshold automation,customs threshold automation,None (fallback)
patent/US20220239622A1/en,Efficient Network Stack for Wireless Application Protocols,"CROSS REFERENCE TO RELATED APPLICATIONS This application is a continuation of and claims priority to U.S. patent application Ser. No. 15/767,115, filed on Apr. 9, 2018, which in turn is a National Stage Entry of International Patent Application No. PCT/US2016/025526, filed on Apr. 1, 2016, which …",Google Llc,Grant Michael Erickson,2022-07-28,2022-04-19,2015-04-02,,US20220239622A1,https://patents.google.com/patent/US20220239622A1/en,https://patentimages.storage.googleapis.com/cc/6e/9c/b1e21612564cfc/US20220239622A1.pdf,B-Threshold,General Threshold Processing,ALL,customs threshold automation,customs threshold automation,None (fallback)
patent/US11983805B1/en,Process for creating an augmented image,"Embodiments described herein provide a process and method running on a computer for creating an augmented image. According to an embodiment, a graphical user interface gathers data that is programmatically analyzed to obtain photographic properties from a first image. Photographic properties are …",William S. Baron,William S. Baron,2024-05-14,2022-09-27,2013-03-15,2024-05-14,US11983805B1,https://patents.google.com/patent/US11983805B1/en,https://patentimages.storage.googleapis.com/b0/5c/87/c2d95c8f39dfc0/US11983805.pdf,B-Threshold,General Threshold Processing,ALL,customs threshold automation,customs threshold automation,None (fallback)
patent/EP3466003B1/en,Generating a unique electronic communications account based on a physical …,"A computer-implemented method for transmitting an electronic message to an electronic communications account generated based on latitude, longitude, and geo coding associated with a location of a user device (350), wherein the method comprises: receiving, by a computer system, a selection of an …","Alphabet Communications, Inc.",Shafin VALLA,2021-12-08,2017-05-24,2016-05-25,2021-12-08,EP3466003B1,https://patents.google.com/patent/EP3466003B1/en,https://patentimages.storage.googleapis.com/02/d2/9a/6b10e07399adae/EP3466003B1.pdf,B-Threshold,General Threshold Processing,ALL,customs threshold automation,customs threshold automation,None (fallback)
patent/JP6067609B2/en,Method and apparatus for delivery of targeted video programming,"A method for delivering a customized version of a first video program comprising a collection of video segments to at least one of a plurality of individual viewers, comprising: Broadcasting at least one stream of the first video program, the first selectable segment for at least one first segment …",Thomson Licensing,イスマイル，ラビーブ・ケイ,2017-01-25,2014-03-17,1999-08-31,2017-01-25,JP6067609B2,https://patents.google.com/patent/JP6067609B2/en,https://patentimages.storage.googleapis.com/07/df/44/7a45464956926c/JP6067609B2.pdf,B-Threshold,General Threshold Processing,ALL,customs threshold automation,customs threshold automation,None (fallback)
patent/US10996823B2/en,Interactive geospatial map,"CROSS-REFERENCE TO RELATED APPLICATIONS This application is a continuation of U.S. patent application Ser. No. 15/146,842, titled “Interactive Geospatial Map”, filed May 4, 2016, which is a continuation of U.S. patent application Ser. No. 14/934,004, titled “Interactive Geospatial Map”, filed Nov.",Palantir Technologies Inc.,Daniel CERVELLI,2021-05-04,2019-09-04,2015-08-17,2021-05-04,US10996823B2,https://patents.google.com/patent/US10996823B2/en,https://patentimages.storage.googleapis.com/3a/8c/7f/b969910a16bd4e/US10996823.pdf,B-Threshold,General Threshold Processing,ALL,customs threshold automation,customs threshold automation,None (fallback)
patent/US11746319B2/en,Customizable methods and systems of growing and harvesting cells in a hollow …,"In at least one embodiment, the method further includes determining whether the first setting is associated with a numeric value; and, if the first setting is associated with the numeric value, providing a data entry pad in the diagram view to receive the numeric value. In at least one embodiment, …","Terumo Bct, Inc.","Edward Allan STANTON, IV",2023-09-05,2020-06-01,2010-10-08,2023-09-05,US11746319B2,https://patents.google.com/patent/US11746319B2/en,https://patentimages.storage.googleapis.com/b9/d4/ec/f60d580ff0037c/US11746319.pdf,B-Threshold,General Threshold Processing,ALL,customs threshold automation,customs threshold automation,None (fallback)
patent/US20240065131A1/en,Agricultural Lane Following,"Systems and methods for agricultural lane following are described. For example, a method includes accessing range data captured using a distance sensor connected to a vehicle and/or image data captured using an image sensor connected to a vehicle; detecting a crop row based on the range data and/ …","Bear Flag Robotics, Inc.",Ameer Ellaboudy,2024-02-29,2023-09-06,2019-07-02,,US20240065131A1,https://patents.google.com/patent/US20240065131A1/en,https://patentimages.storage.googleapis.com/23/9f/cb/b5c401769e8a96/US20240065131A1.pdf,B-Threshold,General Threshold Processing,ALL,customs threshold automation,customs threshold automation,None (fallback)
patent/EP3826449B1/en,Vehicle controllers for agricultural and industrial applications,"A system (100), comprising: one or more motion sensors (142) configured to detect motion of a vehicle (110); actuators (150) configured to control motion of the vehicle (110) and to control operation of an implement (120), wherein the implement (120) is connected to the vehicle (110) and …",Deere & Company,David E. BERTUCCI,2024-04-24,2019-07-25,2018-07-26,2024-04-24,EP3826449B1,https://patents.google.com/patent/EP3826449B1/en,https://patentimages.storage.googleapis.com/62/21/21/be010845d3fbbf/EP3826449B1.pdf,B-Threshold,General Threshold Processing,ALL,customs threshold automation,customs threshold automation,None (fallback)
patent/US9283945B1/en,Braking systems and methods of determining a safety factor for a braking model …,"Disclosed are a computer-implemented method for determining safety factors or a safety factor formula for use in a braking model of at least one train, a computer-implemented method for determining a plurality of safety factors for use in a braking model of at least one train, and braking systems …",Wabtec Holding Corp.,Jeffrey D. Kernwein,2016-03-15,2014-03-14,2013-03-14,2016-03-15,US9283945B1,https://patents.google.com/patent/US9283945B1/en,https://patentimages.storage.googleapis.com/b1/65/06/3b95658dce2d0c/US9283945.pdf,B-Threshold,General Threshold Processing,ALL,customs threshold automation,customs threshold automation,None (fallback)
patent/US11350758B2/en,"Adjustable base assemblies, systems and related methods","… filed Dec. 18, 2017, and titled “Adjustable Base Assemblies, Systems and Related Methods”, which is a national stage entry of international patent application having international application number PCT/US2016/023208, titled “Adjustable Base Assemblies, Systems and Related Methods,” and filed Mar.","Tempur World, Llc",Mario A. G. Nava,2022-06-07,2017-12-18,2015-06-19,2022-06-07,US11350758B2,https://patents.google.com/patent/US11350758B2/en,https://patentimages.storage.googleapis.com/8c/72/45/8c7b60b9bd47fc/US11350758.pdf,B-Threshold,General Threshold Processing,ALL,customs threshold automation,customs threshold automation,None (fallback)
patent/US11109816B2/en,Systems and methods for EMS device communications interface,"A patient monitoring device is described that includes a wireless transceiver, an asset management database, and a processor communicably coupled to the wireless transceiver and the asset management database and configured to receive patient monitoring information gathered by the patient …",Zoll Medical Corporation,Michael Scott Martin,2021-09-07,2018-04-23,2009-07-21,2021-09-07,US11109816B2,https://patents.google.com/patent/US11109816B2/en,https://patentimages.storage.googleapis.com/fe/85/ae/f22df264d418bb/US11109816.pdf,B-Threshold,General Threshold Processing,ALL,customs threshold automation,customs threshold automation,None (fallback)
patent/AU2015243082B2/en,Data storage system and data storage control method,"The storage system exports logical storage volumes that are provisioned as storage objects. These storage objects are accessed on demand by connected computer systems using standard protocols, such as SCSI and NFS, through logical endpoints for the protocol traffic that are configured in the …",VMware LLC,Komal Desai,2016-11-24,2015-10-16,2011-08-26,2016-11-24,AU2015243082B2,https://patents.google.com/patent/AU2015243082B2/en,https://patentimages.storage.googleapis.com/5f/b7/ec/9487c94506bc75/AU2015243082B2.pdf,B-Threshold,General Threshold Processing,ALL,customs threshold automation,customs threshold automation,None (fallback)
patent/US12275801B2/en,Isolation of adult multipotential cells by tissue non-specific alkaline …,The present invention relates to the use of tissue non-specific alkaline phosphatase (TNAP) as a marker for identifying and/or isolating adult multipotential cells. The present invention also relates to cell populations enriched by methods of the present invention and therapeutic uses of these …,"Mesoblast, Inc.",Stan Gronthos,2025-04-15,2020-05-05,2005-04-12,2025-04-15,US12275801B2,https://patents.google.com/patent/US12275801B2/en,https://patentimages.storage.googleapis.com/d5/17/66/20a50725033311/US12275801B2.pdf,B-Threshold,General Threshold Processing,ALL,customs threshold automation,customs threshold automation,None (fallback)
patent/US20220218543A1/en,Patient support usable with bariatric patients,"A patient support may be adjustable in height, width, length or a combination thereof. The patient support may be usable with normal sized patients or with bariatric patients. The patient support has a variety of features to enhance operability and/or functionality, including a width adjustable …",Stryker Corporation,Richard Brian Roussy,2022-07-14,2022-03-25,2013-09-06,,US20220218543A1,https://patents.google.com/patent/US20220218543A1/en,https://patentimages.storage.googleapis.com/31/c2/e4/53f5daf3da077d/US20220218543A1.pdf,B-Threshold,General Threshold Processing,ALL,customs threshold automation,customs threshold automation,None (fallback)
patent/CA2923210C/en,Patient support usable with bariatric patients,"There is provided a patient support that may be adjustable in height, width, length or a combination thereof. The patient support may be useable with normal sized patients or with bariatric patients. The patient support has a variety of features to enhance operability and/or functionality, …",Stryker Corporation,Richard Brian Roussy,2022-07-12,2014-09-08,2013-09-06,2022-07-12,CA2923210C,https://patents.google.com/patent/CA2923210C/en,https://patentimages.storage.googleapis.com/ee/83/c8/45f1a7e119c736/CA2923210C.pdf,B-Threshold,General Threshold Processing,ALL,customs threshold automation,customs threshold automation,None (fallback)
patent/AU2015249115B2/en,Configuring object storage system for input/output operations,"6. The method of claim 1, further comprising: maintaining a data structure that provides a mapping of identifiers included in IOs to logical storage volume identifiers, wherein the request includes a logical storage volume identifier, and an entry is added to the data structure that identifies the …",VMware LLC,Sanjay ACHARYA,2017-01-12,2015-10-29,2011-08-26,2017-01-12,AU2015249115B2,https://patents.google.com/patent/AU2015249115B2/en,https://patentimages.storage.googleapis.com/4e/4c/97/d04e37b2e3a97f/AU2015249115B2.pdf,B-Threshold,General Threshold Processing,ALL,customs threshold automation,customs threshold automation,None (fallback)
patent/US10173292B2/en,Method for assembling a magnetic attachment mechanism,A magnetic attachment system for attaching a first object to a second object. A first magnet structure is attached to the first object and a second magnet structure is attached to the second object. The first and second objects are attached by virtue of the magnetic attraction between the first …,"Correlated Magnetics Research, Llc",Larry W. Fullerton,2019-01-08,2016-11-15,2009-01-23,2019-01-08,US10173292B2,https://patents.google.com/patent/US10173292B2/en,https://patentimages.storage.googleapis.com/51/b4/9c/5efe90d3cdf3b4/US10173292.pdf,B-Threshold,General Threshold Processing,ALL,customs threshold automation,customs threshold automation,None (fallback)
patent/RU2743667C1/en,Method for signaling frequency domain resources allocation,"FIELD: wireless networks.SUBSTANCE: method contains the following steps: transmitting to the terminal (User Equipment, hereinafter - UE) an indication of the active segment of the carrier bandwidth part (hereinafter – BWP) suitable for communication on the shared channel, selection of one or more …",Telefonaktiebolaget Lm Ericsson (Publ),Цзиня ЛИ,2021-02-24,2019-03-13,2018-03-27,2021-02-24,RU2743667C1,https://patents.google.com/patent/RU2743667C1/en,https://patentimages.storage.googleapis.com/38/e6/d9/00a340525ab85c/RU2743667C1.pdf,B-Threshold,General Threshold Processing,ALL,customs threshold automation,customs threshold automation,None (fallback)
patent/US9838668B2/en,Systems and methods for transferring a clip of video data to a user facility,"An imaging system and methods for using an imaging system where the operator is able to variably adjust the parallax distance for enhanced stereo performance are disclosed. In addition, by coordinating the parallax distance with the optical settings of the camera, artificial 3D experiences can be …","Actality, Inc.",Eric F. Prechtl,2017-12-05,2017-02-14,2014-06-17,2017-12-05,US9838668B2,https://patents.google.com/patent/US9838668B2/en,https://patentimages.storage.googleapis.com/b6/46/00/8335991879a340/US9838668.pdf,B-Threshold,General Threshold Processing,ALL,customs threshold automation,customs threshold automation,None (fallback)
patent/AU2023202028A1/en,Wireless access credential system,"An access control system and methods according to at least one embodiment leverage wireless access credentials to allow a user to securely gain access to a secured area using his or her mobile device. As such, a credentialed mobile device may permit access to the secured area without requiring a …",Schlage Lock Company Llc,Christopher Bauer,2023-05-04,2023-04-03,2018-09-21,,AU2023202028A1,https://patents.google.com/patent/AU2023202028A1/en,https://patentimages.storage.googleapis.com/63/c6/b7/d2ce3b7659e68f/AU2023202028A1.pdf,B-Threshold,General Threshold Processing,ALL,customs threshold automation,customs threshold automation,None (fallback)
patent/US20190391796A1/en,Control of scheduling dependencies by a neural network compiler,"A compiler receives a graph describing a neural network and accesses data to describe a target computing device to implement the neural network. The compiler generates an intermediate representation from the graph and the data, and determines dependencies between operations identified in the …",Intel Corporation,John Brady,2019-12-26,2019-06-28,2019-06-28,,US20190391796A1,https://patents.google.com/patent/US20190391796A1/en,https://patentimages.storage.googleapis.com/c2/8e/69/2f811ca5874dcb/US20190391796A1.pdf,B-Threshold,General Threshold Processing,ALL,customs threshold automation,customs threshold automation,None (fallback)
patent/US9323499B2/en,Random number generator functions in memory,"Notwithstanding the foregoing, Applicant understands that the USPTO's computer programs have certain data entry requirements, and hence Applicant has provided designation(s) of a relationship between the present application and its parent application(s) as set forth above and in any ADS filed in …",Elwha Llc,Roderick A. Hyde,2016-04-26,2012-12-21,2012-11-15,2016-04-26,US9323499B2,https://patents.google.com/patent/US9323499B2/en,https://patentimages.storage.googleapis.com/dd/db/ff/4d39ab66f20153/US9323499.pdf,B-Threshold,General Threshold Processing,ALL,customs threshold automation,customs threshold automation,None (fallback)
patent/US8914636B2/en,Automated negotiation and selection of authentication protocols,"Wireless telecommunications networks may implement various forms of authentication. There are a variety of different user and device authentication protocols that follow a similar network architecture, involving various network entities such as a user equipment (UE), a service provider (SP), and …","Interdigital Patent Holdings, Inc.",Inhyok Cha,2014-12-16,2012-06-28,2011-06-28,2014-12-16,US8914636B2,https://patents.google.com/patent/US8914636B2/en,https://patentimages.storage.googleapis.com/b1/e6/8c/18257ffcfed1ab/US8914636.pdf,B-Threshold,General Threshold Processing,ALL,customs threshold automation,customs threshold automation,None (fallback)
patent/US8005896B2/en,System for controlled distribution of user profiles over a network,"An information management and distribution system is disclosed. The information management and distribution system facilitates the controlled exchange of contact information over a network. The system can support one or more of creation and design, rolodex, exchange, and update features. In one …",Cheah Ip Llc,Chris Cheah,2011-08-23,2010-06-17,1998-10-13,2011-08-23,US8005896B2,https://patents.google.com/patent/US8005896B2/en,https://patentimages.storage.googleapis.com/af/b4/7f/e207b99c776d2f/US8005896.pdf,B-Threshold,General Threshold Processing,ALL,customs threshold automation,customs threshold automation,None (fallback)
patent/US8930233B2/en,System and method for anonymous location based services,Provided is a fully automated web service with location based services generally involved in transmission of situational location dependent information to automatically located mobile receiving data processing systems. The web service communicates with a receiving data processing system in a …,Apple Inc.,William J. Johnson,2015-01-06,2011-11-14,2000-06-07,2015-01-06,US8930233B2,https://patents.google.com/patent/US8930233B2/en,https://patentimages.storage.googleapis.com/bb/6a/90/81f26818cbbfbf/US8930233.pdf,B-Threshold,General Threshold Processing,ALL,customs threshold automation,customs threshold automation,None (fallback)
patent/US8453159B2/en,Workspace system and method for monitoring information events,"… Producer Specification (PPS) object within the scope of the present invention. A PPS is an object that can be provided as a data file, database entry, directory entry, or in another machine-readable format that can be used by a producer service to configure its interaction with a data source. PPSs …",Informatica Corporation,Michael S. Appelbaum,2013-05-28,2008-05-30,2007-05-31,2013-05-28,US8453159B2,https://patents.google.com/patent/US8453159B2/en,https://patentimages.storage.googleapis.com/af/6c/42/13ff80341620ca/US8453159.pdf,B-Threshold,General Threshold Processing,ALL,customs threshold automation,customs threshold automation,None (fallback)
patent/US8314671B2/en,Key system for enabling operation of a device,"A key system for enabling operation of a device. The key system is based on magnets arranged according to one or more codes. The codes may act as a unique identifier or key, requiring a matching part to operate the device. Thus, the code can act like a key that will only achieve lock when matched …",Correlated Magnetics Research LLC,Larry W. Fullerton,2012-11-20,2012-01-16,2008-04-04,2012-11-20,US8314671B2,https://patents.google.com/patent/US8314671B2/en,https://patentimages.storage.googleapis.com/eb/ce/ab/9dddf565e0fa60/US8314671.pdf,B-Threshold,General Threshold Processing,ALL,customs threshold automation,customs threshold automation,None (fallback)
patent/US9059605B2/en,Energy storage devices and methods of using same,"The invention is directed to various energy storage devices and methods of using the same. The energy storage device takes advantage of the height difference between the bottom and the surface of a body of water. The energy storage device utilizes the movement of a mass, such as weights or floats, …",Saben Murray,Saben Murray,2015-06-16,2011-09-09,2010-09-10,2015-06-16,US9059605B2,https://patents.google.com/patent/US9059605B2/en,https://patentimages.storage.googleapis.com/89/ef/45/09cf82600a3579/US9059605.pdf,B-Threshold,General Threshold Processing,ALL,customs threshold automation,customs threshold automation,None (fallback)
patent/US8237558B2/en,Hand hygiene compliance system,prompting for hand cleansing if the timer has expired when entering a zone; detecting the entry of a wearable zone sensor moving into a defined zone; and prompting for hand cleansing when entering a new patient zone or when leaving the room through a zone marking the entrance or leaving the …,University Health Network,Kaveh Seyed Momen,2012-08-07,2009-09-29,2007-03-30,2012-08-07,US8237558B2,https://patents.google.com/patent/US8237558B2/en,https://patentimages.storage.googleapis.com/3e/f4/11/d1e3b543e142e0/US8237558.pdf,B-Threshold,General Threshold Processing,ALL,customs threshold automation,customs threshold automation,None (fallback)
patent/US8370803B1/en,Asset templates for agile software development,"A method of creating assets for agile software development includes detecting selection of an asset type for an asset template, receiving values of one or more attributes for the asset template, and creating the asset template. Upon detecting an action to select the asset template, creation of an …","Versionone, Inc.",Robert Holler,2013-02-05,2008-01-17,2008-01-17,2013-02-05,US8370803B1,https://patents.google.com/patent/US8370803B1/en,https://patentimages.storage.googleapis.com/e3/d3/03/46698ed303ee83/US8370803.pdf,B-Threshold,General Threshold Processing,ALL,customs threshold automation,customs threshold automation,None (fallback)
patent/US7843297B2/en,Coded magnet structures for selective association of articles,"A panel system for a panel or sets of panels having a magnetic mounting that utilizes a plurality of magnets in a magnet structure that provides a magnetic attachment alignment configuration and a release configuration. In one embodiment, magnet structures are configured so that a panel will mount …",Cedar Ridge Research Llc,Larry W. Fullerton,2010-11-30,2009-06-05,2008-04-04,2010-11-30,US7843297B2,https://patents.google.com/patent/US7843297B2/en,https://patentimages.storage.googleapis.com/15/60/cd/694024d978d8ae/US7843297.pdf,B-Threshold,General Threshold Processing,ALL,customs threshold automation,customs threshold automation,None (fallback)
patent/US7843296B2/en,Magnetically attachable and detachable panel method,A method for a panel having a magnetic mounting that utilizes a plurality of magnets in a magnet structure that allows high magnetic force when the panel is installed and the magnet structure is aligned while permitting removal using relatively light force applied to misalign the magnet structure …,Cedar Ridge Research Llc,Larry W. Fullerton,2010-11-30,2009-06-05,2008-04-04,2010-11-30,US7843296B2,https://patents.google.com/patent/US7843296B2/en,https://patentimages.storage.googleapis.com/6d/1f/c9/656221d58b178b/US7843296.pdf,B-Threshold,General Threshold Processing,ALL,customs threshold automation,customs threshold automation,None (fallback)
patent/JP5444334B2/en,Interference defect detection and classification,"In a common optical path interference imaging system that detects defects in a sample, An illumination source (112) that generates light (118) and directs it toward the sample (110); An object plane and an image plane and configured to position the sample substantially at the object plane; and a …",ファン ジェイ． ジーオン，,ファン ジェイ． ジーオン，,2014-03-19,2009-06-02,2008-06-03,2014-03-19,JP5444334B2,https://patents.google.com/patent/JP5444334B2/en,https://patentimages.storage.googleapis.com/4e/31/e7/7d97f7cab2bf95/JP5444334B2.pdf,B-Threshold,General Threshold Processing,ALL,customs threshold automation,customs threshold automation,None (fallback)
patent/US8798520B2/en,System and method for computer based testing using cache and cacheable objects …,"A system and method for computer-based testing includes a test driver that controls delivery of a computer-based test to one or more test candidates and that controls caching of test components during delivery of the test. The system includes various monitoring components, including monitoring of …",Prometric Inc.,Christopher Crowhurst,2014-08-05,2011-08-03,2003-06-20,2014-08-05,US8798520B2,https://patents.google.com/patent/US8798520B2/en,https://patentimages.storage.googleapis.com/9c/4f/92/69f2c7507aa802/US8798520.pdf,B-Threshold,General Threshold Processing,ALL,customs threshold automation,customs threshold automation,None (fallback)
patent/US8925098B2/en,Data security and access tracking in memory,"Notwithstanding the foregoing, Applicant understands that the USPTO's computer programs have certain data entry requirements, and hence Applicant has provided designation(s) of a relationship between the present application and its parent application(s) as set forth above and in any ADS filed in …",Elwha Llc,Roderick A. Hyde,2014-12-30,2013-01-10,2012-11-15,2014-12-30,US8925098B2,https://patents.google.com/patent/US8925098B2/en,https://patentimages.storage.googleapis.com/42/3f/0d/d150f3af5d690f/US8925098.pdf,B-Threshold,General Threshold Processing,ALL,customs threshold automation,customs threshold automation,None (fallback)
patent/US8597190B2/en,Monitoring systems and methods with fast initialization,"Some embodiments provide a system for synchronizing and configuring monitoring devices. In some embodiments, a patient monitoring device settings module is configured to automatically provide configuration settings to a plurality of patient monitoring devices. A monitoring device data module is …",Optiscan Biomedical Corporation,Peter Rule,2013-12-03,2010-12-13,2007-05-18,2013-12-03,US8597190B2,https://patents.google.com/patent/US8597190B2/en,https://patentimages.storage.googleapis.com/2b/c1/88/ee590cb3c3b3a9/US8597190.pdf,B-Threshold,General Threshold Processing,ALL,customs threshold automation,customs threshold automation,None (fallback)
patent/US8692637B2/en,Magnetic device using non polarized magnetic attraction elements,"A magnetic force profile system and related methods and devices based on a sequence of magnets arranged according to a code and acting on a complementary sequence of non-polarized magnetic attraction elements, for example, iron, soft iron, steel, and others. Variations include the addition of …",Correlated Magnetics Research LLC,James L. Richards,2014-04-08,2013-08-05,2008-04-04,2014-04-08,US8692637B2,https://patents.google.com/patent/US8692637B2/en,https://patentimages.storage.googleapis.com/86/dd/70/f631e69417149f/US8692637.pdf,B-Threshold,General Threshold Processing,ALL,customs threshold automation,customs threshold automation,None (fallback)
patent/ES2346165T3/en,APPLIANCE AND METHODS FOR THE OPERATION OF A WIRELESS SERVER.,… 20 illustrates characteristics of a realization of appointment data. Figure 21 illustrates characteristics of a Memory data realization. Figure 22 illustrates characteristics of a realization of an address book entry. Figure 23 illustrates characteristics of a realization of a repetition table. …,Research In Motion Limited,Jesse Boudreau,2010-10-11,2008-07-11,2007-07-27,2010-10-11,ES2346165T3,https://patents.google.com/patent/ES2346165T3/en,https://patentimages.storage.googleapis.com/44/3f/ec/0e9f5a8a29f7b0/ES2346165T3.pdf,B-Threshold,General Threshold Processing,ALL,customs threshold automation,customs threshold automation,None (fallback)
patent/US20080077530A1/en,System and method for project process and workflow optimization,"… , governmental agency, and/or any grouping of individuals for a purpose of accomplishing one or more tasks. As used herein the term “data” or any contextual variant thereof, is generally intended to describe any quanta or type of information that may be suitably adapted for entry into the system. As …",John Banas,John Banas,2008-03-27,2007-09-25,2006-09-25,,US20080077530A1,https://patents.google.com/patent/US20080077530A1/en,https://patentimages.storage.googleapis.com/66/b5/a1/52e7fec6feb409/US20080077530A1.pdf,B-Threshold,General Threshold Processing,ALL,customs threshold automation,customs threshold automation,None (fallback)
patent/US20220051094A1/en,Mesh based convolutional neural network techniques,"Convolutional operators for triangle meshes are determined to construct one or more neural networks. In at least one embodiment, convolutional operators, pooling operators, and unpooling operators are determined to construct the one or more neural networks, in which the same learned weights from …",Nvidia Corporation,Nuttapong CHENTANEZ,2022-02-17,2020-08-14,2020-08-14,,US20220051094A1,https://patents.google.com/patent/US20220051094A1/en,https://patentimages.storage.googleapis.com/57/81/63/2d3828f5e99528/US20220051094A1.pdf,B-Threshold,General Threshold Processing,ALL,customs threshold automation,customs threshold automation,None (fallback)
patent/CN102934142B/en,System and method for EMS device communication interface,"A system for supplementing communication capabilities of a patient monitoring device, the system comprising: an interface device configured to communicatively couple with and receive patient monitoring information from a patient monitoring device; a storage device received and configured on the …",卓尔医学产品公司,迈克尔·司考特·马丁,2016-10-05,2011-04-09,2010-04-09,2016-10-05,CN102934142B,https://patents.google.com/patent/CN102934142B/en,https://patentimages.storage.googleapis.com/4a/da/6a/d5d76b29e38565/CN102934142B.pdf,B-Threshold,General Threshold Processing,ALL,customs threshold automation,customs threshold automation,None (fallback)
patent/US20170135706A1/en,Patient-matched apparatus and methods for performing surgical procedures,"A system and method for developing customized apparatus, such as guides, for use in one or more surgical procedures is disclosed. The system and method incorporates a patient's unique anatomical features or morphology, which may be derived from capturing MRI data or CT data, to fabricate at least …","Mighty Oak Medical, Inc.",George Frey,2017-05-18,2017-01-26,2010-06-29,,US20170135706A1,https://patents.google.com/patent/US20170135706A1/en,https://patentimages.storage.googleapis.com/fb/8b/21/71f3f9b2ce987d/US20170135706A1.pdf,B-Threshold,General Threshold Processing,ALL,customs threshold automation,customs threshold automation,None (fallback)
patent/CN102016794B/en,Apparatus and method for widget-related memory management,The present invention provides an apparatus and method for changing the operating mode of a small window and changing the content feed to the small window based on the operating mode change and/or the memory availability on the wireless device. The present invention also provides an apparatus and …,Qualcomm Incorporated,吉尔达·D·曼蒂阿姆,2014-12-24,2009-03-20,2008-03-25,2014-12-24,CN102016794B,https://patents.google.com/patent/CN102016794B/en,https://patentimages.storage.googleapis.com/4a/45/bb/0787f9c8bba617/CN102016794B.pdf,B-Threshold,General Threshold Processing,ALL,customs threshold automation,customs threshold automation,None (fallback)
patent/DE112021001731T5/en,ACCELERATE FIFTH GENERATION (5G) NEW RADIO OPERATIONS,"Apparatus, systems and techniques for performing Fifth Generation (5G) New Radio operations. In at least one embodiment, an application programming interface (API) is used to perform 5G New Radio operations on one or a plurality of hardware accelerators through an API call.",Nvidia Corporation,Lopamudra Kundu,2023-01-05,2021-06-11,2020-06-16,,DE112021001731T5,https://patents.google.com/patent/DE112021001731T5/en,https://patentimages.storage.googleapis.com/f0/b7/f1/a27456f468b55d/DE112021001731T5.pdf,B-Threshold,General Threshold Processing,ALL,customs threshold automation,customs threshold automation,None (fallback)
patent/US20190279744A1/en,Integration platform and application interfaces for remote data management and …,wherein the at least one processor is configured to permit authentication of the user for access to the system responsive to identifying at least one of the first user device or the second user device and deny entry of authentication information in response to not identifying either of the first …,"YC Wellness, Inc.",Joseph Howley,2019-09-12,2018-10-05,2015-05-08,,US20190279744A1,https://patents.google.com/patent/US20190279744A1/en,https://patentimages.storage.googleapis.com/3f/ba/b2/094a2dea6e3155/US20190279744A1.pdf,B-Threshold,General Threshold Processing,ALL,customs threshold automation,customs threshold automation,None (fallback)
patent/US10528999B2/en,Systems and methods for facilitating discovery and management of business …,"Systems, methods, and computer-readable media are provided to assist a user to identify one or more businesses of interest. Individual selections of businesses by end users to retain information corresponding to the businesses may be facilitated. Collections of business information may be retained …",Yp Llc,Mark Shuman,2020-01-07,2014-08-18,2014-08-18,2020-01-07,US10528999B2,https://patents.google.com/patent/US10528999B2/en,https://patentimages.storage.googleapis.com/1d/74/ff/8c10cce2f788ae/US10528999.pdf,B-Threshold,General Threshold Processing,ALL,customs threshold automation,customs threshold automation,None (fallback)
patent/US20230368046A9/en,Activation of Ancillary Sensor Systems Based on Triggers from a Wearable …,"An event detection system includes sensors to detect movement and other physical inputs related to a user, which the event detection system can process to identify gestures of the user, and possibly also determine, using historical data, machine learning, rule sets, or other techniques for …","Medtronic Minimed, Inc.",Katelijn Vleugels,2023-11-16,2019-01-29,2016-01-28,,US20230368046A9,https://patents.google.com/patent/US20230368046A9/en,https://patentimages.storage.googleapis.com/a0/ed/63/09829efb6f00f8/US20230368046A9.pdf,B-Threshold,General Threshold Processing,ALL,customs threshold automation,customs threshold automation,None (fallback)
patent/US11522821B2/en,Method and apparatus for interaction in a messaging system,"… devices, said proper subset comprising said second device and not comprising a third device from said three or more devices that is a different device from said first device, said method further comprising the steps of: receiving, by said second device, input indicating entry of a second message;","Wrinkl, Inc.",Marc A. Cohen,2022-12-06,2020-10-07,2015-07-06,2022-12-06,US11522821B2,https://patents.google.com/patent/US11522821B2/en,https://patentimages.storage.googleapis.com/59/d6/79/ad7a27c2dff2dd/US11522821B2.pdf,B-Threshold,General Threshold Processing,ALL,customs threshold automation,customs threshold automation,None (fallback)
patent/CN115335902A/en,System and method for automatic candidate evaluation in asynchronous video …,FIG. 8 is a table showing a mapping of interview questions of a job to personality aspects; FIG. 9 illustrates a problem summary user interface screen; FIG. 10 illustrates a question entry user interface screen; FIG. 11 is a table of positive and negative identifiers for personality aspects; FIG. …,卡宜评估全球控股有限公司,A.普雷乌斯,2022-11-11,2021-01-28,2020-01-29,,CN115335902A,https://patents.google.com/patent/CN115335902A/en,https://patentimages.storage.googleapis.com/7a/50/89/d6213931f9b28e/CN115335902A.pdf,B-Threshold,General Threshold Processing,ALL,customs threshold automation,customs threshold automation,None (fallback)
patent/US8799835B2/en,Real time DRC assistance for manual layout editing,"Roughly described, while manually dragging shapes during IC layout editing, editing operations determine which edges of which shapes are moving at what speed ratios. Based on the edge information and the DRC rules, the system calculates and keeps track of the minimum of the maximum distance the …","Synopsys, Inc.",Jon Bendicksen,2014-08-05,2013-05-24,2010-12-03,2014-08-05,US8799835B2,https://patents.google.com/patent/US8799835B2/en,https://patentimages.storage.googleapis.com/ae/f4/1b/2cb180b8c1dc59/US8799835.pdf,B-Threshold,General Threshold Processing,ALL,customs threshold automation,customs threshold automation,None (fallback)
patent/US9754424B2/en,Vehicle monitoring system,"A data logging device tracks the operation of a vehicle or driver actions. The device includes a storage device, which may be removable or portable, having a first memory portion that may be read from and may be written to in a vehicle and a second memory portion that may be read from and may be …",Progressive Casualty Insurance Company,Raymond Scott Ling,2017-09-05,2012-09-14,1996-01-29,2017-09-05,US9754424B2,https://patents.google.com/patent/US9754424B2/en,https://patentimages.storage.googleapis.com/2b/66/48/d69f0b4c375e06/US9754424.pdf,B-Threshold,General Threshold Processing,ALL,shipment value classification,shipment value classification,None (fallback)
patent/KR102186242B1/en,Apparatus and method for processing a multimedia commerce service,"In the multimedia commerce service processing method performed in a multimedia commerce service processing apparatus, Generating a first banner GUI including title information of a multimedia commerce service through a controller included in the multimedia commerce service processing device;",Lg Electronics Inc.,김영아,2020-12-03,2014-02-27,2013-02-28,2020-12-03,KR102186242B1,https://patents.google.com/patent/KR102186242B1/en,https://patentimages.storage.googleapis.com/bf/00/8a/60c41e47d0bf3b/KR102186242B1.pdf,B-Threshold,General Threshold Processing,ALL,shipment value classification,shipment value classification,None (fallback)
patent/US10740556B2/en,Generating an answer to a question utilizing a knowledge base,"A method includes obtaining a sequence of words of a query and identifying, for each word of the sequence of words, an identigen subset to produce a plurality of identigen subsets. The method further includes determining, in accordance with grouping rules, a query entigen grouping that includes a …",Entigenlogic Llc,Frank John Williams,2020-08-11,2018-08-31,2016-09-16,2020-08-11,US10740556B2,https://patents.google.com/patent/US10740556B2/en,https://patentimages.storage.googleapis.com/93/40/69/ed74eeba6a1157/US10740556.pdf,B-Threshold,General Threshold Processing,ALL,shipment value classification,shipment value classification,None (fallback)
patent/EP4328971A2/en,Disaggregation of soc architecture,"The present disclosure provides an apparatus comprising a package assembly that includes a first base chiplet, a first logic chiplet stacked on the first base chiplet, a first interconnect structure to couple the cluster of compute units to the first interconnect fabric, a second base chiplet …",Intel Corporation,Naveen Matam,2024-02-28,2020-01-23,2019-03-15,,EP4328971A2,https://patents.google.com/patent/EP4328971A2/en,https://patentimages.storage.googleapis.com/54/1b/07/6c5039abd5eb2d/EP4328971A2.pdf,B-Threshold,General Threshold Processing,ALL,shipment value classification,shipment value classification,None (fallback)
patent/US20210303481A1/en,Efficient data sharing for graphics data processing operations,"An apparatus to facilitate efficient data sharing for graphics data processing operations is disclosed. The apparatus includes a processing resource to generate a stream of instructions, an L1 cache communicably coupled to the processing resource and comprising an on-page detector circuit to …",Intel Corporation,Joydeep Ray,2021-09-30,2021-03-25,2020-03-27,,US20210303481A1,https://patents.google.com/patent/US20210303481A1/en,https://patentimages.storage.googleapis.com/b6/8e/b0/5ea86c9d0da957/US20210303481A1.pdf,B-Threshold,General Threshold Processing,ALL,shipment value classification,shipment value classification,None (fallback)
patent/US20220236724A1/en,Dynamically reconfigurable data collection agent for fracking pump asset,"collecting, by the system, industrial data from the one or more selected mobile assets according to the manifest data; compressing, by the system, the industrial data into a compressed data file; generating, by the system, one or more data packets using the compressed data file and the manifest …","Rockwell Automation Technologies, Inc.",Bijan Sayyarrodsari,2022-07-28,2022-04-18,2017-07-11,,US20220236724A1,https://patents.google.com/patent/US20220236724A1/en,https://patentimages.storage.googleapis.com/6e/63/62/2e88113ff53621/US20220236724A1.pdf,B-Threshold,General Threshold Processing,ALL,shipment value classification,shipment value classification,None (fallback)
patent/US12324641B2/en,Artificial intelligence for robotic surgery,"An apparatus for robotic surgery comprises a processor configured with instructions to receive patient data from treated patients, receive surgical robotics data for each of the plurality of treated patients, and output a treatment plan of a patient to be treated in response to the patient data …",Procept Biorobotics Corporation,Nikolai Aljuri,2025-06-10,2024-03-01,2018-06-21,2025-06-10,US12324641B2,https://patents.google.com/patent/US12324641B2/en,https://patentimages.storage.googleapis.com/e9/eb/8a/12a83cbd9b3d35/US12324641B2.pdf,B-Threshold,General Threshold Processing,ALL,shipment value classification,shipment value classification,None (fallback)
patent/US10998872B2/en,Methods and apparatus for audio equalization,"Methods, apparatus, systems and articles of manufacture are disclosed for audio equalization. Example apparatus disclosed herein include a volume adjuster to apply equalization adjustments to an audio signal to generate an equalized audio signal, the equalization adjustments output from a neural …","Gracenote, Inc.",Joseph Renner,2021-05-04,2019-10-23,2018-10-24,2021-05-04,US10998872B2,https://patents.google.com/patent/US10998872B2/en,https://patentimages.storage.googleapis.com/a3/e0/fa/0182be7966e88e/US10998872.pdf,B-Threshold,General Threshold Processing,ALL,shipment value classification,shipment value classification,None (fallback)
patent/JP7032220B2/en,Systems and methods for fluid delivery,"A system for closed-loop control of the volume of insulin delivered to a patient, said system. An insulin infusion pump, wherein the insulin infusion pump comprises an insulin infusion pump comprising an acoustic volume sensor for measuring the volume of the insulin delivered to the patient by the …",Deka Products Limited Partnership,カーメン ディーン,2022-03-08,2018-04-16,2008-09-15,2022-03-08,JP7032220B2,https://patents.google.com/patent/JP7032220B2/en,https://patentimages.storage.googleapis.com/1b/6c/d4/83d22e22a8c6bd/JP7032220B2.pdf,B-Threshold,General Threshold Processing,ALL,shipment value classification,shipment value classification,None (fallback)
patent/US9897304B2/en,LED light re-direction accessory,Apparatus and associated methods relate to development of a LED system with high thermal dissipation power relative to the system weight by the inclusion of open regions. The open regions reduce the weight of the optical system while improving airflow. Associated optics are described to …,Frank Shum,Frank Shum,2018-02-20,2017-01-16,2015-03-31,2018-02-20,US9897304B2,https://patents.google.com/patent/US9897304B2/en,https://patentimages.storage.googleapis.com/5e/2f/52/9d3d1a9b8520f6/US9897304.pdf,B-Threshold,General Threshold Processing,ALL,shipment value classification,shipment value classification,None (fallback)
patent/US10997009B2/en,Methods and systems that detect and classify incidents and anomalous behavior …,"… . FIG. 11 illustrates a simple example of event-message logging and analysis. FIG. 12 shows a small, 11-entry portion of a log file from a distributed computer system. FIG. 13 illustrates the event-message-processing approach represented by the currently disclosed methods and systems. FIGS. 14A-C","Vmware, Inc.",Arnak Poghosyan,2021-05-04,2018-12-10,2018-12-10,2021-05-04,US10997009B2,https://patents.google.com/patent/US10997009B2/en,https://patentimages.storage.googleapis.com/d3/f7/11/4b614aa2862841/US10997009.pdf,B-Threshold,General Threshold Processing,ALL,shipment value classification,shipment value classification,None (fallback)
patent/US20240397119A1/en,Adaptive coding and streaming of multi-directional video,"The server 410 also may store a manifest 450 that stores data identifying the tiers 420 - 440 , the tiles 0 - 11 and the segments therein that are available for download to client devices. The manifest 450 typically stores descriptive information about the tiers, tiles, and segments such as their …",Apple Inc.,Xiaohua Yang,2024-11-28,2024-08-07,2018-11-29,,US20240397119A1,https://patents.google.com/patent/US20240397119A1/en,https://patentimages.storage.googleapis.com/51/35/ef/834351bd7c71dd/US20240397119A1.pdf,B-Threshold,General Threshold Processing,ALL,shipment value classification,shipment value classification,None (fallback)
patent/US12350368B2/en,Delivery of large payloads,"In an embodiment of the invention, a protease is delivered with a particle component of the system, for example packaged, mixed with, or enclosed by lipid and/or capsid. Entry of the particle into a cell is thereby accompanied or followed by cleavage and dissociation of payload from particle. In …","The Broad Institute, Inc.",Feng Zhang,2025-07-08,2018-04-16,2017-04-14,2025-07-08,US12350368B2,https://patents.google.com/patent/US12350368B2/en,https://patentimages.storage.googleapis.com/74/0f/e2/99dab42308b932/US12350368B2.pdf,B-Threshold,General Threshold Processing,ALL,shipment value classification,shipment value classification,None (fallback)
patent/US10249114B2/en,System and method for access control using context-based proof,"in which the mobile device is a smart phone, tablet computer or portable computer. 12. The method of claim 10 , in which the mobile device is a vehicle and the asset is entry into a physical region. 13. The method of claim 1 in which the requesting device is virtualized in the form of a body of …",Guardtime Ip Holdings Limited,Garrett DAY,2019-04-02,2017-12-29,2016-04-06,2019-04-02,US10249114B2,https://patents.google.com/patent/US10249114B2/en,https://patentimages.storage.googleapis.com/f8/4a/99/1fa151baab7132/US10249114.pdf,B-Threshold,General Threshold Processing,ALL,shipment value classification,shipment value classification,None (fallback)
patent/US9679332B2/en,Apparatus and method for processing a multimedia commerce service,"A multimedia commerce service processing method includes the steps of receiving a signal for selecting a first product provided by the multimedia commerce service, detecting body size information of a user from login information of an account of the user who uses the multimedia commerce service, …",Lg Electronics Inc.,Youngah KIM,2017-06-13,2014-02-27,2013-02-28,2017-06-13,US9679332B2,https://patents.google.com/patent/US9679332B2/en,https://patentimages.storage.googleapis.com/81/a0/76/2911c8e37c4d4f/US9679332.pdf,B-Threshold,General Threshold Processing,ALL,shipment value classification,shipment value classification,None (fallback)
patent/US10776424B2/en,System and method for identifying and ranking trending named entities in …,"A method and a system for natural language processing of digital content objects, such as news stories, which ranks named entities in digital content objects by the impact that digital content objects that mention them are having on social media, is provided. Digital content objects are scored on …",Newswhip Media Limited,Andrew Mullaney,2020-09-15,2017-07-31,2016-07-29,2020-09-15,US10776424B2,https://patents.google.com/patent/US10776424B2/en,https://patentimages.storage.googleapis.com/40/78/7b/69f773cccc98d3/US10776424.pdf,B-Threshold,General Threshold Processing,ALL,shipment value classification,shipment value classification,None (fallback)
patent/US11470172B1/en,Using network connections to monitor a data center,"An agent executes in user space on a machine and monitors for network connections. In response to detecting an initiation of a network connection, data associated with a process associated with the network connection is collected, e.g., by the agent. At least a portion of the collected process …",Lacework Inc.,Vikram Kapoor,2022-10-11,2021-02-09,2017-11-27,2022-10-11,US11470172B1,https://patents.google.com/patent/US11470172B1/en,https://patentimages.storage.googleapis.com/19/99/d7/70e666e4e5bd79/US11470172.pdf,B-Threshold,General Threshold Processing,ALL,shipment value classification,shipment value classification,None (fallback)
patent/US20210272040A1/en,Systems and methods for language and speech processing with artificial …,"What is claimed is: 1 . A language computing system, the system comprising: one or more processing circuits comprising one or more processors and memory storing instructions that, when executed by the one or more processors, cause the one or more processors to perform operations comprising:","Decooda International, Inc.",David Johnson,2021-09-02,2021-02-25,2020-02-28,,US20210272040A1,https://patents.google.com/patent/US20210272040A1/en,https://patentimages.storage.googleapis.com/1e/6b/09/78d320986c2b03/US20210272040A1.pdf,B-Threshold,General Threshold Processing,ALL,shipment value classification,shipment value classification,None (fallback)
patent/CN111971658B/en,Systems and methods for vulnerability assessment and provision of related …,"In an illustrative embodiment, a system and method for network vulnerability assessment includes obtaining assessment data, the assessment data including information related to domains of network security vulnerabilities of an enterprise, and for each security domain, a corresponding domain level …",怡安风险顾问股份有限公司,J.霍格,2021-08-10,2019-01-31,2018-01-31,2021-08-10,CN111971658B,https://patents.google.com/patent/CN111971658B/en,https://patentimages.storage.googleapis.com/95/6c/69/774a4375788168/CN111971658B.pdf,B-Threshold,General Threshold Processing,ALL,shipment value classification,shipment value classification,None (fallback)
patent/US11575673B2/en,Central user management in a distributed healthcare information management …,Centralized support user management in a distributed healthcare information management system. Support user management may include generation of permission data that may be distributed from a central server to one or more local systems. The local systems may execute a healthcare information …,Baxter Corporation Englewood,Bhavesh S. Padmani,2023-02-07,2015-09-29,2014-09-30,2023-02-07,US11575673B2,https://patents.google.com/patent/US11575673B2/en,https://patentimages.storage.googleapis.com/8f/f7/b1/575a0a449c2ab5/US11575673.pdf,B-Threshold,General Threshold Processing,ALL,shipment value classification,shipment value classification,None (fallback)
patent/US10319022B2/en,Apparatus and method for processing a multimedia commerce service,"A multimedia commerce brand offering environment is disclosed. Herein, a method for processing a multimedia commerce service includes the steps of storing service usage pattern data of a user using the multimedia commerce service, sensing a user action from a CPE of the user using the multimedia …",Lg Electronics Inc.,Jim CLAYTON,2019-06-11,2014-02-28,2013-02-28,2019-06-11,US10319022B2,https://patents.google.com/patent/US10319022B2/en,https://patentimages.storage.googleapis.com/cb/52/ea/82743f15929fb2/US10319022.pdf,B-Threshold,General Threshold Processing,ALL,shipment value classification,shipment value classification,None (fallback)
patent/US9313139B2/en,Physical port sharing in a link aggregation group,Virtual switches are established in a host system of a computing environment. Each virtual switch of the virtual switches includes a respective virtual switch port grouped within a shared port group of virtual switch ports. The virtual switch ports of the shared port group are in communication …,International Business Machines Corporation,Angelo MacChiano,2016-04-12,2014-12-05,2014-03-14,2016-04-12,US9313139B2,https://patents.google.com/patent/US9313139B2/en,https://patentimages.storage.googleapis.com/d2/e9/fe/2dd182061cb06d/US9313139.pdf,B-Threshold,General Threshold Processing,ALL,shipment value classification,shipment value classification,None (fallback)
patent/US11162080B2/en,Attenuated viruses useful for vaccines,… used to quantify the in vivo effect CPB has on translation. The first cistron utilizes a hepatitis C virus (HCV) Internal Ribosome Entry Site (IRES) inducing the translation of Renilla Luciferase (R-Luc). This first cistron is the internal control used to normalize the amount of input RNA. The …,The Research Foundation For The State University Of New York,Eckard Wimmer,2021-11-02,2018-07-16,2007-03-30,2021-11-02,US11162080B2,https://patents.google.com/patent/US11162080B2/en,https://patentimages.storage.googleapis.com/10/db/85/f518b7f55d9129/US11162080.pdf,B-Threshold,General Threshold Processing,ALL,shipment value classification,shipment value classification,None (fallback)
patent/US11756272B2/en,Somatic and somatosensory guidance in virtual and augmented reality …,The system may utilize the additional input sources to declare variables as part of the procedural language. The declaration of variables allows for the binding of associations with a physical action or visual object within the field of view. The procedural language and content generation system …,"LabLightAR, Inc.",Roger Brent,2023-09-12,2022-08-29,2021-08-27,2023-09-12,US11756272B2,https://patents.google.com/patent/US11756272B2/en,https://patentimages.storage.googleapis.com/47/8f/45/e6ec3a25536aba/US11756272.pdf,B-Threshold,General Threshold Processing,ALL,shipment value classification,shipment value classification,None (fallback)
patent/US11860865B2/en,"Analytic systems, methods, and computer-readable media for structured, semi- …",A computer system extracts contender values as positively associated with a pre-defined value from a compilation of one or more electronically stored semi-structured document(s) and/or one or more electronically stored unstructured document(s). The computer system performs a multi-dimensional …,"Kofax, Inc.",Ilker Kavas,2024-01-02,2021-08-16,2015-12-07,2024-01-02,US11860865B2,https://patents.google.com/patent/US11860865B2/en,https://patentimages.storage.googleapis.com/f9/81/23/140de8c6148b01/US11860865.pdf,B-Threshold,General Threshold Processing,ALL,shipment value classification,shipment value classification,None (fallback)
patent/US9981008B2/en,Apolipoprotein A-I mimics,"… ”) pathway has three main steps: (i) cholesterol efflux, i.e., the initial removal of cholesterol from various pools of peripheral cells; (ii) cholesterol esterification by the action of lecithin:cholesterol acyltransferase (“LCAT”), thereby preventing a re-entry of effluxed cholesterol into cells;",Cerenis Therapeutics Holding Sa,Jean-Louis Dasseux,2018-05-29,2016-07-11,2009-02-16,2018-05-29,US9981008B2,https://patents.google.com/patent/US9981008B2/en,https://patentimages.storage.googleapis.com/c0/b2/d1/534e762e4f20fd/US9981008.pdf,B-Threshold,General Threshold Processing,ALL,shipment value classification,shipment value classification,None (fallback)
patent/US11586548B2/en,Sector cache for compression,"In an example, an apparatus comprises a plurality of execution units, and a cache memory communicatively coupled to the plurality of execution units, wherein the cache memory is structured into a plurality of sectors, wherein each sector in the plurality of sectors comprises at least two cache …",Intel Corporation,Abhishek R. Appu,2023-02-21,2021-03-03,2017-04-01,2023-02-21,US11586548B2,https://patents.google.com/patent/US11586548B2/en,https://patentimages.storage.googleapis.com/61/64/33/aef6c8e606ac7c/US11586548B2.pdf,B-Threshold,General Threshold Processing,ALL,shipment value classification,shipment value classification,None (fallback)
patent/US10276263B2/en,Systems and methods for surfacing contextually relevant content into the …,Systems and methods for surfacing contextually relevant data into the workflow of a third party system are discussed herein. The system implements a near-real-time method of detecting activity corresponding to particular electronic health records associated with particular patients in third-party …,"Snaps Solutions, Llc","Robert Emmitt Connely, IV",2019-04-30,2017-10-27,2016-10-27,2019-04-30,US10276263B2,https://patents.google.com/patent/US10276263B2/en,https://patentimages.storage.googleapis.com/7d/00/ce/9bdfc759a9ca8f/US10276263.pdf,B-Threshold,General Threshold Processing,ALL,shipment value classification,shipment value classification,None (fallback)
patent/US10974389B2/en,Methods and apparatus for early sensory integration and robust acquisition of …,"The systems and methods disclosed herein include a path integration system that calculates optic flow, infers angular velocity from the flow field, and incorporates this velocity estimate into heading calculations. The resulting system fuses heading estimates from accelerometers, 5 gyroscopes, …","Neurala, Inc.",Anatoly Gorshechnikov,2021-04-13,2019-04-05,2013-05-22,2021-04-13,US10974389B2,https://patents.google.com/patent/US10974389B2/en,https://patentimages.storage.googleapis.com/00/a2/e3/972de954f34fe5/US10974389.pdf,B-Threshold,General Threshold Processing,ALL,shipment value classification,shipment value classification,None (fallback)
patent/US10622105B2/en,Patient library interface combining comparison information with feedback,"… configured to implement a variety of systems and processes including image storage (e.g., picture archiving and communication system (PACS), etc.), image processing and/or analysis, radiology reporting and/or review (e.g., radiology information system (RIS), etc.), computerized provider order entry …",General Electric Company,Anna Louise Von Reden,2020-04-14,2019-04-29,2014-11-26,2020-04-14,US10622105B2,https://patents.google.com/patent/US10622105B2/en,https://patentimages.storage.googleapis.com/e5/41/0e/11329698c76f70/US10622105.pdf,B-Threshold,General Threshold Processing,ALL,shipment value classification,shipment value classification,None (fallback)
patent/US20200364624A1/en,Privacy Preserving Artificial Intelligence System For Dental Data From …,"Dental images are processed according to a first machine learning model to determine teeth labels. The teeth labels and image are processed using a second machine learning model to label anatomy. The anatomy labels, teeth labels, and image are processed using a third machine learning model to …",Retrace Labs,Vasant Kearney,2020-11-19,2020-05-21,2019-05-16,,US20200364624A1,https://patents.google.com/patent/US20200364624A1/en,https://patentimages.storage.googleapis.com/ff/b3/16/77346bbdd99e86/US20200364624A1.pdf,B-Threshold,General Threshold Processing,ALL,shipment value classification,shipment value classification,None (fallback)
patent/US10512092B2/en,Modulated signals in spectral segments for managing utilization of wireless …,"Aspects of the subject disclosure may include, for example, a device that converts a modulated signal in a spectral segment to the modulated signal at a carrier frequency without modifying a signaling protocol, wherein the carrier frequency is outside of the spectral segment. A guided …","At&T Intellectual Property I, L.P.",Irwin Gerszberg,2019-12-17,2019-01-16,2015-09-16,2019-12-17,US10512092B2,https://patents.google.com/patent/US10512092B2/en,https://patentimages.storage.googleapis.com/9a/af/16/d0cecec6208e7a/US10512092.pdf,B-Threshold,General Threshold Processing,ALL,shipment value classification,shipment value classification,None (fallback)
patent/AU2015266840B2/en,Structured suggestions,An electronic device suggests contacts and calendar events for users based on their messages. The device can analyze a user's messages for contact and event information and automatically generate or update suggested contacts and calendar events for the user based on this information. The suggested …,Apple Inc.,Daniel C. Gross,2018-03-29,2015-05-28,2014-05-30,2018-03-29,AU2015266840B2,https://patents.google.com/patent/AU2015266840B2/en,https://patentimages.storage.googleapis.com/cf/c8/b9/13e1c8f3eaa147/AU2015266840B2.pdf,B-Threshold,General Threshold Processing,ALL,shipment value classification,shipment value classification,None (fallback)
patent/EP2160724B1/en,"Methods, systems, and computer program products for locating and tracking …","The system (300, 2200) of claim 1 wherein the tracking system is configured to store hazardous material identification information for the hazardous material, wherein the hazardous material identification information includes at least one of shipping information, a manifest, inventory, ownership …",Troxler Electronics Labs,Robert Ernest Troxler,2019-05-01,2008-06-09,2007-06-08,2019-05-01,EP2160724B1,https://patents.google.com/patent/EP2160724B1/en,https://patentimages.storage.googleapis.com/9d/35/b4/1ddee15d1118a9/EP2160724B1.pdf,B-Threshold,General Threshold Processing,ALL,shipment value classification,shipment value classification,None (fallback)
patent/TW201835784A/en,Internet of Things,"The Internet in this article can be configured to provide communication for a large number of Internet of Things (IoT) devices. Devices can be designed to handle network layer requirements from central servers through gateways to edge devices, to develop unhindered, to discover and generate …",Intel Corporation,尼德 M. 史密斯,2018-10-01,2017-12-28,2016-12-30,,TW201835784A,https://patents.google.com/patent/TW201835784A/en,https://patentimages.storage.googleapis.com/97/2c/4f/9eba535102e4c3/TW201835784A.pdf,B-Threshold,General Threshold Processing,ALL,shipment value classification,shipment value classification,None (fallback)
patent/CN114303156A/en,Video prediction using one or more neural networks,"The invention discloses a device, a system and a technology for enhancing video. In at least one embodiment, one or more neural networks are used to create a second video with one or more additional video frames from the first video.",Nvidia Corporation,K·施,2022-04-08,2020-08-19,2019-09-03,,CN114303156A,https://patents.google.com/patent/CN114303156A/en,https://patentimages.storage.googleapis.com/47/ca/cd/f3a514862b863e/CN114303156A.pdf,B-Threshold,General Threshold Processing,ALL,shipment value classification,shipment value classification,None (fallback)
patent/US20170286525A1/en,Field Extraction Rules from Clustered Data Samples,The operation of an automatic data input and query system is controlled by well-defined control data. Certain control data may relate to data schemas and direct operations performed by the system to extract fields from machine data. Automatic methods may determine proper field extraction control …,Splunk Inc.,Li Li,2017-10-05,2016-04-30,2016-03-31,,US20170286525A1,https://patents.google.com/patent/US20170286525A1/en,https://patentimages.storage.googleapis.com/b4/c1/de/d2a90fc8be6e58/US20170286525A1.pdf,B-Threshold,General Threshold Processing,ALL,shipment value classification,shipment value classification,None (fallback)
patent/US20180237039A1/en,Locomotive control system,A locomotive control system includes a controller configured to control communication between or among plural locomotive devices that control movement of a locomotive via a network that communicatively couples the vehicle devices. The controller also is configured to control the communication …,General Electric Company,Tab Robert Mong,2018-08-23,2018-04-20,2016-06-30,,US20180237039A1,https://patents.google.com/patent/US20180237039A1/en,https://patentimages.storage.googleapis.com/33/81/00/9cbfa244b142f3/US20180237039A1.pdf,B-Threshold,General Threshold Processing,ALL,shipment value classification,shipment value classification,None (fallback)
patent/CN111770706A/en,Bed with snoring detection feature,"A first bed includes a first mattress, a first pressure sensor, a first acoustic sensor, and a first controller in data communication with the first pressure sensor and the first acoustic sensor. The first controller is configured to receive a first pressure reading and a first acoustic reading.",Sleep Number Corporation,奥米德·萨阿迪,2020-10-13,2018-12-27,2017-12-28,,CN111770706A,https://patents.google.com/patent/CN111770706A/en,https://patentimages.storage.googleapis.com/ad/85/5b/43fc8971c76105/CN111770706A.pdf,B-Threshold,General Threshold Processing,ALL,shipment value classification,shipment value classification,None (fallback)
patent/JP7322182B2/en,Bone wall tracking and guidance for orthopedic implant placement,"A position, axis, plane, angle and/or defining the size, shape, angle, surface contour and/or orientation to be defined and/or the implantation of the implant component into the patient's bone or tissue by the surgeon. or may contain entry points. Information such as dimensions, shapes, angles, …",ホウメディカ・オステオニクス・コーポレイション,ダッソンビル、バンジャマン,2023-08-07,2020-05-01,2019-05-14,2023-08-07,JP7322182B2,https://patents.google.com/patent/JP7322182B2/en,https://patentimages.storage.googleapis.com/7a/80/ef/20f6fb9e08de66/JP7322182B2.pdf,B-Threshold,General Threshold Processing,ALL,shipment value classification,shipment value classification,None (fallback)
patent/CN101510114B/en,System for providing strategy for improving performance of data center,"A system is described for providing strategies for increasing the efficiency of data centers. The system may include a memory, an interface, and a processor. The memory may store a historical dataset, a profile and an initial configuration of a data center. The interface may communicate with a …",Accenture Global Services Limited,T·S·滕格,2014-04-16,2009-02-12,2008-02-12,2014-04-16,CN101510114B,https://patents.google.com/patent/CN101510114B/en,https://patentimages.storage.googleapis.com/67/18/5a/21df13189fe927/CN101510114B.pdf,B-Threshold,General Threshold Processing,ALL,shipment value classification,shipment value classification,None (fallback)
patent/CN112584791A/en,Neural network for diagnosing shoulder disorders,A computing system generates a plurality of training data sets from past shoulder surgical cases and trains a neural network using the plurality of training data sets. Each output layer neuron of a plurality of output layer neurons of the neural network corresponds to a different class in one or …,托尼尔公司,让·沙维,2021-03-30,2019-06-13,2018-06-19,,CN112584791A,https://patents.google.com/patent/CN112584791A/en,https://patentimages.storage.googleapis.com/07/ac/d1/e9d1152daadc8f/CN112584791A.pdf,B-Threshold,General Threshold Processing,ALL,shipment value classification,shipment value classification,None (fallback)
patent/CN112016669A/en,Training neural networks using selective weight updates,"In at least one embodiment, each item or entry has an embedding vector and a metadata entry (eg, an array entry) corresponding to the embedding vector that has been most recently updated. In at least one embodiment, each item has an associated metadata entry encoded as an integer representing how …",Nvidia Corporation,C·卡塞,2020-12-01,2020-05-26,2019-05-31,,CN112016669A,https://patents.google.com/patent/CN112016669A/en,https://patentimages.storage.googleapis.com/f2/d9/31/aec1a97722448a/CN112016669A.pdf,B-Threshold,General Threshold Processing,ALL,shipment value classification,shipment value classification,None (fallback)
patent/DE102021110055A1/en,CERTAIN NOTIFICATIONS USING ONE OR MORE NEURAL NETWORKS,"Devices, systems, and methods are presented for determining actions to be taken in the event of data anomalies. In at least one embodiment, audio and video recorded for a user's environment may be analyzed to detect one or more data anomalies and determine whether to notify that user based on …",Nvidia Corporation,Siddhant Pardeshi,2021-10-28,2021-04-21,2020-04-28,,DE102021110055A1,https://patents.google.com/patent/DE102021110055A1/en,https://patentimages.storage.googleapis.com/7b/e0/7a/44cef9f16985e8/DE102021110055A1.pdf,B-Threshold,General Threshold Processing,ALL,shipment value classification,shipment value classification,None (fallback)
patent/CN112118773A/en,Bed with Physiological Event Detection Features,"A bed system (100) comprising a first bed (112), the first bed (112) comprising a first mattress, a first pressure sensor (146), a first acoustic sensor (1902), and a first controller (124), the first controller (124) configured to receive a first pressure reading and a first acoustic reading. The …",Sleep Number Corporation,奥米德·萨阿迪,2020-12-22,2018-12-27,2018-01-05,,CN112118773A,https://patents.google.com/patent/CN112118773A/en,https://patentimages.storage.googleapis.com/10/86/19/28679c57159017/CN112118773A.pdf,B-Threshold,General Threshold Processing,ALL,shipment value classification,shipment value classification,None (fallback)
patent/DE102020130073A1/en,IMPROVEMENT OF DATA LOCALITY FOR GRAPHIC PROCESSOR UNITS,"Embodiments described herein include an apparatus having a plurality of processing resources including a first processing resource and a second processing resource, a memory communicatively coupled to the first processing resource and the second processing resource; and a processor for receiving …",Intel Corporation,Prasoonkumar Surti,2021-05-20,2020-11-13,2019-11-15,,DE102020130073A1,https://patents.google.com/patent/DE102020130073A1/en,https://patentimages.storage.googleapis.com/86/8f/55/6c54b081ba07a4/DE102020130073A1.pdf,B-Threshold,General Threshold Processing,ALL,shipment value classification,shipment value classification,None (fallback)
patent/DE112021002772T5/en,IMAGE GENERATION USING ONE OR MORE NEURAL NETWORKS,"Devices, systems and techniques for generating images are presented. In at least one embodiment, one or more neural networks are used to adjust one or more aspect ratios of one or more objects of one or more images based at least in part on input from one or more users.",Nvidia Corporation,Ming-Yu Liu,2023-04-27,2021-10-06,2020-10-08,,DE112021002772T5,https://patents.google.com/patent/DE112021002772T5/en,https://patentimages.storage.googleapis.com/30/21/e8/95b93dcceb668a/DE112021002772T5.pdf,B-Threshold,General Threshold Processing,ALL,shipment value classification,shipment value classification,None (fallback)
patent/WO2021062160A1/en,Distributed ledger lending systems having a smart contract architecture and …,According to embodiments of the present disclosure decentralized loan processes are disclosed. An example method includes receiving a request to initiate a loan process that indicates a collateral item. The method also includes generating a collateral token corresponding to the collateral item.,Sliwka Lukasz Jakub,Lukasz Jakub SLIWKA,2021-04-01,2020-09-25,2019-09-26,,WO2021062160A1,https://patents.google.com/patent/WO2021062160A1/en,https://patentimages.storage.googleapis.com/d8/42/73/a19799a3ed99c3/WO2021062160A1.pdf,B-Threshold,General Threshold Processing,ALL,shipment value classification,shipment value classification,None (fallback)
patent/CN112819679A/en,Graphics processing unit processing and cache improvement,"The present application discloses graphics processing unit processing and cache improvements. Embodiments herein relate generally to improvements related to power, latency, bandwidth, and/or performance issues with GPU processing/caching. According to one embodiment, the system includes a producer …",Intel Corporation,S·马余兰,2021-05-18,2020-11-13,2019-11-15,,CN112819679A,https://patents.google.com/patent/CN112819679A/en,https://patentimages.storage.googleapis.com/bb/ea/e8/c1189c55fa0600/CN112819679A.pdf,B-Threshold,General Threshold Processing,ALL,shipment value classification,shipment value classification,None (fallback)
patent/US20230298128A1/en,Local memory translation table,"perform a first address translation for the virtual address via a first translation table, the first address translation to generate a first physical address; determine, based on an entry of the first translation table, that the virtual address is mapped to the local memory device; perform a second …",Intel Corporation,David Puffer,2023-09-21,2022-06-24,2022-03-18,,US20230298128A1,https://patents.google.com/patent/US20230298128A1/en,https://patentimages.storage.googleapis.com/cc/4b/e7/56180a1f761a96/US20230298128A1.pdf,B-Threshold,General Threshold Processing,ALL,shipment value classification,shipment value classification,None (fallback)
patent/US8788476B2/en,Method and system of triggering a search request,"A method and system are described for creating a recurring or triggered search request. A search request is associated with a condition which initiates an information search. A search result, including a search query associated with a search request and a condition may be provided to a user via …","Chacha Search, Inc.",Scott A. Jones,2014-07-22,2009-08-13,2008-08-15,2014-07-22,US8788476B2,https://patents.google.com/patent/US8788476B2/en,https://patentimages.storage.googleapis.com/7d/5e/a8/a3dcc52a64e3fa/US8788476.pdf,B-Threshold,General Threshold Processing,ALL,shipment value classification,shipment value classification,None (fallback)
patent/DE102021116109A1/en,IMAGE GENERATION USING ONE OR MORE NEURAL NETWORKS,"Devices, systems and techniques for removing objects from images and performing inpainting for areas of object removal are presented. In at least one embodiment, one or more neural networks are used to remove one or more objects from one or more images, where the one or more objects are of a …",Nvidia Corporation,Siddhant Pardeshi,2021-12-30,2021-06-22,2020-06-26,,DE102021116109A1,https://patents.google.com/patent/DE102021116109A1/en,https://patentimages.storage.googleapis.com/00/4a/bd/12146cdabc27a5/DE102021116109A1.pdf,B-Threshold,General Threshold Processing,ALL,shipment value classification,shipment value classification,None (fallback)
patent/CN115066709A/en,Image generation using one or more neural networks,"The present disclosure proposes apparatuses, systems, and techniques for generating enhanced images. In at least one embodiment, one or more neural networks are used to modify one or more first objects in an image, the modification being based at least in part on one or more of the images to be …",Nvidia Corporation,S·帕德什,2022-09-16,2021-08-30,2020-08-31,,CN115066709A,https://patents.google.com/patent/CN115066709A/en,https://patentimages.storage.googleapis.com/b8/36/f4/081f1b06567b33/CN115066709A.pdf,B-Threshold,General Threshold Processing,ALL,shipment value classification,shipment value classification,None (fallback)
patent/CN114661455A/en,Method and apparatus for validating trained models in edge environments,"Methods and apparatus to validate trained models in edge environments are disclosed. An example apparatus for validating a trained model in a marginal environment includes: a proof verifier to determine a proof score for a model received at a first device, the proof score calculated at a second …",Intel Corporation,F·圭姆伯纳特,2022-06-24,2021-11-19,2020-12-22,,CN114661455A,https://patents.google.com/patent/CN114661455A/en,https://patentimages.storage.googleapis.com/71/86/b7/901969237cca29/CN114661455A.pdf,B-Threshold,General Threshold Processing,ALL,shipment value classification,shipment value classification,None (fallback)
patent/US20230146259A1/en,Sampling across multiple views in supersampling operation,"Sampling across multiple views in supersampling operation is described. An example of an apparatus includes one or more processing resources configured to perform a supersampling operation for image data generated for multiple views utilizing one or more neural networks, the processing resources …",Intel Corporation,Gabor Liktor,2023-05-11,2022-11-03,2021-11-05,,US20230146259A1,https://patents.google.com/patent/US20230146259A1/en,https://patentimages.storage.googleapis.com/c3/f3/82/c273088f0a94dc/US20230146259A1.pdf,B-Threshold,General Threshold Processing,ALL,shipment value classification,shipment value classification,None (fallback)
patent/US12254590B2/en,Combined denoising and upscaling network with importance sampling in a graphics …,"An apparatus to facilitate combined denoising and upscaling network with importance sampling in a graphics environment is disclosed. The apparatus includes set of processing resources including circuitry configured to: receive, at an input of a density map neural network, a sampled signal of a …",Intel Corporation,Dmitry Kozlov,2025-03-18,2021-12-21,2021-11-05,2025-03-18,US12254590B2,https://patents.google.com/patent/US12254590B2/en,https://patentimages.storage.googleapis.com/b7/c0/33/41aa81244d30a2/US12254590.pdf,B-Threshold,General Threshold Processing,ALL,shipment value classification,shipment value classification,None (fallback)
patent/AU2012273537B2/en,Micro-organism threat detection,A method of tracking and predicting the spread of micro-organisms in an environment relies on the optical detection of the growth of micro-organisms within an analyte containing a growth medium for the micro-organism(s) to be detected. Standardisation of the containers and growth medium for each …,Zyzeba Testing Limited,Rosemary Katherine Cameron Sharpin,2015-11-19,2012-06-21,2011-06-22,2015-11-19,AU2012273537B2,https://patents.google.com/patent/AU2012273537B2/en,https://patentimages.storage.googleapis.com/5f/b0/77/f5cfde9452ba4b/AU2012273537B2.pdf,B-Threshold,General Threshold Processing,ALL,shipment value classification,shipment value classification,None (fallback)
patent/US12001470B2/en,Document elimination for compact and secure storage and management thereof,"Documents, such as those that may or will be the subject of a litigation, may be managed by automatically determining that a document, such as an email or other communication, is privileged or producible such that superfluous documents may be removed to improve data storage and reduce the burden …",Dg Ip Llc,Theodore Daniel Culhane,2024-06-04,2022-11-14,2017-09-15,2024-06-04,US12001470B2,https://patents.google.com/patent/US12001470B2/en,https://patentimages.storage.googleapis.com/d5/90/c0/960f75fec81841/US12001470.pdf,B-Threshold,General Threshold Processing,ALL,shipment value classification,shipment value classification,None (fallback)
patent/RU2683635C2/en,Hybrid proteins alike alkaline phosphatase,"FIELD: biotechnology. SUBSTANCE: group of inventions relates to biotechnology. Proposed isolated protein with phosphatase activity, containing the amino acid sequence of at least 365 consecutive amino acids, having at least 98 % identity with SEQ ID NO: 5, the amino acid sequence of 65 consecutive …",Ам-Фарма Б.В.,Виллем РАБЕН,2019-03-29,2015-01-26,2014-01-24,2019-03-29,RU2683635C2,https://patents.google.com/patent/RU2683635C2/en,https://patentimages.storage.googleapis.com/49/bc/39/96c4d4cf715a29/RU2683635C2.pdf,B-Threshold,General Threshold Processing,ALL,shipment value classification,shipment value classification,None (fallback)
patent/ES2431016T3/en,Systems and methods to automatically detect users with media device detection …,Fig. 14 is an illustrative screen of a reminder for users of a media device according to another embodiment of the invention; Figure 15 shows an example entry event for a media device according to another embodiment of the invention; 10 Figure 16 shows an example user data structure according to …,"United Video Properties, Inc.",Camron Shimy,2013-11-22,2010-09-10,2009-09-23,2013-11-22,ES2431016T3,https://patents.google.com/patent/ES2431016T3/en,https://patentimages.storage.googleapis.com/92/58/6e/42fad47dd9570d/ES2431016T3.pdf,B-Threshold,General Threshold Processing,ALL,shipment value classification,shipment value classification,None (fallback)
patent/US20180326282A1/en,"Systems, methods, and articles of manufacture to measure, analyze and share …","Disclosed herein is an electronic device holder comprising a body having a back portion, a first body end, a second body end, and a first and second side portion. The device holder further comprises a clamp on the back portion of the body that is configured to removably attach and secure the body …",Karsten Manufacturing Corporation,Roger J. Cottam,2018-11-15,2018-07-25,2011-05-11,,US20180326282A1,https://patents.google.com/patent/US20180326282A1/en,https://patentimages.storage.googleapis.com/12/96/bb/0cb899353198a6/US20180326282A1.pdf,B-Threshold,General Threshold Processing,ALL,shipment value classification,shipment value classification,None (fallback)
patent/WO2020016579A2/en,Machine learning based methods of analysing drug-like molecules,"… of identifying novel candidate drugs from the astronomically large space of possible candidates. Current machine learning approaches often used SMILES (Simplified Molecular Input Line Entry System) representation of molecules, which encode molecule structures using text data, as input data. Over …",Gtn Ltd,Hagen TRIENDL,2020-01-23,2019-07-17,2018-07-17,,WO2020016579A2,https://patents.google.com/patent/WO2020016579A2/en,https://patentimages.storage.googleapis.com/2c/75/37/d7fd059e4e5cf9/WO2020016579A2.pdf,B-Threshold,General Threshold Processing,ALL,shipment value classification,shipment value classification,None (fallback)
patent/US10689428B2/en,"Polypeptides, nucleic acids and uses thereof","This application is of co-pending application Ser. No. 15/101,304 filed Jun. 2, 2016 which is a National Phase Entry Application under 35 U.S.C. § 371 of International Application No. PCT/SG2014/000574 filed Dec. 3, 2014, and claims benefit under 35 U.S.C. § 119 of U.S. Provisional Application Ser.","Agency For Science, Technology And Research",Bruno Reversade,2020-06-23,2018-01-09,2013-12-03,2020-06-23,US10689428B2,https://patents.google.com/patent/US10689428B2/en,https://patentimages.storage.googleapis.com/99/fb/1e/7e5dc4ef62434b/US10689428.pdf,B-Threshold,General Threshold Processing,ALL,shipment value classification,shipment value classification,None (fallback)
patent/CN112785486A/en,Adaptive deformable kernel prediction network for image denoising,An adaptive deformable kernel prediction network for denoising images is disclosed. Embodiments are generally related to adaptive deformable kernel prediction networks for image denoising. An embodiment of a method of denoising an image by a convolutional neural network implemented on a …,Intel Corporation,姚安邦,2021-05-11,2019-11-07,2019-11-07,,CN112785486A,https://patents.google.com/patent/CN112785486A/en,https://patentimages.storage.googleapis.com/6f/d9/05/fa3ff09d9b5f9c/CN112785486A.pdf,B-Threshold,General Threshold Processing,ALL,shipment value classification,shipment value classification,None (fallback)
patent/AU2017345759B2/en,"Anti-respiratory syncytial virus antibodies, and methods of their generation …","Anti-RSV antibodies with neutralizing potency against RSV subtype A and RSV subtype B are provided, as well as methods for their identification, isolation, generation, and methods for their preparation and use are provided.","Adimab, Llc",Laura M. Walker,2024-06-20,2017-10-20,2016-10-21,2024-06-20,AU2017345759B2,https://patents.google.com/patent/AU2017345759B2/en,https://patentimages.storage.googleapis.com/9e/1b/61/aaf4eb4a17ab51/AU2017345759B2.pdf,B-Threshold,General Threshold Processing,ALL,shipment value classification,shipment value classification,None (fallback)
patent/US8209003B2/en,Morphology discrimination based on inflection point-related information,"A morphology discrimination scheme extracts shape characteristics from cardiac signals and identifies an associated cardiac condition based on the shape characteristics. For example, internal data structures may be updated to match the shape characteristics of a known condition (e.g., a patient's …","Pacesetter, Inc.",Paul Higham,2012-06-26,2010-08-11,2007-10-22,2012-06-26,US8209003B2,https://patents.google.com/patent/US8209003B2/en,https://patentimages.storage.googleapis.com/a6/74/5e/03945c8af9a4c5/US8209003.pdf,B-Threshold,General Threshold Processing,ALL,shipment value classification,shipment value classification,None (fallback)
patent/US12032634B1/en,Graph reclustering based on different clustering criteria,"An illustrative method includes generating a logical graph by performing a clustering operation with respect to log data associated with one or more machines, the clustering operation performed using a first clustering criteria and causing the logical graph to initially include a first set of …",Lacework Inc.,Yijou Chen,2024-07-09,2022-01-18,2019-12-23,2024-07-09,US12032634B1,https://patents.google.com/patent/US12032634B1/en,https://patentimages.storage.googleapis.com/b4/8b/6a/7d829dd46498ff/US12032634.pdf,B-Threshold,General Threshold Processing,ALL,shipment value classification,shipment value classification,None (fallback)
patent/US11337778B2/en,Distributed system for fabricating dental aligners,Systems and methods for fabricating aligners include a central processing system and a dental aligner fabrication system. The central processing system includes or provides a patient intake portal corresponding to a first dentist or orthodontist who conducts an intraoral scan or administers an …,Sdc U.S. Smilepay Spv,Jordan Katzman,2022-05-24,2021-01-13,2017-06-21,2022-05-24,US11337778B2,https://patents.google.com/patent/US11337778B2/en,https://patentimages.storage.googleapis.com/07/f2/ec/5b96d533aafc37/US11337778.pdf,B-Threshold,General Threshold Processing,ALL,shipment value classification,shipment value classification,None (fallback)
patent/DE112021004282T5/en,GRID-BASED TECHNIQUES OF CONVOLUTIONAL NEURAL NETWORK,"… regression from character poses, cloth regression from PCA coefficients, and hand skin deformation from bone joint angles. A neural network 116 (e.g., a triangular grid-based CNN) may be dedicated to data entry (e.g., multiple triangular grids) 102 be constructed, possibly with an open boundary.",Nvidia Corporation,Nuttapong CHENTANEZ,2023-06-29,2021-08-12,2020-08-14,,DE112021004282T5,https://patents.google.com/patent/DE112021004282T5/en,https://patentimages.storage.googleapis.com/6f/8a/01/93f4f47c6ab009/DE112021004282T5.pdf,B-Threshold,General Threshold Processing,ALL,shipment value classification,shipment value classification,None (fallback)
patent/US20200370994A1/en,Method and apparatus for augmented virtual models and orienteering,"The present invention provides Augmented Virtual Models accessible via Orienteering using a smart device. The smart device is operative to identify a position within a building and use fine-grain location monitoring to guide a user to a desired location. Upon reaching the desired location, the …","Middle Chart, LLC",Michael S. Santarone,2020-11-26,2019-05-20,2017-02-22,,US20200370994A1,https://patents.google.com/patent/US20200370994A1/en,https://patentimages.storage.googleapis.com/58/1d/8e/5fe5655606e006/US20200370994A1.pdf,B-Threshold,General Threshold Processing,ALL,shipment value classification,shipment value classification,None (fallback)
patent/US8571992B2/en,Methods and apparatus for title structure and management,"A title management apparatus resident on a first computer including a memory for storing a control program and data, and a processor for executing the control program and for managing the data. The apparatus includes user data resident in the memory including a set of user security indicia. The …","Oncircle, Inc.",Stefan Roever,2013-10-29,2010-03-03,2002-05-15,2013-10-29,US8571992B2,https://patents.google.com/patent/US8571992B2/en,https://patentimages.storage.googleapis.com/9b/94/7e/cfb5900a1931a5/US8571992.pdf,B-Threshold,General Threshold Processing,ALL,shipment value classification,shipment value classification,None (fallback)
patent/AU2009245324B2/en,Anti-angiogenic compounds,"The present invention provides VEGF binding peptides. In addition, the invention provides VEGF peptides conjugated to antibodies alone and in conjunction with other anti-angiogenic molecules. Various uses of the peptides and compounds are provided, including methods to treat disorders assoiated …","Covx Technologies Ireland, Ltd.",Abhijit Suresh Bhat,2012-07-19,2009-05-04,2008-05-05,2012-07-19,AU2009245324B2,https://patents.google.com/patent/AU2009245324B2/en,https://patentimages.storage.googleapis.com/59/6f/a2/f65ac35dfe6ee3/AU2009245324B2.pdf,B-Threshold,General Threshold Processing,ALL,shipment value classification,shipment value classification,None (fallback)
