patent_id,title,snippet,assignee,inventor,publication_date,filing_date,priority_date,grant_date,publication_number,language,patent_link,pdf,tier,type,search_assignee,keyword,base_query,cpcs_used
patent/AU2014203584A1/en,An improved marine or hydrofoil craft,"The disclosure relates to fluid working devices including reciprocating internal combustion engines, compressors and pumps. A number of arrangements for pistons and cylinders of unconventional configuration are described, mostly intended for use in reciprocating internal combustion IC engines …",Mitja Victor Hinderks,Mitja Victor Hinderks,2014-07-17,2014-06-30,2006-10-05,,AU2014203584A1,en,https://patents.google.com/patent/AU2014203584A1/en,https://patentimages.storage.googleapis.com/04/d6/7f/2bf823b2e78d04/AU2014203584A1.pdf,Overarching,Section 321 Direct,ALL,"""Section 321""","""Section 321""",None (fallback)
patent/US6396814B1/en,Network construction method and communication system for communicating between …,"A communication network construction method comprises the steps of grouping the communication devices belonging to a communication network into one or a plurality of communication groups. In a selection step, one or a plurality of representative devices are selected in each communication group …",Kabushiki Kaisha Toshiba,Kazuaki Iwamura,2002-05-28,1998-09-11,1997-09-12,2002-05-28,US6396814B1,en,https://patents.google.com/patent/US6396814B1/en,https://patentimages.storage.googleapis.com/90/37/7d/fe86223aa6478e/US6396814.pdf,Overarching,Section 321 Direct,ALL,"""Section 321""","""Section 321""",None (fallback)
patent/JPH1188363A/en,Communication device and communication method,"(57) [Summary] [PROBLEMS] To improve the data transmission efficiency by reducing the number of devices that simultaneously communicate using the same communication path. One of a plurality of communication paths is selected by a communication path selection unit, and data transmission / reception …",Kabushiki Kaisha Toshiba,Takuya Kawamura,1999-03-30,1997-09-12,1997-09-12,,JPH1188363A,en,https://patents.google.com/patent/JPH1188363A/en,,Overarching,Section 321 Direct,ALL,"""Section 321""","""Section 321""",None (fallback)
patent/US10505248B2/en,Communication cable having a plurality of uninsulated conductors forming …,"In accordance with one or more embodiments, a method includes: receiving, at a stranded cable, a communication signal and a medium voltage power signal; propagating, by the stranded cable, the medium voltage power signal as an electrical signal utilizing an electrical return path; and propagating, …","At&T Intellectual Property I, L.P.",Paul Shala Henry,2019-12-10,2017-11-03,2014-11-20,2019-12-10,US10505248B2,en,https://patents.google.com/patent/US10505248B2/en,https://patentimages.storage.googleapis.com/a6/00/3a/30b767e0361d07/US10505248.pdf,Overarching,Section 321 Direct,ALL,"""de minimis""","""de minimis""",None (fallback)
patent/US20190363913A1/en,Methods and apparatus for inducing electromagnetic waves within pathways of a …,"… within the doped or intermixed conductor and/or a very small continuous flow of an electrical current along the extent of the insulator, conductorless or nonconductive material, any such continuous flow of electrical current along such an insulator, conductorless or nonconductive material is de …","At&T Intellectual Property I, L.P.",Paul Shala Henry,2019-11-28,2019-08-13,2014-11-20,,US20190363913A1,en,https://patents.google.com/patent/US20190363913A1/en,https://patentimages.storage.googleapis.com/da/5a/9b/5c1f04b1ab35ff/US20190363913A1.pdf,Overarching,Section 321 Direct,ALL,"""de minimis""","""de minimis""",None (fallback)
patent/US10505249B2/en,Communication system having a cable with a plurality of stranded uninsulated …,"In accordance with one or more embodiments, a communication system includes a launcher configured to generate first guided electromagnetic waves in response to a first communication signal conveying first data, wherein the first guided electromagnetic waves are guided by a structure within a cable …","At&T Intellectual Property I, L.P.",Paul Shala Henry,2019-12-10,2017-11-03,2014-11-20,2019-12-10,US10505249B2,en,https://patents.google.com/patent/US10505249B2/en,https://patentimages.storage.googleapis.com/61/c6/17/72e2856944863d/US10505249.pdf,Overarching,Section 321 Direct,ALL,"""de minimis""","""de minimis""",None (fallback)
patent/US10554454B2/en,Methods and apparatus for inducing electromagnetic waves in a cable,"… within the doped or intermixed conductor and/or a very small continuous flow of an electrical current along the extent of the insulator, conductorless or nonconductive material, any such continuous flow of electrical current along such an insulator, conductorless or nonconductive material is de …","At&T Intellectual Property I, L.P.",Paul Shala Henry,2020-02-04,2017-10-06,2014-11-20,2020-02-04,US10554454B2,en,https://patents.google.com/patent/US10554454B2/en,https://patentimages.storage.googleapis.com/ca/71/3d/1a5c731a569076/US10554454.pdf,Overarching,Section 321 Direct,ALL,"""de minimis""","""de minimis""",None (fallback)
patent/US10505252B2/en,Communication system having a coupler for guiding electromagnetic waves through …,"In accordance with one or more embodiments, a communication system, includes a first coupler configured to guide a first communication signal conveying first data to an interior of a cable, wherein the first coupler is further configured to generate first guided electromagnetic waves in response …","At&T Intellectual Property I, L.P.",Bruce E. Stuckman,2019-12-10,2017-11-03,2014-11-20,2019-12-10,US10505252B2,en,https://patents.google.com/patent/US10505252B2/en,https://patentimages.storage.googleapis.com/81/ec/fe/d2df9ad7ad8120/US10505252.pdf,Overarching,Section 321 Direct,ALL,"""de minimis""","""de minimis""",None (fallback)
patent/US10516555B2/en,Methods and apparatus for creating interstitial areas in a cable,"… within the doped or intermixed conductor and/or a very small continuous flow of an electrical current along the extent of the insulator, conductorless or nonconductive material, any such continuous flow of electrical current along such an insulator, conductorless or nonconductive material is de …","At&T Intellectual Property I, L.P.",Paul Shala Henry,2019-12-24,2017-10-06,2014-11-20,2019-12-24,US10516555B2,en,https://patents.google.com/patent/US10516555B2/en,https://patentimages.storage.googleapis.com/9c/ff/69/ef1bc75b2fb73f/US10516555.pdf,Overarching,Section 321 Direct,ALL,"""de minimis""","""de minimis""",None (fallback)
patent/US11025460B2/en,Methods and apparatus for accessing interstitial areas of a cable,"… within the doped or intermixed conductor and/or a very small continuous flow of an electrical current along the extent of the insulator, conductorless or nonconductive material, any such continuous flow of electrical current along such an insulator, conductorless or nonconductive material is de …","At&T Intellectual Property I, L.P.",Paul Shala Henry,2021-06-01,2017-10-06,2014-11-20,2021-06-01,US11025460B2,en,https://patents.google.com/patent/US11025460B2/en,https://patentimages.storage.googleapis.com/0b/24/a3/ea6bb78f9e43a4/US11025460.pdf,Overarching,Section 321 Direct,ALL,"""de minimis""","""de minimis""",None (fallback)
patent/US10505250B2/en,Communication system having a cable with a plurality of stranded uninsulated …,"In accordance with one or more embodiments, a communication system, includes at least one launcher configured to generate first guided electromagnetic waves in response to a first communication signal conveying first data, wherein the first guided electromagnetic waves are guided by a structure …","At&T Intellectual Property I, L.P.",Paul Shala Henry,2019-12-10,2017-11-03,2014-11-20,2019-12-10,US10505250B2,en,https://patents.google.com/patent/US10505250B2/en,https://patentimages.storage.googleapis.com/9c/43/d1/cb306ed8f37448/US10505250.pdf,Overarching,Section 321 Direct,ALL,"""de minimis""","""de minimis""",None (fallback)
patent/US11792586B2/en,Retention magnet system for medical device,An external portion of an auditory prosthesis includes an external magnet that interacts with an implantable magnet to hold the external portion against the skin. Magnetic force generated by the stray field of these magnets can disturb the operation of a vibrating element of the auditory …,Cochlear Limited,Patrik KENNES,2023-10-17,2021-02-08,2015-09-14,2023-10-17,US11792586B2,en,https://patents.google.com/patent/US11792586B2/en,https://patentimages.storage.googleapis.com/45/c1/54/caad6a86418194/US11792586.pdf,Overarching,Section 321 Direct,ALL,"""de minimis""","""de minimis""",None (fallback)
patent/US10276907B2/en,Transmission medium and methods for use therewith,"… within the doped or intermixed conductor and/or a very small continuous flow of an electrical current along the extent of the insulator, conductorless or nonconductive material, any such continuous flow of electrical current along such an insulator, conductorless or nonconductive material is de …","At&T Intellectual Property I, L.P.",Robert Bennett,2019-04-30,2017-11-22,2015-05-14,2019-04-30,US10276907B2,en,https://patents.google.com/patent/US10276907B2/en,https://patentimages.storage.googleapis.com/80/ec/96/417e48b90ead6a/US10276907.pdf,Overarching,Section 321 Direct,ALL,"""de minimis""","""de minimis""",None (fallback)
patent/US10714803B2/en,Transmission medium and methods for use therewith,"… within the doped or intermixed conductor and/or a very small continuous flow of an electrical current along the extent of the insulator, conductorless or nonconductive material, any such continuous flow of electrical current along such an insulator, conductorless or nonconductive material is de …","At&T Intellectual Property I, L.P.",Robert Bennett,2020-07-14,2019-03-05,2015-05-14,2020-07-14,US10714803B2,en,https://patents.google.com/patent/US10714803B2/en,https://patentimages.storage.googleapis.com/2f/91/19/27af3ab31c8a71/US10714803.pdf,Overarching,Section 321 Direct,ALL,"""de minimis""","""de minimis""",None (fallback)
patent/US20120030136A1/en,System and method for determining compliance with federal securities and tax …,Another aspect provided can include the ability to choose historical time periods. We will need to identify the period of time historically that we are going to support. g. De minimis rule No. of years calculation—Select from calculation options using: partial periods; rounded to nearest full year.,Johan Rosenberg,Johan Rosenberg,2012-02-02,2010-07-30,2010-07-30,,US20120030136A1,en,https://patents.google.com/patent/US20120030136A1/en,https://patentimages.storage.googleapis.com/a7/64/1c/940babfbc49a73/US20120030136A1.pdf,Overarching,Section 321 Direct,ALL,"""de minimis""","""de minimis""",None (fallback)
patent/WO2019070708A1/en,Methods and apparatus for inducing electromagnetic waves within pathways of a …,"… within the doped or intermixed conductor and/or a very small continuous flow of an electrical current along the extent of the insulator, conductorless or nonconductive material, any such continuous flow of electrical current along such an insulator, conductorless or nonconductive material is de …","At&T Intellectual Property I, L.P.",Paul Shala Henry,2019-04-11,2018-10-02,2017-10-06,,WO2019070708A1,en,https://patents.google.com/patent/WO2019070708A1/en,https://patentimages.storage.googleapis.com/ce/0a/4b/552f3ebd90bd1a/WO2019070708A1.pdf,Overarching,Section 321 Direct,ALL,"""de minimis""","""de minimis""",None (fallback)
patent/WO2019103848A1/en,Transmission medium and methods for use therewith,"… within the doped or intermixed conductor and/or a very small continuous flow of an electrical current along the extent of the insulator, conductorless or nonconductive material, any such continuous flow of electrical current along such an insulator, conductorless or nonconductive material is de …","At&T Intellectual Property I, L.P.",Robert Bennett,2019-05-31,2018-11-08,2017-11-22,,WO2019103848A1,en,https://patents.google.com/patent/WO2019103848A1/en,https://patentimages.storage.googleapis.com/ee/42/67/2038a5cfa0b5fc/WO2019103848A1.pdf,Overarching,Section 321 Direct,ALL,"""de minimis""","""de minimis""",None (fallback)
patent/US10510037B1/en,Measuring device and system for freight rate optimization,"A computer-based system that manages the shipment of one or more freight units includes a measuring system for measuring dimensions and weight of a freight unit, wherein the freight unit includes products, a database for storing rules for shipping freight, and a host computer system. The host …","Fida, Llc",Michael Wagner,2019-12-17,2017-07-31,2015-08-27,2019-12-17,US10510037B1,en,https://patents.google.com/patent/US10510037B1/en,https://patentimages.storage.googleapis.com/02/51/31/d769c43472674c/US10510037B1.pdf,Tier 1,Customs Threshold,FedEx,customs clearance automated threshold,customs clearance automated threshold,None (fallback)
patent/US11657364B1/en,Logistical management system,"A system and methods to facilitate transporting goods is disclosed. In aspects, the system can have a user interface comprising a display, a non-transitory computer-readable medium comprising instructions, and a processor in communication with the non-transitory computer-readable medium and with …","Airspace Technologies, Inc.",Sergio CAPOZZI,2023-05-23,2021-11-23,2021-11-23,2023-05-23,US11657364B1,en,https://patents.google.com/patent/US11657364B1/en,https://patentimages.storage.googleapis.com/3f/4f/80/12eb900e1082ca/US11657364.pdf,Tier 1,Customs Threshold,FedEx,customs clearance automated threshold,customs clearance automated threshold,None (fallback)
patent/JP2003522342A/en,Integrated customer interface for web-based data management,"An object of the present invention is to provide a customer interface that can be executed in a customer workstation 20 located at a customer site to authenticate a customer's access to an integrated data management system. SOLUTION: For a customer having a workstation 20 at a customer site, an …",バリー、ビー・レイリー,バリー、ビー・レイリー,2003-07-22,1998-09-25,1997-09-26,,JP2003522342A,en,https://patents.google.com/patent/JP2003522342A/en,,Tier 1,Customs Threshold,FedEx,customs clearance automated threshold,customs clearance automated threshold,None (fallback)
patent/MXPA00002979A/en,Integrated customer interface for web-based data management,"A Web-based, integrated customer interface system for data management. The customer interface system is provided with a graphical customer interface for enabling a customer to interact with one or more products and services provided by remote servers located in an enterprise Intranet/Extranet, and …",Combar Curtis T,B Reilly Barry,2002-06-05,2000-03-24,1997-09-26,,MXPA00002979A,en,https://patents.google.com/patent/MXPA00002979A/en,,Tier 1,Customs Threshold,FedEx,customs clearance automated threshold,customs clearance automated threshold,None (fallback)
patent/US6615258B1/en,Integrated customer interface for web based data management,An integrated data management system for providing data management services from an enterprise over the Internet is described. A user interface executable in a customer workstation authenticate the customer's access to the system and presents one or more data management services according a …,"Worldcom, Inc.",B. Reilly Barry,2003-09-02,1998-09-24,1997-09-26,2003-09-02,US6615258B1,en,https://patents.google.com/patent/US6615258B1/en,https://patentimages.storage.googleapis.com/fe/7d/64/2b7b92432516e7/US6615258.pdf,Tier 1,Customs Threshold,FedEx,customs clearance automated value,customs clearance automated value,None (fallback)
patent/US20230162137A1/en,Logistical management system,"A system and methods to facilitate transporting goods is disclosed. In aspects, the system can have a user interface comprising a display, a non-transitory computer-readable medium comprising instructions, and a processor in communication with the non-transitory computer-readable medium and with …","Airspace Technologies, Inc.",Sergio CAPOZZI,2023-05-25,2021-11-23,2021-11-23,,US20230162137A1,en,https://patents.google.com/patent/US20230162137A1/en,https://patentimages.storage.googleapis.com/f8/7f/59/98a08f6fa52135/US20230162137A1.pdf,Tier 1,Customs Threshold,FedEx,customs clearance automated value,customs clearance automated value,None (fallback)
patent/JP7483703B2/en,A Mesh-Based Event Broker for Distributed Computing,"1. A method for brokering events for event-driven application components in a distributed computing environment using a mesh broker, comprising: instantiating the mesh broker as a plurality of mesh agents supporting extended event notification within the distributed computing environment; …",Vantiq Inc.,バターワース、ポール,2024-05-15,2019-11-12,2018-11-13,2024-05-15,JP7483703B2,en,https://patents.google.com/patent/JP7483703B2/en,https://patentimages.storage.googleapis.com/fe/d8/7a/c0dff065a65e35/JP7483703B2.pdf,Tier 1,Customs Threshold,UPS,customs clearance automated threshold,customs clearance automated threshold,None (fallback)
patent/US8707392B2/en,Systems and methods for disease management,A computer-implemented diabetes management system is provided that supports enhanced security between a diabetes care manager in data communication with a medical device. The diabetes care manager includes: a first application that operates to request access to a first security role supported by …,"Roche Diagnostics Operations, Inc.",Daniel Birtwhistle,2014-04-22,2011-10-06,2010-10-15,2014-04-22,US8707392B2,en,https://patents.google.com/patent/US8707392B2/en,https://patentimages.storage.googleapis.com/d3/4d/a1/e8947dad21a598/US8707392.pdf,Tier 1,Customs Threshold,UPS,customs clearance automated threshold,customs clearance automated threshold,None (fallback)
patent/US20240080242A1/en,Control plane techniques for substrate managed containers,"Techniques discussed herein include providing a cloud computing environment in which applications are deployed using virtual-machine-based virtualization with a static pool of computing nodes (e.g., substrate nodes, overlay nodes) and container-based virtualization with a dynamic pool of computing …",Oracle International Corporation,Quintin Lee,2024-03-07,2023-08-28,2022-08-29,,US20240080242A1,en,https://patents.google.com/patent/US20240080242A1/en,https://patentimages.storage.googleapis.com/84/8e/2e/3922e4ff33e2c9/US20240080242A1.pdf,Tier 1,Customs Threshold,UPS,customs clearance automated threshold,customs clearance automated threshold,None (fallback)
patent/US11463576B1/en,Screen interface for a mobile device apparatus,"An electronic device is provided comprising: a user interface component configured to output stimuli and receive inputs; a connection component configured to transmit communications to other devices, one or more processors coupled to the user interface component and the connection component; and a …","Majen Tech, LLC",George Andrew Gordon,2022-10-04,2018-07-20,2013-01-10,2022-10-04,US11463576B1,en,https://patents.google.com/patent/US11463576B1/en,https://patentimages.storage.googleapis.com/a9/1f/4b/894036557667da/US11463576.pdf,Tier 1,Customs Threshold,UPS,customs clearance automated threshold,customs clearance automated threshold,None (fallback)
patent/US12261974B1/en,Screen interface for a mobile device apparatus,"A system, method, and computer program product are provided to: display, utilizing a display, a plurality of triggers including: a time, a location, an application, a network connectivity, a connectivity with at least one other device, and a vocal input; detect, utilizing a touch surface, a touch …","W74 Technology, Llc",George Andrew Gordon,2025-03-25,2020-08-11,2013-01-10,2025-03-25,US12261974B1,en,https://patents.google.com/patent/US12261974B1/en,https://patentimages.storage.googleapis.com/c0/f4/fd/8c97f6d0238fb5/US12261974.pdf,Tier 1,Customs Threshold,UPS,customs clearance automated threshold,customs clearance automated threshold,None (fallback)
patent/US20190213498A1/en,Artificial intelligence for context classifier,"An artificial intelligence system comprises a computer network server connected to receive and analyze millions of simultaneous text and/or voice messages written by humans to be read and understood by humans. Key, or otherwise important words in sentences are recognized and arrayed. Each such …","Brighterion, Inc.",Akli Adjaoute,2019-07-11,2019-03-12,2014-04-02,,US20190213498A1,en,https://patents.google.com/patent/US20190213498A1/en,https://patentimages.storage.googleapis.com/65/4f/2c/b1f839dab506b1/US20190213498A1.pdf,Tier 1,Customs Threshold,UPS,customs clearance automated threshold,customs clearance automated threshold,None (fallback)
patent/US20200311956A1/en,Automated Manipulation Of Transparent Vessels,"An actuator and end effector are controlled according to images from cameras having a surface in their field of view. Vessels (cups, bowls, etc.) and other objects are identified in the images and their configuration is assigned to a finite set of categories by a classifier that does not output a …","Dishcraft Robotics, Inc.",Kerkil Choi,2020-10-01,2019-03-25,2019-03-25,,US20200311956A1,en,https://patents.google.com/patent/US20200311956A1/en,https://patentimages.storage.googleapis.com/b5/ea/f4/593ecee80e4fb3/US20200311956A1.pdf,Tier 1,Customs Threshold,UPS,customs clearance automated threshold,customs clearance automated threshold,None (fallback)
patent/US20230025091A1/en,Spectral analysis and machine learning for determining cluster efficiency …,"This disclosure presents systems, methods, and apparatus for determining cluster efficiency during hydraulic fracturing, the method comprising: measuring acoustic vibrations in fracking fluid in a fracking wellhead, circulating fluid line, or standpipe of a well; converting the acoustic vibrations …",Origin Rose Llc,Reid Daniel Thompson,2023-01-26,2020-12-10,2019-12-10,,US20230025091A1,en,https://patents.google.com/patent/US20230025091A1/en,https://patentimages.storage.googleapis.com/41/b4/7d/233f4184a02490/US20230025091A1.pdf,Tier 1,Customs Threshold,UPS,customs clearance automated threshold,customs clearance automated threshold,None (fallback)
patent/RU2747824C2/en,Systems and methods of developing and optimizing applications for managing …,"FIELD: process control.SUBSTANCE: invention relates to process control. In the optimization method of the integrated management system of intellectual assets, performed by the system controller, access to the grouping of intellectual assets is provided, multi-faceted dynamic constraints of the …",Schneider Electric Systems Usa Inc.,Питер Г. МАРТИН,2021-05-14,2016-10-12,2015-10-13,2021-05-14,RU2747824C2,en,https://patents.google.com/patent/RU2747824C2/en,https://patentimages.storage.googleapis.com/92/22/9f/508a9c2c92901b/RU2747824C2.pdf,Tier 1,Customs Threshold,UPS,customs clearance automated threshold,customs clearance automated threshold,None (fallback)
patent/KR102369425B1/en,Techniques for Automated Determination of Form Responses,"Techniques for automatic determination of form responses are described. In one embodiment, the commerce brokerage server receives a messaging package from a messaging endpoint of a messaging service; perform natural language processing of the messaging package to determine an expected response …","메타 플랫폼스, 인크.",매튜 로건 슈미드,2022-03-04,2015-07-22,2015-03-25,2022-03-04,KR102369425B1,en,https://patents.google.com/patent/KR102369425B1/en,https://patentimages.storage.googleapis.com/9c/68/35/5d8cdad20316ff/KR102369425B1.pdf,Tier 1,Customs Threshold,UPS,customs clearance automated threshold,customs clearance automated threshold,None (fallback)
patent/US20220318066A1/en,Microservice provision and management,A compute system that includes an Internet of things (IoT) device is provided. The IoT device includes a common services interface (CSI) to create a self-managing network of devices with other nodes comprising the CSI.,Intel Corporation,Katalin Bartfai-Walcott,2022-10-06,2022-03-18,2017-02-05,,US20220318066A1,en,https://patents.google.com/patent/US20220318066A1/en,https://patentimages.storage.googleapis.com/10/40/6a/c2a8be98b4e31f/US20220318066A1.pdf,Tier 1,Customs Threshold,UPS,customs clearance automated threshold,customs clearance automated threshold,None (fallback)
patent/US12361032B2/en,Extraction rule generation using clustering,"Determining a set of extraction rules include clustering event segments into at least a first group of event segments, and determining, using first field data in the first group of event segments, a first set of extraction rules for extracting the first field data from each event segment of the …",Splunk Inc.,Li Li,2025-07-15,2021-11-30,2016-03-31,2025-07-15,US12361032B2,en,https://patents.google.com/patent/US12361032B2/en,,Tier 1,Customs Threshold,UPS,customs clearance automated threshold,customs clearance automated threshold,None (fallback)
patent/US11941089B2/en,Pairing devices to prevent digital content misuse,"A method for preventing digital content misuse can include detecting, by a client-side computing device, that the client-side computing device is paired to a viewing device such that, after being paired, the client-side computing device can cause digital content received from a remote server to be …","Sr Labs, Inc.",James Armand Baldwin,2024-03-26,2022-02-07,2015-11-04,2024-03-26,US11941089B2,en,https://patents.google.com/patent/US11941089B2/en,https://patentimages.storage.googleapis.com/bc/5b/0d/2307a478fcc0b6/US11941089.pdf,Tier 1,Customs Threshold,UPS,customs clearance automated threshold,customs clearance automated threshold,None (fallback)
patent/US12177277B2/en,"System, apparatus, and method for streaming input/output data","In one embodiment, a system includes a device and a host. The device includes a device stream buffer. The host includes a processor to execute at least a first application and a second application, a host stream buffer, and a host scheduler. The first application is associated with a first …",Intel Corporation,Lokpraveen Mosur,2024-12-24,2021-05-06,2020-11-12,2024-12-24,US12177277B2,en,https://patents.google.com/patent/US12177277B2/en,https://patentimages.storage.googleapis.com/d8/4f/64/a5819fdf68cf0c/US12177277.pdf,Tier 1,Customs Threshold,UPS,customs clearance automated threshold,customs clearance automated threshold,None (fallback)
patent/US12182014B2/en,Cost effective storage management,"Cost-effective storage management including identifying, by a remote storage consumer, one or more of portions of one or more source objects stored at a remote storage resources; issuing, by the remote storage consumer, a command to the remote storage resources configured to cause the remote …","Pure Storage, Inc.",Chad Monteith,2024-12-31,2022-04-28,2015-11-02,2024-12-31,US12182014B2,en,https://patents.google.com/patent/US12182014B2/en,https://patentimages.storage.googleapis.com/fd/fc/90/1ff3b8a767d9a5/US12182014.pdf,Tier 1,Customs Threshold,UPS,customs clearance automated threshold,customs clearance automated threshold,None (fallback)
patent/US12216673B2/en,Techniques for semantic searching,"Techniques are disclosed for querying, retrieval, and presentation of data. A data analytic system can enable a user to provide input, through a device to query data. The data analytic system can identify the semantic meaning of the input and perform a query based on the semantic meaning. The data …",Oracle International Corporation,Ananth Venkata,2025-02-04,2019-10-24,2014-09-25,2025-02-04,US12216673B2,en,https://patents.google.com/patent/US12216673B2/en,https://patentimages.storage.googleapis.com/e5/47/4e/682de8db8354ff/US12216673.pdf,Tier 1,Customs Threshold,UPS,customs clearance automated threshold,customs clearance automated threshold,None (fallback)
patent/US20200306980A1/en,Automated Manipulation Of Transparent Vessels,"An actuator and end effector are controlled according to images from cameras having a surface in their field of view. Vessels (cups, bowls, etc.) and other objects are identified in the images and their configuration is assigned to a finite set of categories by a classifier that does not output a …","Dishcraft Robotics, Inc.",Kerkil Choi,2020-10-01,2019-03-25,2019-03-25,,US20200306980A1,en,https://patents.google.com/patent/US20200306980A1/en,https://patentimages.storage.googleapis.com/8d/c2/df/3832018f6bcbf6/US20200306980A1.pdf,Tier 1,Customs Threshold,UPS,customs clearance automated threshold,customs clearance automated threshold,None (fallback)
patent/US10021138B2/en,"Policy/rule engine, multi-compliance framework and risk remediation","Techniques are provided that for providing complete solutions for role-based, rules-driven access enforcement, the techniques including active policy enforcement. Techniques address blended risk assessment and security across logical systems, IT applications, databases, physical systems, and …","Alert Enterprise, Inc.",Jasvir Singh Gill,2018-07-10,2015-05-27,2009-11-20,2018-07-10,US10021138B2,en,https://patents.google.com/patent/US10021138B2/en,https://patentimages.storage.googleapis.com/40/23/95/bd71cb267b48d4/US10021138.pdf,Tier 1,Customs Threshold,UPS,customs clearance automated threshold,customs clearance automated threshold,None (fallback)
patent/US10019677B2/en,Active policy enforcement,"A method and apparatus is provided that includes techniques for providing complete solutions for role-based, rules-driven active policy enforcement. An embodiment addresses blended risk assessment and security across logical systems, IT applications, databases, physical systems, and operational …","Alert Enterprise, Inc.",Jasvir Singh Gill,2018-07-10,2012-02-15,2009-11-20,2018-07-10,US10019677B2,en,https://patents.google.com/patent/US10019677B2/en,https://patentimages.storage.googleapis.com/24/97/b6/890a13312cba74/US10019677.pdf,Tier 1,Customs Threshold,UPS,customs clearance automated threshold,customs clearance automated threshold,None (fallback)
patent/US20190243829A1/en,System and method for comparing and utilizing activity information and …,"A method of aggregating and using medical device data from a plurality of remote institutions. The system and method electronically receives at a central computer system a plurality of established medical device data, each of the plurality of established medical device data being received from a …","Icu Medical, Inc.",Steven I. Butler,2019-08-08,2019-02-04,2006-10-16,,US20190243829A1,en,https://patents.google.com/patent/US20190243829A1/en,https://patentimages.storage.googleapis.com/e5/5b/d9/916141da0ad216/US20190243829A1.pdf,Tier 1,Customs Threshold,UPS,customs clearance automated threshold,customs clearance automated threshold,None (fallback)
patent/US20210150126A1/en,Discrepancy resolution processor and methods for implementing the same,"A system is provided that can execute one or more scripts to cause a discrepancy resolution processor to be executed on a first exported image file (having a raster-based image format such as PNG), and a second exported image file (having a vector-based image format such as SVG) to …","Salesforce.Com, Inc.",Christopher Daniel McCulloh,2021-05-20,2020-05-28,2019-11-19,,US20210150126A1,en,https://patents.google.com/patent/US20210150126A1/en,https://patentimages.storage.googleapis.com/1d/ed/9f/8009decdfd4220/US20210150126A1.pdf,Tier 1,Customs Threshold,UPS,customs clearance automated threshold,customs clearance automated threshold,None (fallback)
patent/US11093489B2/en,"Analytic systems, methods, and computer-readable media for structured, semi- …",A computer system extracts contender values as positively associated with a pre-defined value from a compilation of one or more electronically stored semi-structured document(s) and/or one or more electronically stored unstructured document(s). The computer system performs a multi-dimensional …,Ephesoft Inc.,Ilker Kavas,2021-08-17,2019-01-07,2015-12-07,2021-08-17,US11093489B2,en,https://patents.google.com/patent/US11093489B2/en,https://patentimages.storage.googleapis.com/4b/1b/41/a8138dbc405e41/US11093489.pdf,Tier 1,Customs Threshold,UPS,customs clearance automated threshold,customs clearance automated threshold,None (fallback)
patent/US20190279744A1/en,Integration platform and application interfaces for remote data management and …,"RELATED APPLICATIONS This application is a Continuation of U.S. application Ser. No. 15/148,452, filed May 6, 2016, entitled “INTEGRATION PLATFORM AND APPLICATION INTERFACES FOR REMOTE DATA MANAGEMENT AND SECURITY”, which is a Non-Provisional of Provisional (35 USC 119(e)) of U.S. Application Ser.","YC Wellness, Inc.",Joseph Howley,2019-09-12,2018-10-05,2015-05-08,,US20190279744A1,en,https://patents.google.com/patent/US20190279744A1/en,https://patentimages.storage.googleapis.com/3f/ba/b2/094a2dea6e3155/US20190279744A1.pdf,Tier 1,Customs Threshold,UPS,customs clearance automated threshold,customs clearance automated threshold,None (fallback)
patent/US20220121410A1/en,Technology add-on interface,The operation of an automatic data input and query system is controlled by well-defined control data. The system exposes user interfaces enabling an administrator to interact with control data to modify the ongoing operation of the system. Certain control data determines the collection and …,Splunk Inc.,Li Li,2022-04-21,2021-12-29,2016-03-31,,US20220121410A1,en,https://patents.google.com/patent/US20220121410A1/en,https://patentimages.storage.googleapis.com/60/b3/24/5392cf522ca7dd/US20220121410A1.pdf,Tier 1,Customs Threshold,UPS,customs clearance automated threshold,customs clearance automated threshold,None (fallback)
patent/US10341468B2/en,System and method for managing communications between a portable data terminal …,A communication protocol and system is disclosed for network communications between a data service residing on a client that provides network communications between one or more mobile applications on a mobile computing device and a network based on a process number. The shared data service …,Intermec Ip Corp.,Jaroslav Hala,2019-07-02,2017-04-27,2012-06-12,2019-07-02,US10341468B2,en,https://patents.google.com/patent/US10341468B2/en,https://patentimages.storage.googleapis.com/17/e2/96/9f7227f8d484cd/US10341468.pdf,Tier 1,Customs Threshold,UPS,customs clearance automated threshold,customs clearance automated threshold,None (fallback)
patent/US11775321B2/en,Robotic process automation with resilient playback capabilities,"Robotic process automation (RPA) systems with improved playback capabilities. Certain embodiments can provide resilient playback of software automation processes by providing enhanced capability to locate user interface controls within a screen image of a user interface. In some embodiments, one …","Automation Anywhere, Inc.",Sudhir Kumar Singh,2023-10-03,2020-12-31,2020-08-03,2023-10-03,US11775321B2,en,https://patents.google.com/patent/US11775321B2/en,https://patentimages.storage.googleapis.com/37/21/8e/70927862d69bf2/US11775321.pdf,Tier 1,Customs Threshold,UPS,customs clearance automated threshold,customs clearance automated threshold,None (fallback)
patent/US10942960B2/en,Automatic triage model execution in machine data driven monitoring automation …,Network connections are established between machines of an operating environment to be monitored and a server group of a data intake and query system (DIQS). Data reflecting machine and component operations of the environment is conveyed via the network to the DIQS where it is reflected as …,Splunk Inc.,Adam Jamison Oliner,2021-03-09,2018-07-30,2016-09-26,2021-03-09,US10942960B2,en,https://patents.google.com/patent/US10942960B2/en,https://patentimages.storage.googleapis.com/56/75/b1/235d2e156c51b0/US10942960.pdf,Tier 1,Customs Threshold,UPS,customs clearance automated threshold,customs clearance automated threshold,None (fallback)
patent/US10942946B2/en,Automatic triage model execution in machine data driven monitoring automation …,Machine data of an operating environment is conveyed by a network to a data intake and query system (DIQS) which reflects the machine data as timestamped entries of a field-searchable datastore. Monitoring functionality may search the machine data to identify notable event instances. A notable …,"Splunk, Inc.",Adam Jamison Oliner,2021-03-09,2018-07-30,2016-09-26,2021-03-09,US10942946B2,en,https://patents.google.com/patent/US10942946B2/en,https://patentimages.storage.googleapis.com/88/a1/f9/6b3669ee591066/US10942946.pdf,Tier 1,Customs Threshold,UPS,customs clearance automated threshold,customs clearance automated threshold,None (fallback)
patent/DE112021001731T5/en,ACCELERATE FIFTH GENERATION (5G) NEW RADIO OPERATIONS,"Apparatus, systems and techniques for performing Fifth Generation (5G) New Radio operations. In at least one embodiment, an application programming interface (API) is used to perform 5G New Radio operations on one or a plurality of hardware accelerators through an API call.",Nvidia Corporation,Lopamudra Kundu,2023-01-05,2021-06-11,2020-06-16,,DE112021001731T5,en,https://patents.google.com/patent/DE112021001731T5/en,https://patentimages.storage.googleapis.com/f0/b7/f1/a27456f468b55d/DE112021001731T5.pdf,Tier 1,Customs Threshold,UPS,customs clearance automated threshold,customs clearance automated threshold,None (fallback)
patent/US9454785B1/en,"Systems and user interfaces for holistic, data-driven investigation of bad …","Embodiments of the present disclosure relate to a data analysis system that may automatically generate memory-efficient clustered data structures, automatically analyze those clustered data structures, automatically tag and group those clustered data structures, and provide results of the …",Palantir Technologies Inc.,Sean Hunter,2016-09-27,2015-09-17,2015-07-30,2016-09-27,US9454785B1,en,https://patents.google.com/patent/US9454785B1/en,https://patentimages.storage.googleapis.com/9f/ac/51/521d3a6c81305b/US9454785.pdf,Tier 1,Customs Threshold,UPS,customs clearance automated threshold,customs clearance automated threshold,None (fallback)
patent/US9536081B2/en,System and process for managing network communications,A communication protocol and system is disclosed for network communications between a data service residing on a client that provides network communications between one or more mobile applications on a source and a network based on a process number. The shared data service communicates with a data …,Intermec Ip Corp.,Garrick Fiala,2017-01-03,2012-06-12,2012-06-12,2017-01-03,US9536081B2,en,https://patents.google.com/patent/US9536081B2/en,https://patentimages.storage.googleapis.com/54/61/f2/aa56bd2ead3b0f/US9536081.pdf,Tier 1,Customs Threshold,UPS,customs clearance automated threshold,customs clearance automated threshold,None (fallback)
patent/US10977097B2/en,Notifying entities of relevant events,"The present invention extends to systems and methods for notifying entities of relevant events. A boundary geometry, a user event truthfulness preference, a first event type, a second event type, and an area are combined into a rule formula. The first event type and a first event truthfulness …","Banjo, Inc.",Damien Patton,2021-04-13,2020-05-11,2018-04-13,2021-04-13,US10977097B2,en,https://patents.google.com/patent/US10977097B2/en,https://patentimages.storage.googleapis.com/20/4e/5e/6b386631484e30/US10977097.pdf,Tier 1,Customs Threshold,UPS,customs clearance automated threshold,customs clearance automated threshold,None (fallback)
patent/TWI573619B/en,Automatic generation of suggested mini-games for cloud-gaming based on recorded …,"A method for generating a trial video game segment of a video game, comprising: recording, by a cloud gaming system, a gameplay of a user of the video game, the cloud gaming system comprising at least one server computer, wherein recording The gameplay of the user includes recording a user input …",新力電腦娛樂（美國）責任有限公司,維特 奧特夫 須芭 三浦,2017-03-11,2013-12-20,2012-12-21,2017-03-11,TWI573619B,en,https://patents.google.com/patent/TWI573619B/en,https://patentimages.storage.googleapis.com/11/f5/d4/af9d01a5cc0b5c/TWI573619B.pdf,Tier 1,Customs Threshold,UPS,customs clearance automated threshold,customs clearance automated threshold,None (fallback)
patent/US12286966B2/en,Modular valve apparatus and system,"A valved manifold module is disclosed, constructed and arranged to be readily connected in a chain with similar modules to form a manifold assembly. The modular manifolds allows for expansion or modification of the manifold assembly to control a group of pneumatically or hydraulically driven pumps …",Deka Products Limited Partnership,Dirk A. Van der Merwe,2025-04-29,2023-01-06,2013-07-09,2025-04-29,US12286966B2,en,https://patents.google.com/patent/US12286966B2/en,https://patentimages.storage.googleapis.com/55/da/c7/0ba1ba7e045212/US12286966B2.pdf,Tier 1,Customs Threshold,UPS,customs clearance automated threshold,customs clearance automated threshold,None (fallback)
patent/KR102850464B1/en,Video upsampling using one or more neural networks,"Devices, systems, and techniques for enhancing video are disclosed. In at least one embodiment, one or more neural networks are used to generate high-resolution video using upsampled frames from low-resolution video.",Nvidia Corporation,스츄 류,2025-08-26,2020-08-26,2019-09-09,2025-08-26,KR102850464B1,en,https://patents.google.com/patent/KR102850464B1/en,,Tier 1,Customs Threshold,UPS,customs clearance automated threshold,customs clearance automated threshold,None (fallback)
patent/US20230368046A9/en,Activation of Ancillary Sensor Systems Based on Triggers from a Wearable …,"An event detection system includes sensors to detect movement and other physical inputs related to a user, which the event detection system can process to identify gestures of the user, and possibly also determine, using historical data, machine learning, rule sets, or other techniques for …","Medtronic Minimed, Inc.",Katelijn Vleugels,2023-11-16,2019-01-29,2016-01-28,,US20230368046A9,en,https://patents.google.com/patent/US20230368046A9/en,https://patentimages.storage.googleapis.com/a0/ed/63/09829efb6f00f8/US20230368046A9.pdf,Tier 1,Customs Threshold,UPS,customs clearance automated threshold,customs clearance automated threshold,None (fallback)
patent/US11702280B2/en,Smart waste bin sensor device and methods for waste management system,"A waste management system comprises a waste bin storing waste, wherein the waste bin comprises a smart waste bin sensor device installed on the waste bin of a waste bin owner. The smart waste bin sensor device comprises a set of sensors that sends and receives signals through a wireless network to …",Hemal B. Kurani,Hemal B. Kurani,2023-07-18,2020-11-29,2018-09-07,2023-07-18,US11702280B2,en,https://patents.google.com/patent/US11702280B2/en,https://patentimages.storage.googleapis.com/23/f5/b8/b4ea1454b48ef9/US11702280.pdf,Tier 1,Customs Threshold,UPS,customs clearance automated threshold,customs clearance automated threshold,None (fallback)
patent/US20240112172A1/en,"Digital transaction apparatus, system, and method with a virtual companion card","Apparatus on a Digital Transaction Card (DTC) (222) operable in accordance with a standard command protocol, the apparatus including hardware operable with at least one application for executing one or more instructions from the standard command protocol; and software operable to store one or more …",Xard Group Pty Ltd.,Robert Wilson,2024-04-04,2023-12-06,2016-12-19,,US20240112172A1,en,https://patents.google.com/patent/US20240112172A1/en,https://patentimages.storage.googleapis.com/0d/96/83/b209069941662b/US20240112172A1.pdf,Tier 1,Customs Threshold,UPS,customs clearance automated threshold,customs clearance automated threshold,None (fallback)
patent/US20230404693A1/en,Light displays in a medical device,"An example medical device may include a first component including an interface, a light feature surrounding at least part of the interface, and a controller coupled to the light feature and including a memory in which are stored instructions for the controller causing a first illumination state of …","Intuitive Surgical Operations, Inc.",Timothy B. Hulford,2023-12-21,2023-05-01,2017-07-27,,US20230404693A1,en,https://patents.google.com/patent/US20230404693A1/en,https://patentimages.storage.googleapis.com/29/ea/7a/45632257b787b6/US20230404693A1.pdf,Tier 1,Customs Threshold,UPS,customs clearance automated threshold,customs clearance automated threshold,None (fallback)
patent/US11838330B2/en,Selective information extraction from network traffic traces both encrypted and …,"A system and method are described for information extraction from network traffic traces that are both encrypted and non-encrypted. The system includes a client computer and a remote computer, where the client computer communicates data over a network. The client computer sets a session key log …",King Fahd University Of Petroleum And Minerals,Ahmad AMRO,2023-12-05,2018-05-16,2017-12-20,2023-12-05,US11838330B2,en,https://patents.google.com/patent/US11838330B2/en,https://patentimages.storage.googleapis.com/94/cc/c0/0d41a9cb2ad785/US11838330.pdf,Tier 1,Customs Threshold,UPS,customs clearance automated threshold,customs clearance automated threshold,None (fallback)
patent/US11803548B1/en,Automated generation of metrics from log data,"A log-to-metrics transformation system includes a log-to-metrics application executing on a processor. The log-to-metrics transformation system receives a format associated with machine data, and further receives, via a first graphical control, a first set of metric identifiers corresponding to a …",Splunk Inc.,Kieran Nicholas Cairney,2023-10-31,2022-01-18,2018-09-28,2023-10-31,US11803548B1,en,https://patents.google.com/patent/US11803548B1/en,https://patentimages.storage.googleapis.com/a6/29/cb/be15c9562682eb/US11803548.pdf,Tier 1,Customs Threshold,UPS,customs clearance automated threshold,customs clearance automated threshold,None (fallback)
patent/CN112106056B/en,Constructing fictional discourse trees to improve the ability to answer …,"Systems and methods for improving question-and-answer recalls of complex, multi-sentence, convergent questions. More specifically, the autonomous agent accesses an initial answer that partially answers questions received from the user device. The agent represents the question and the initial …",Oracle International Corporation,B·加里斯基,2025-06-24,2019-05-09,2018-05-09,2025-06-24,CN112106056B,en,https://patents.google.com/patent/CN112106056B/en,https://patentimages.storage.googleapis.com/ea/96/c7/15f2eb1a5d57e7/CN112106056B.pdf,Tier 1,Customs Threshold,UPS,customs clearance automated threshold,customs clearance automated threshold,None (fallback)
patent/US11669551B2/en,Rule-based data stream processing,"Systems and methods for rule-based data stream processing by data collection, indexing, and visualization systems. An example method includes: receiving, by the computer system, an input data stream comprising raw machine data; processing the raw machine data by a data processing pipeline that …",Splunk Inc.,Alexander Douglas James,2023-06-06,2020-10-16,2020-10-16,2023-06-06,US11669551B2,en,https://patents.google.com/patent/US11669551B2/en,https://patentimages.storage.googleapis.com/8c/10/4c/585c016288d2e4/US11669551.pdf,Tier 1,Customs Threshold,UPS,customs clearance automated threshold,customs clearance automated threshold,None (fallback)
patent/CN106687952B/en,Technology for similarity analysis and data enrichment by using knowledge …,The present disclosure relates to utilizing knowledge sources to perform similarity metric analysis and data enrichment. The data enrichment service can compare the input data set with a reference data set stored in a knowledge source to identify approximately relevant data. A similarity measure …,Oracle International Corporation,A·S·斯托贾诺维克,2022-02-11,2015-09-25,2014-09-26,2022-02-11,CN106687952B,en,https://patents.google.com/patent/CN106687952B/en,https://patentimages.storage.googleapis.com/ef/fc/d2/c00855a896f93c/CN106687952B.pdf,Tier 1,Customs Threshold,UPS,customs clearance automated threshold,customs clearance automated threshold,None (fallback)
patent/US12341624B2/en,Building management system with identity management,"A building system for identity management of a building, the building system including one or more storage devices configured to store instructions thereon, that, when executed by one or more processors, cause the one or more processors to receive a request to determine whether an entity has a …",Johnson Controls Technology Company,Youngchoon Park,2025-06-24,2023-09-12,2017-02-10,2025-06-24,US12341624B2,en,https://patents.google.com/patent/US12341624B2/en,https://patentimages.storage.googleapis.com/5f/58/de/e34856a6b9835f/US12341624B2.pdf,Tier 1,Customs Threshold,UPS,customs clearance automated threshold,customs clearance automated threshold,None (fallback)
patent/EP3828777A1/en,Processor and system to train machine learning models based on comparing …,"Apparatuses, systems, and techniques to collaboratively train one or more machine learning models. Parameter reviewers may be configured to compare sets of machine learning model parameter information in order to generate one or more machine learning models, such as neural networks.",Nvidia Corporation,Fausto MILLETARI,2021-06-02,2020-10-21,2019-10-31,,EP3828777A1,en,https://patents.google.com/patent/EP3828777A1/en,https://patentimages.storage.googleapis.com/bd/a1/20/b07e6ad26fc9e3/EP3828777A1.pdf,Tier 1,Customs Threshold,UPS,customs clearance automated threshold,customs clearance automated threshold,None (fallback)
patent/US8150913B2/en,System for controlled distribution of user profiles over a network,"An information management and distribution system is disclosed. The information management and distribution system facilitates the controlled exchange of contact information over a network. The system can support one or more of creation and design, rolodex, exchange, and update features. In one …",Chris Cheah,Chris Cheah,2012-04-03,2011-08-22,1998-10-13,2012-04-03,US8150913B2,en,https://patents.google.com/patent/US8150913B2/en,https://patentimages.storage.googleapis.com/0c/a4/1d/6f8514108d2e06/US8150913.pdf,Tier 1,Customs Threshold,UPS,customs clearance automated threshold,customs clearance automated threshold,None (fallback)
patent/US10699079B1/en,Applied artificial intelligence technology for narrative generation based on …,Artificial intelligence (AI) technology can be used in combination with composable communication goal statements to facilitate a user's ability to quickly structure story outlines using “analyze” communication goals in a manner usable by an NLG narrative generation system without any need for the …,Narrative Science Inc.,Andrew R. Paley,2020-06-30,2018-07-27,2017-02-17,2020-06-30,US10699079B1,en,https://patents.google.com/patent/US10699079B1/en,https://patentimages.storage.googleapis.com/e8/cc/cb/2d3990955304a2/US10699079.pdf,Tier 1,Customs Threshold,UPS,customs clearance automated threshold,customs clearance automated threshold,None (fallback)
patent/US10943069B1/en,Applied artificial intelligence technology for narrative generation based on a …,Artificial intelligence (AI) technology can be used in combination with composable communication goal statements to facilitate a user's ability to quickly structure story outlines in a manner usable by an NLG narrative generation system without any need for the user to directly author computer …,Narrative Science Inc.,Andrew R. Paley,2021-03-09,2018-07-27,2017-02-17,2021-03-09,US10943069B1,en,https://patents.google.com/patent/US10943069B1/en,https://patentimages.storage.googleapis.com/be/f3/1a/611a30abb4d2f4/US10943069.pdf,Tier 1,Customs Threshold,UPS,customs clearance automated threshold,customs clearance automated threshold,None (fallback)
patent/US11625738B2/en,Methods and systems that generated resource-provision bids in an automated …,"The current document is directed a resource-exchange system that facilitates resource exchange and sharing among computing facilities. The currently disclosed methods and systems employ efficient, distributed-search-based auction methods and subsystems within distributed computer systems that …","Vmware, Inc.",Daniel Beveridge,2023-04-11,2017-06-29,2016-08-28,2023-04-11,US11625738B2,en,https://patents.google.com/patent/US11625738B2/en,https://patentimages.storage.googleapis.com/ae/ed/e2/aa49d307550bc7/US11625738.pdf,Tier 1,Customs Threshold,UPS,customs clearance automated threshold,customs clearance automated threshold,None (fallback)
patent/US12254880B2/en,Targeted generative AI from merged communication transcripts,"The present disclosure relates generally to systems, methods, instructions, and other aspects describing automated transcription and associated script generation. In one aspect, a method includes facilitating a voice bot segment of a two-way communication session, where the voice bot segment is …","Liveperson, Inc.",Amit MISHRA,2025-03-18,2023-06-12,2022-06-14,2025-03-18,US12254880B2,en,https://patents.google.com/patent/US12254880B2/en,https://patentimages.storage.googleapis.com/ad/64/76/7f2fe37ac66b1c/US12254880.pdf,Tier 1,Customs Threshold,UPS,customs clearance automated threshold,customs clearance automated threshold,None (fallback)
patent/KR102504850B1/en,Connecting to virtualized mobile core networks,The 5G network architecture uses virtualization and network slicing. A user equipment (UE) interacts with an underlying network that interacts with virtual network slices. A UE interacts with an underlying network (ULN) to establish a connection to a virtual network slice. The procedures allocate …,"인터디지탈 패튼 홀딩스, 인크",그레고리 에스. 스턴버그,2023-03-02,2017-05-12,2016-05-12,2023-03-02,KR102504850B1,en,https://patents.google.com/patent/KR102504850B1/en,https://patentimages.storage.googleapis.com/3a/f5/a3/d86a05b4c24065/KR102504850B1.pdf,Tier 1,Customs Threshold,UPS,customs clearance automated threshold,customs clearance automated threshold,None (fallback)
patent/US11464655B2/en,Arm prosthetic device,"A system for powering a prosthetic arm is disclosed. The system includes at least one internal battery located in the prosthetic arm, at least one external battery connected to the prosthetic arm, and a master controller configured to connect either the at least one internal battery or the at …",Deka Products Limited Partnership,Christopher O. Evans,2022-10-11,2019-09-30,2007-02-06,2022-10-11,US11464655B2,en,https://patents.google.com/patent/US11464655B2/en,https://patentimages.storage.googleapis.com/1e/c1/d3/a2b9a4a972b7b5/US11464655.pdf,Tier 1,Customs Threshold,UPS,customs clearance automated threshold,customs clearance automated threshold,None (fallback)
patent/US20250190877A1/en,Processing data for predicting pipe failure,A system receives and automatically transforms utility pipe attribute data and pipe break data. The missing and/or incorrect entries in the pipe attributes and/or break 5 data is automatically identified and correct values for these entries are is automatically imputed to generate improved …,Fracta,Daichi Yoshikawa,2025-06-12,2025-02-10,2018-03-28,,US20250190877A1,en,https://patents.google.com/patent/US20250190877A1/en,https://patentimages.storage.googleapis.com/2b/31/02/7eb990f83ded65/US20250190877A1.pdf,Tier 1,Customs Threshold,UPS,customs clearance automated threshold,customs clearance automated threshold,None (fallback)
patent/CN111656406B/en,Context-based avatar rendering,"Examples of systems and methods for rendering an avatar in a mixed reality environment are disclosed. The systems and methods may be configured to automatically scale or render an avatar based on the determined intent, impulse of interest, environmental stimulus, or user glance point of the user.",奇跃公司,T·M·米勒四世,2025-05-09,2018-12-03,2017-12-14,2025-05-09,CN111656406B,en,https://patents.google.com/patent/CN111656406B/en,https://patentimages.storage.googleapis.com/a9/0c/ee/1ca8cc02961c64/CN111656406B.pdf,Tier 1,Customs Threshold,UPS,customs clearance automated threshold,customs clearance automated threshold,None (fallback)
patent/US10554439B2/en,Controlling settings and attributes related to operation of devices in a …,"Techniques are described for controlling attributes and/or settings related to operation of devices via a wireless network. An access device can determine a status of a configurable attribute/setting related to operation of a device (e.g., a home automation network device that can control a home …","Belkin International, Inc.",Jon Robertsen Plummer,2020-02-04,2014-07-08,2014-05-01,2020-02-04,US10554439B2,en,https://patents.google.com/patent/US10554439B2/en,https://patentimages.storage.googleapis.com/90/9c/93/9a6af689a29788/US10554439.pdf,Tier 1,Customs Threshold,UPS,customs clearance automated threshold,customs clearance automated threshold,None (fallback)
patent/CN106575308B/en,Semantic distance-based assignment of data elements to visualization edges,"Embodiments provide a visual analyzer system that can update an existing visualization upon receipt of a user request to modify the dimensions of the data presented by the visualization. Embodiments may provide updated visualizations, possibly with different visualization types and/or with pre- …",Oracle International Corporation,B·J·B·拉格布拉德,2021-04-27,2015-09-28,2014-09-26,2021-04-27,CN106575308B,en,https://patents.google.com/patent/CN106575308B/en,https://patentimages.storage.googleapis.com/30/19/55/82882e39f5ea0e/CN106575308B.pdf,Tier 1,Customs Threshold,UPS,customs clearance automated threshold,customs clearance automated threshold,None (fallback)
patent/US20230247027A1/en,Networking techniques for enabling communication between multiple cloud …,Techniques are described for establishing a private network path from a first cloud environment to a second cloud environment. A tenancy associated with the first cloud environment is provided in the second cloud environment. The tenancy includes a set of one or more resources that enable …,Oracle International Corporation,Jagwinder Singh Brar,2023-08-03,2023-02-01,2022-02-02,,US20230247027A1,en,https://patents.google.com/patent/US20230247027A1/en,https://patentimages.storage.googleapis.com/e8/d1/0b/42782ae73e3fc9/US20230247027A1.pdf,Tier 1,Customs Threshold,UPS,customs clearance automated threshold,customs clearance automated threshold,None (fallback)
patent/US20250085690A1/en,Methods and systems for enabling and scheduling 3d printing-based fabrication,The present disclosure includes a three-dimensional design and integrated fabrication system that includes a data system in a computing environment. The system includes a manufacturing section including a pre-processing section and a post-processing section. The system also includes a material …,"Strong Force Vcn Portfolio 2019, Llc",Teymour El-Tahry,2025-03-13,2024-06-10,2017-06-25,,US20250085690A1,en,https://patents.google.com/patent/US20250085690A1/en,https://patentimages.storage.googleapis.com/91/b2/a0/102947a9dcbb31/US20250085690A1.pdf,Tier 1,Customs Threshold,UPS,customs clearance automated threshold,customs clearance automated threshold,None (fallback)
patent/US9691760B2/en,Semiconductor device and structure,"A 3D device, including: a first layer including first transistors, the first transistors interconnected by a first layer of interconnection; a second layer including second transistors, the second transistors overlaying the first layer of interconnection, where the first layer includes a first …",Monolithic 3D Inc,Zvi Or-Bach,2017-06-27,2016-04-01,2013-03-12,2017-06-27,US9691760B2,en,https://patents.google.com/patent/US9691760B2/en,https://patentimages.storage.googleapis.com/03/5f/1b/304bc3f7935083/US9691760.pdf,Tier 1,Customs Threshold,UPS,customs clearance automated threshold,customs clearance automated threshold,None (fallback)
patent/CA2931955C/en,Methods and systems for improving the reliability of orthogonally redundant …,"Methods and systems for sensor calibration and sensor glucose (SG) fusion are used advantageously to improve the accuracy and reliability of orthogonally redundant glucose sensor devices, which may include optical and electrochemical glucose sensors. Calibration for both sensors may be achieved …","Medtronic Minimed, Inc.",Andrea Varsavsky,2021-04-27,2014-11-21,2013-12-16,2021-04-27,CA2931955C,en,https://patents.google.com/patent/CA2931955C/en,https://patentimages.storage.googleapis.com/f8/e2/6f/aa88e1b2547a5b/CA2931955C.pdf,Tier 1,Customs Threshold,UPS,customs clearance automated threshold,customs clearance automated threshold,None (fallback)
patent/US20200007677A1/en,"Multi-level control, variable access, multi-user contextual intelligent …","An interactive, electronic network that enables multi-level control, variable access, multi-user communications of real-time contextually relevant data or information among network-connected devices, and actions based on those communications, as the network-connected devices move from one location …",Bernt Erik Bjontegard,Bernt Erik Bjontegard,2020-01-02,2019-09-06,2016-04-18,,US20200007677A1,en,https://patents.google.com/patent/US20200007677A1/en,https://patentimages.storage.googleapis.com/f5/d1/7a/f307d04b1ad325/US20200007677A1.pdf,Tier 1,Customs Threshold,UPS,customs clearance automated threshold,customs clearance automated threshold,None (fallback)
patent/US20250278524A1/en,Structured data folding with transmutations,"A method of processing data includes at least one processor accessing a data storage unit, the data storage unit providing at least one input data object and at least one transmutation command to be performed on the at least one input data object. The at least one transmutation command operates in …","Nuts Holdings, Llc",Yoon Ho Auh,2025-09-04,2025-05-15,2016-09-15,,US20250278524A1,en,https://patents.google.com/patent/US20250278524A1/en,,Tier 1,Customs Threshold,UPS,customs clearance automated threshold,customs clearance automated threshold,None (fallback)
patent/CN108780378B/en,Web interface generation and testing system based on machine learning,"In short, the disclosed technique provides a so-called machine learning transformation optimization (MLCO) system that uses evolutionary computation to efficiently identify the most successful web page designs in a search space without testing all the possible web design. The search space is …",埃沃尔瓦技术解决方案公司,N·伊斯科埃,2021-07-02,2017-01-05,2016-01-05,2021-07-02,CN108780378B,en,https://patents.google.com/patent/CN108780378B/en,https://patentimages.storage.googleapis.com/29/ee/e3/13ece40cf3e954/CN108780378B.pdf,Tier 1,Customs Threshold,UPS,customs clearance automated threshold,customs clearance automated threshold,None (fallback)
patent/US10417570B2/en,Systems and methods for probabilistic semantic sensing in a sensory network,Systems and methods for probabilistic semantic sensing in a sensory network are disclosed. The system receives raw sensor data from a plurality of sensors and generates semantic data including sensed events. The system correlates the semantic data based on classifiers to generate aggregations of …,Verizon Patent And Licensing Inc.,Peter Raymond Florence,2019-09-17,2015-03-05,2014-03-06,2019-09-17,US10417570B2,en,https://patents.google.com/patent/US10417570B2/en,https://patentimages.storage.googleapis.com/b7/49/e0/b6a9587a428a36/US10417570.pdf,Tier 1,Customs Threshold,UPS,customs clearance automated threshold,customs clearance automated threshold,None (fallback)
patent/US20190108460A1/en,"Systems and methods for machine learning using classifying, clustering, and …","Systems and methods are provided for performing data mining and statistical learning techniques on a big data set. More specifically, systems and methods are provided for linear regression using safe screening techniques. Techniques may include receiving a plurality of time series included in a …",Sas Institute Inc.,Yung-Hsin Chien,2019-04-11,2018-12-04,2014-04-17,,US20190108460A1,en,https://patents.google.com/patent/US20190108460A1/en,https://patentimages.storage.googleapis.com/40/49/bd/7ab78c012976a7/US20190108460A1.pdf,Tier 1,Customs Threshold,UPS,customs clearance automated threshold,customs clearance automated threshold,None (fallback)
patent/AU2016321349B2/en,Method and system for microbiome-derived diagnostics and therapeutics for …,"Methods, compositions, and systems are provided for detecting one or more a gastrointestinal issues by characterizing the microbiome of an individual, monitoring such effects, and/or determining, displaying, or promoting a therapy for the gastrointestinal issue. Methods, compositions, and systems …",Macrogen Inc.,Daniel Almonacid,2023-06-08,2016-09-09,2015-09-09,2023-06-08,AU2016321349B2,en,https://patents.google.com/patent/AU2016321349B2/en,https://patentimages.storage.googleapis.com/6f/7f/03/f14e3bc9515e4e/AU2016321349B2.pdf,Tier 1,Customs Threshold,UPS,customs clearance automated threshold,customs clearance automated threshold,None (fallback)
patent/US11568148B1/en,Applied artificial intelligence technology for narrative generation based on …,Artificial intelligence (AI) technology can be used in combination with composable communication goal statements to facilitate a user's ability to quickly structure story outlines using “explanation” communication goals in a manner usable by an NLG narrative generation system without any need for …,Narrative Science Inc.,Nathan D. Nichols,2023-01-31,2018-11-07,2017-02-17,2023-01-31,US11568148B1,en,https://patents.google.com/patent/US11568148B1/en,https://patentimages.storage.googleapis.com/51/e6/ce/7b9b64245dc68e/US11568148.pdf,Tier 1,Customs Threshold,UPS,customs clearance automated threshold,customs clearance automated threshold,None (fallback)
patent/US10637531B2/en,Extended range communications for ultra-wideb and network nodes,"A system is provided that can introduce data redundancy into wireless communications, and in particular ultra-wideband (UWB) wireless communications to increase the communication range when transmitting data that has low transmission rates. Multipath degradation, introduced by the extended …",Sierra Nevada Corporation,Donald Rasmussen,2020-04-28,2019-02-28,2016-12-23,2020-04-28,US10637531B2,en,https://patents.google.com/patent/US10637531B2/en,https://patentimages.storage.googleapis.com/b6/c9/46/887a054d2cbfff/US10637531.pdf,Tier 1,Customs Threshold,UPS,customs clearance automated threshold,customs clearance automated threshold,None (fallback)
patent/US10352942B2/en,Correlated peptides for quantitative mass spectrometry,Described herein are methods for identifying signature peptides for quantifying a polypeptide of interest in a sample. The methods include cleaving the polypeptide into peptides; detecting a multiplicity of the peptides with a quantitative analytical instrument; comparing the linearity of signals …,Cedars-Sinai Medical Center,Eric GROTE,2019-07-16,2016-05-31,2015-05-29,2019-07-16,US10352942B2,en,https://patents.google.com/patent/US10352942B2/en,https://patentimages.storage.googleapis.com/a7/cc/73/05f5f1a3f00271/US10352942.pdf,Tier 1,Customs Threshold,UPS,customs clearance automated threshold,customs clearance automated threshold,None (fallback)
patent/EP3205055B1/en,Time variant data profile for a fabric network,"A non-transitory, computer-readable medium having stored thereon instructions for exchanging a data stream of information that varies over time using a message format, wherein the message format comprises: a version field (1156) that indicates a version of a structure of the message format; one or …",Google LLC,Sunny Vardhan GUJJARU,2020-05-27,2015-10-06,2014-10-08,2020-05-27,EP3205055B1,en,https://patents.google.com/patent/EP3205055B1/en,https://patentimages.storage.googleapis.com/ee/ed/e1/231556ab83042d/EP3205055B1.pdf,Tier 1,Customs Threshold,UPS,customs clearance automated threshold,customs clearance automated threshold,None (fallback)
patent/RU2743667C1/en,Method for signaling frequency domain resources allocation,"FIELD: wireless networks.SUBSTANCE: method contains the following steps: transmitting to the terminal (User Equipment, hereinafter - UE) an indication of the active segment of the carrier bandwidth part (hereinafter – BWP) suitable for communication on the shared channel, selection of one or more …",Телефонактиеболагет Лм Эрикссон (Пабл),Цзиня ЛИ,2021-02-24,2019-03-13,2018-03-27,2021-02-24,RU2743667C1,en,https://patents.google.com/patent/RU2743667C1/en,https://patentimages.storage.googleapis.com/38/e6/d9/00a340525ab85c/RU2743667C1.pdf,Tier 1,Customs Threshold,UPS,customs clearance automated threshold,customs clearance automated threshold,None (fallback)
patent/US8707399B2/en,Security architecture for a process control platform executing applications,"A security component within a supervisory process control and manufacturing information system comprising a set of user roles corresponding to different types of users within the information system, a set of security groups defining a set of security permissions with regard to a set of objects, …","Invensys Systems, Inc.",James P. McIntyre,2014-04-22,2012-12-21,2001-06-22,2014-04-22,US8707399B2,en,https://patents.google.com/patent/US8707399B2/en,https://patentimages.storage.googleapis.com/1e/e5/02/01c10d67fdc862/US8707399.pdf,Tier 1,Customs Threshold,UPS,customs clearance automated threshold,customs clearance automated threshold,None (fallback)
patent/US11068661B1/en,Applied artificial intelligence technology for narrative generation based on …,Artificial intelligence (AI) technology can be used in combination with composable communication goal statements to facilitate a user's ability to quickly structure story outlines in a manner usable by an NLG narrative generation system without any need for the user to directly author computer …,Narrative Science Inc.,Nathan D. Nichols,2021-07-20,2018-11-07,2017-02-17,2021-07-20,US11068661B1,en,https://patents.google.com/patent/US11068661B1/en,https://patentimages.storage.googleapis.com/20/9b/88/c542edcd8ba3e6/US11068661.pdf,Tier 1,Customs Threshold,UPS,customs clearance automated threshold,customs clearance automated threshold,None (fallback)
patent/US12011375B2/en,Arm prosthetic device,"A system for powering a prosthetic arm is disclosed. The system includes at least one internal battery located in the prosthetic arm, at least one external battery connected to the prosthetic arm, and a master controller configured to connect either the at least one internal battery or the at …",Deka Products Limited Partnership,N. Christopher Perry,2024-06-18,2016-06-30,2007-02-06,2024-06-18,US12011375B2,en,https://patents.google.com/patent/US12011375B2/en,https://patentimages.storage.googleapis.com/50/97/84/b16e1b8f1fc289/US12011375.pdf,Tier 1,Customs Threshold,UPS,customs clearance automated threshold,customs clearance automated threshold,None (fallback)
patent/US11488336B1/en,Process for creating an augmented image,"Embodiments described herein provide a process and method running on a computer for creating an augmented image. According to an embodiment, a graphical user interface gathers data that is programmatically analyzed to obtain photographic properties from a first image. Photographic properties are …",William S. Baron,William S. Baron,2022-11-01,2020-04-20,2013-03-15,2022-11-01,US11488336B1,en,https://patents.google.com/patent/US11488336B1/en,https://patentimages.storage.googleapis.com/1d/14/6b/8335ae558ff681/US11488336.pdf,Tier 1,Customs Threshold,UPS,customs clearance automated threshold,customs clearance automated threshold,None (fallback)
patent/US20200126307A1/en,Funnel visualization with data point animations and pathways,"A plurality of visualization objects may be provided for representing one or more data sets in a virtual 3D space. The visualization objects may include funnels, containers, name cards, and so forth. The visualization objects can be arranged in a circular carousel that can be rotated around a …",Oracle International Corporation,Benjamin L. MOROZE,2020-04-23,2019-10-21,2018-10-21,,US20200126307A1,en,https://patents.google.com/patent/US20200126307A1/en,https://patentimages.storage.googleapis.com/ec/53/e8/4f1801b5240571/US20200126307A1.pdf,Tier 1,Customs Threshold,UPS,customs clearance automated threshold,customs clearance automated threshold,None (fallback)
patent/US10580284B2/en,Wearable interactive notification device and interactive notification system,"A notification system includes a database network, the database network configured to store a medication schedule of a patient; a voice translation service in communication with the database network; and a notification device comprising a processor configured to wirelessly communicate with at …","Elements of Genius, Inc.",Jonathan E. Ramaci,2020-03-03,2018-01-24,2017-01-26,2020-03-03,US10580284B2,en,https://patents.google.com/patent/US10580284B2/en,https://patentimages.storage.googleapis.com/bc/82/cc/f063dd0067fba5/US10580284.pdf,Tier 1,Customs Threshold,UPS,customs clearance automated threshold,customs clearance automated threshold,None (fallback)
patent/US11144882B1/en,Systems and methods for evaluating actions over a computer network and …,"Various embodiments provide a method of connecting an employer with a candidate, comprising: receiving criteria data from the employer regarding a job opening; receiving background data from the candidate; recording data of the candidate in a video interview; analyzing the data of the candidate …",On Time Staffing Inc.,Roman Olshansky,2021-10-12,2020-09-18,2020-09-18,2021-10-12,US11144882B1,en,https://patents.google.com/patent/US11144882B1/en,https://patentimages.storage.googleapis.com/9e/49/d2/97f6b17f759d48/US11144882.pdf,Tier 1,Customs Threshold,UPS,customs clearance automated threshold,customs clearance automated threshold,None (fallback)
patent/US12396687B2/en,Remote monitoring of analyte measurements,"Methods and apparatus, including computer program products, are provided for remote monitoring. In some example implementations, there is provided a method. The method may include receiving, at a remote monitor, a notification message representative of an event detected, by a server, from analyte …","Dexcom, Inc.",Eric Cohen,2025-08-26,2022-02-24,2012-12-31,2025-08-26,US12396687B2,en,https://patents.google.com/patent/US12396687B2/en,,Tier 1,Customs Threshold,UPS,customs clearance automated threshold,customs clearance automated threshold,None (fallback)
patent/US9823813B2/en,Apparatus and methods for performing an action on a database record,"Disclosed are methods, apparatus, systems, and computer program products for performing an action on a database record in an on-demand database service. What actions are presented to a user interface of a mobile device can depend on attributes of the database record, such as metadata stored in …","Salesforce.Com, Inc.",Scott D. Beechuk,2017-11-21,2014-11-10,2013-03-15,2017-11-21,US9823813B2,en,https://patents.google.com/patent/US9823813B2/en,https://patentimages.storage.googleapis.com/4f/f8/65/86050615f60df9/US9823813.pdf,Tier 1,Customs Threshold,UPS,customs clearance automated threshold,customs clearance automated threshold,None (fallback)
patent/US11715213B2/en,Apparatus and methods for determining multi-subject performance metrics in a …,Apparatus and methods for extraction and calculation of multi-person performance metrics in a three-dimensional space. An example apparatus includes a detector to identify a first subject in a first image captured by a first image capture device based on a first set of two-dimensional kinematic …,Intel Corporation,Nelson Leung,2023-08-01,2020-06-26,2020-06-26,2023-08-01,US11715213B2,en,https://patents.google.com/patent/US11715213B2/en,https://patentimages.storage.googleapis.com/d9/c7/a2/edaf8c494396f8/US11715213.pdf,Tier 1,Customs Threshold,UPS,customs clearance automated threshold,customs clearance automated threshold,None (fallback)
patent/JP7652765B2/en,Distributed ledger lending system with smart contract architecture and method …,"receiving, by one or more processing devices, a request to initiate a loan process from a user device, the request indicating a borrower's collateral item; generating, with one or more processing devices, a virtual representation of the collateral item, the virtual representation including at …",ヤクブ シリフカ，ルカシュ,ヤクブ シリフカ，ルカシュ,2025-03-27,2020-09-25,2019-09-26,2025-03-27,JP7652765B2,en,https://patents.google.com/patent/JP7652765B2/en,https://patentimages.storage.googleapis.com/82/a0/04/c2de0611475268/JP7652765B2.pdf,Tier 1,Customs Threshold,UPS,customs clearance automated threshold,customs clearance automated threshold,None (fallback)
patent/US8903483B2/en,Devices and methods for monitoring physiological information relating to sleep …,"Described here are implantable devices and methods for monitoring physiological information relating to sleep. The implantable devices are generally designed to include at least one sensor for sensing physiological information, a processor for processing the physiological information using low …","Neuropace, Inc.",Felice Sun,2014-12-02,2013-08-14,2007-02-09,2014-12-02,US8903483B2,en,https://patents.google.com/patent/US8903483B2/en,https://patentimages.storage.googleapis.com/9b/d7/3d/bb6e7ebf38d511/US8903483.pdf,Tier 1,Customs Threshold,UPS,customs clearance automated threshold,customs clearance automated threshold,None (fallback)
patent/EP3579645B1/en,Method and apparatus for control and data information resource mapping in …,"A method performed by a terminal in a wireless communication system, the method comprising: receiving, from a base station, a radio resource control, RRC, signaling configuring a rate matching pattern; receiving, from the base station, downlink control information, DCI, scheduling a physical …","Samsung Electronics Co., Ltd.",Sungjin Park,2022-11-16,2018-03-07,2017-03-08,2022-11-16,EP3579645B1,en,https://patents.google.com/patent/EP3579645B1/en,https://patentimages.storage.googleapis.com/e1/83/4b/300b95783bf22b/EP3579645B1.pdf,Tier 1,Customs Threshold,UPS,customs clearance automated threshold,customs clearance automated threshold,None (fallback)
patent/US12190682B2/en,Event wagering with group and/or in run options,"Some embodiments may relate to wagering one or more events. Such events may include sporting events. For example, one or more races may be wagered upon. In some embodiments, one or more wager may include an in running or in game wager. In some embodiments, one or more wagers may include a wager on …","Cfph, Llc",Kenneth L. Miller,2025-01-07,2023-09-18,2014-03-26,2025-01-07,US12190682B2,en,https://patents.google.com/patent/US12190682B2/en,https://patentimages.storage.googleapis.com/7c/25/e7/4023bfa44861b7/US12190682.pdf,Tier 1,Customs Threshold,UPS,customs clearance automated threshold,customs clearance automated threshold,None (fallback)
patent/US10015825B2/en,Smart-home device facilitating convenient setup of plural instances thereof in …,"A method for using a first device to pair a second device to a user account may include receiving first wireless communications using a first wireless protocol, where the first device has previously been paired with the user account. The method may also include receiving a transmission that …",Google Llc,Jay Logue,2018-07-03,2017-03-14,2013-10-07,2018-07-03,US10015825B2,en,https://patents.google.com/patent/US10015825B2/en,https://patentimages.storage.googleapis.com/72/a0/21/98e744d4c71291/US10015825.pdf,Tier 1,Customs Threshold,UPS,customs clearance automated threshold,customs clearance automated threshold,None (fallback)
patent/US20190370615A1/en,State machine methods and apparatus comprising work unit transitions that …,"State machine methods and apparatus improve computer network functionality relating to natural language communication. In one example, a state machine implements an instance of a workflow to facilitate natural language communication with an entity, and comprises one or more transitions, wherein …","Talla, Inc.",William Murphy,2019-12-05,2019-04-30,2016-10-31,,US20190370615A1,en,https://patents.google.com/patent/US20190370615A1/en,https://patentimages.storage.googleapis.com/82/6e/af/776d36d75e5993/US20190370615A1.pdf,Tier 1,Customs Threshold,UPS,customs clearance automated threshold,customs clearance automated threshold,None (fallback)
patent/US11490809B2/en,Ocular parameter-based head impact measurement using a face shield,"A system and/or method for measuring a human ocular parameter comprises a human-wearable face shield which has an eye sensor, a head orientation sensor, and an electronic circuit, and a face shield. The eye sensor comprises a video camera that measures horizontal eye movement, vertical eye …",Wesley W. O. Krueger,Wesley W. O. Krueger,2022-11-08,2020-06-16,2013-01-25,2022-11-08,US11490809B2,en,https://patents.google.com/patent/US11490809B2/en,https://patentimages.storage.googleapis.com/06/a0/17/140852e9f33a05/US11490809.pdf,Tier 1,Customs Threshold,UPS,customs clearance automated threshold,customs clearance automated threshold,None (fallback)
patent/AU2018241053B2/en,Clustering and tagging engine for use in product support systems,"The present invention relates to a computer-based system for supporting Product Customer Support Systems by means for parameter-free and fully unsupervised: clustering of a selected set documents (e.g., based on a query from some database) with unknown ontology (e.g., cases from Customer Support …",Thomson Reuters Enterprise Centre Gmbh,Nikolai Nefedov,2023-07-13,2018-10-03,2018-01-12,2023-07-13,AU2018241053B2,en,https://patents.google.com/patent/AU2018241053B2/en,https://patentimages.storage.googleapis.com/79/c9/62/48925a40a1f9d6/AU2018241053B2.pdf,Tier 1,Customs Threshold,UPS,customs clearance automated threshold,customs clearance automated threshold,None (fallback)
patent/CN103886009B/en,Automatically generate suggested mini-games for cloud games based on recorded …,The present invention provides a method for generating a limited version of a trial play of a video game. Recording the user game play of the complete version of the video game. Analyzing the recorded gameplay of the user to determine a region of interest. Based on the determined region of …,索尼电脑娱乐美国公司,V.O.S.穆拉,2019-09-06,2013-12-23,2012-12-21,2019-09-06,CN103886009B,en,https://patents.google.com/patent/CN103886009B/en,https://patentimages.storage.googleapis.com/c2/06/63/089ea2824a28a9/CN103886009B.pdf,Tier 1,Customs Threshold,UPS,customs clearance automated threshold,customs clearance automated threshold,None (fallback)
patent/US20220107446A1/en,Systems and methods for transverse energy localization in energy relays using …,Disclosed are systems and methods for manufacturing energy relays for energy directing systems inducing Ordered Energy Localization effects. Ordered Energy Localization relay material distribution criteria are disclosed. Transverse planar as well as multi-dimensional ordered material …,"Light Field Lab, Inc.",Jonathan Sean Karafin,2022-04-07,2021-10-15,2018-01-14,,US20220107446A1,en,https://patents.google.com/patent/US20220107446A1/en,https://patentimages.storage.googleapis.com/e9/f3/a1/ceb3fef7c5f9fa/US20220107446A1.pdf,Tier 1,Customs Threshold,UPS,customs clearance automated threshold,customs clearance automated threshold,None (fallback)
patent/JP7451026B2/en,gaming machine,"a door having a viewing window; a reel including at least a reel tape, a reel base around which the reel tape is wound, a motor for rotating the reel base, and a motor fixing base to which the motor is fixed; a reel unit in which a plurality of the reels are fixed in parallel; a plurality of …",サミー株式会社,篤史 吉川,2024-03-18,2019-09-30,2019-09-30,2024-03-18,JP7451026B2,en,https://patents.google.com/patent/JP7451026B2/en,https://patentimages.storage.googleapis.com/df/1a/68/e00480b49a1c5d/JP7451026B2.pdf,Tier 1,Customs Threshold,UPS,customs clearance automated threshold,customs clearance automated threshold,None (fallback)
patent/US20240223587A1/en,Cybersecurity threat intelligence and remediation system,"A cybersecurity system is provided for automated cybersecurity insights, remediation recommendations, and service provisioning. The cybersecurity system can generate threat insights and/or generate remediation recommendations using machine learning models and cybersecurity data obtained from …",Cytellix Corporation,Brian Douglas Berger,2024-07-04,2023-09-08,2019-06-18,,US20240223587A1,en,https://patents.google.com/patent/US20240223587A1/en,https://patentimages.storage.googleapis.com/28/49/92/87f98cd5d8f166/US20240223587A1.pdf,Tier 1,Customs Threshold,UPS,customs clearance automated threshold,customs clearance automated threshold,None (fallback)
patent/US11669794B2/en,Building risk analysis system with geographic risk scoring,"A building risk analysis system including one or more memory devices storing instructions thereon, that, when executed by one or more processors, cause the one or more processors to receive threats, each of the threats including a location, wherein each of the threats are threats of a particular …",Johnson Controls Tyco IP Holdings LLP,Sajjad Pourmohammad,2023-06-06,2020-04-06,2020-04-06,2023-06-06,US11669794B2,en,https://patents.google.com/patent/US11669794B2/en,https://patentimages.storage.googleapis.com/83/6a/68/d1bc41533e0ba4/US11669794.pdf,Tier 1,Customs Threshold,UPS,customs clearance automated threshold,customs clearance automated threshold,None (fallback)
patent/US10327583B2/en,Automatic food preparation apparatus,"In an embodiment, an automatic food preparation and serving method comprises: releasing, from one or more magazines in a storage apparatus, a plurality of food canisters, each loaded with a different ingredient of a human consumable dish or meal, onto a canister transportation mechanism under …","Keenwawa, Inc.",Adam HIATT,2019-06-25,2018-03-06,2017-03-06,2019-06-25,US10327583B2,en,https://patents.google.com/patent/US10327583B2/en,https://patentimages.storage.googleapis.com/e9/87/94/56d0d095b5a35e/US10327583.pdf,Tier 1,Customs Threshold,UPS,customs clearance automated threshold,customs clearance automated threshold,None (fallback)
patent/US20220417687A1/en,Switching Binaural Sound,"A method provides binaural sound to a person through electronic earphones. The binaural sound localizes to a sound localization point (SLP) in empty space that is away from but proximate to the person. When an event occurs, the binaural sound switches or changes to stereo sound, to mono sound, or …",Philip Scott Lyren,Philip Scott Lyren,2022-12-29,2022-08-30,2015-12-27,,US20220417687A1,en,https://patents.google.com/patent/US20220417687A1/en,https://patentimages.storage.googleapis.com/51/5d/60/261416fffec58c/US20220417687A1.pdf,Tier 1,Customs Threshold,UPS,customs clearance automated threshold,customs clearance automated threshold,None (fallback)
patent/US9887203B2/en,3D semiconductor device and structure,"A 3D semiconductor device including: a first layer including a first monocrystalline layer, the first layer including first logic cells; a second layer including a monocrystalline semiconductor layer, the second layer overlying the first layer, the second layer including second transistors, where …",Monolithic 3D Inc.,Zvi Or-Bach,2018-02-06,2016-07-28,2009-04-14,2018-02-06,US9887203B2,en,https://patents.google.com/patent/US9887203B2/en,https://patentimages.storage.googleapis.com/88/71/66/6c52c4fcb0596d/US9887203.pdf,Tier 1,Customs Threshold,UPS,customs clearance automated threshold,customs clearance automated threshold,None (fallback)
patent/CN111149100B/en,Determining a paraphrasing interrelationship across documents based on …,"The systems, devices and methods of the present invention relate to extending trees of utterances and navigating text using the extended trees of utterances. In an example, the utterance navigation application creates a first utterance tree for a first paragraph of a first document, and creates a …",Oracle International Corporation,B·加里斯基,2023-08-29,2018-09-28,2017-09-28,2023-08-29,CN111149100B,en,https://patents.google.com/patent/CN111149100B/en,https://patentimages.storage.googleapis.com/30/c1/aa/d63147dbc92d94/CN111149100B.pdf,Tier 1,Customs Threshold,UPS,customs clearance automated threshold,customs clearance automated threshold,None (fallback)
patent/US10715326B2/en,Systems and methods for managing networked commitments of secure entities,"The invention relates to a method of managing commitments between entities forming the nodes of a network, each entity being housed in a computer processing unit, characterized in that it comprises the following steps: —establishing commitments (ENij) between commitment provider entities (Ei) and …",Enrico Maim,Enrico Maim,2020-07-14,2017-07-28,2015-01-30,2020-07-14,US10715326B2,en,https://patents.google.com/patent/US10715326B2/en,https://patentimages.storage.googleapis.com/39/d0/26/d544102e70751d/US10715326.pdf,Tier 1,Customs Threshold,UPS,customs clearance automated threshold,customs clearance automated threshold,None (fallback)
patent/US20250292004A1/en,"Systems, methods, and computer readable media for creating slide presentations …","Systems, methods, and computer readable medium are provided that relates to the field electronic slide presentation applications. Improvements to add new features and functionality in that field are illustratively described. In some embodiments, an automated feature is provided that generates high …",Matthew Connell Shriver,Matthew Connell Shriver,2025-09-18,2024-10-28,2016-03-10,,US20250292004A1,en,https://patents.google.com/patent/US20250292004A1/en,,Tier 1,Customs Threshold,UPS,customs clearance automated threshold,customs clearance automated threshold,None (fallback)
patent/US20250199536A1/en,Vehicle Controllers For Agricultural And Industrial Applications,"Systems and methods for vehicle controllers for agricultural and industrial applications are described. For example, a method includes accessing a map data structure storing a map representing locations of physical objects in a geographic area; accessing current point cloud data captured using a …",Deere & Company,David E. Bertucci,2025-06-19,2025-01-23,2018-07-26,,US20250199536A1,en,https://patents.google.com/patent/US20250199536A1/en,https://patentimages.storage.googleapis.com/39/3a/f0/c3a95801d8eb82/US20250199536A1.pdf,Tier 1,Customs Threshold,UPS,customs clearance automated threshold,customs clearance automated threshold,None (fallback)
patent/US20230239300A1/en,Central user management in a distributed healthcare information management …,"Centralized support user management in a distributed healthcare information management system is disclosed. Support user management may include generation of permission data that may be distributed from a central server to one or more remote access terminals, which may execute a healthcare …",Baxter Corporation Englewood,Bhavesh S. Padmani,2023-07-27,2023-02-06,2014-09-30,,US20230239300A1,en,https://patents.google.com/patent/US20230239300A1/en,https://patentimages.storage.googleapis.com/03/a1/cb/cadf37fbd509db/US20230239300A1.pdf,Tier 1,Customs Threshold,UPS,customs clearance automated threshold,customs clearance automated threshold,None (fallback)
patent/US11935643B2/en,"Federated, centralized, and collaborative medical data management and …",A computer-implemented system is provided that includes a plurality of endpoint databases employed to store medical images and metadata that describes attributes of the respective medical images. A management and orchestration platform periodically scans the endpoint databases to determine an …,GE Precision Healthcare LLC,Travis R. Frosch,2024-03-19,2020-11-24,2019-11-27,2024-03-19,US11935643B2,en,https://patents.google.com/patent/US11935643B2/en,https://patentimages.storage.googleapis.com/e8/f0/b2/547d3e8a47da37/US11935643.pdf,Tier 1,Customs Threshold,UPS,customs clearance automated threshold,customs clearance automated threshold,None (fallback)
patent/US11209286B2/en,"Recreational vehicle interactive telemetry, mapping and trip planning system","An interactive system for use in connection with recreational vehicle usage includes a server system, including an off-road trail database containing trail data, trail condition information, and points-of-interest information, as well as a trip mapping system accessible by any of a plurality of …",Polaris Industies Inc.,David J. Koenig,2021-12-28,2018-12-27,2013-02-26,2021-12-28,US11209286B2,en,https://patents.google.com/patent/US11209286B2/en,https://patentimages.storage.googleapis.com/9b/d8/4c/30b45907b5500b/US11209286.pdf,Tier 1,Customs Threshold,UPS,customs clearance automated threshold,customs clearance automated threshold,None (fallback)
patent/US12275801B2/en,Isolation of adult multipotential cells by tissue non-specific alkaline …,The present invention relates to the use of tissue non-specific alkaline phosphatase (TNAP) as a marker for identifying and/or isolating adult multipotential cells. The present invention also relates to cell populations enriched by methods of the present invention and therapeutic uses of these …,"Mesoblast, Inc.",Stan Gronthos,2025-04-15,2020-05-05,2005-04-12,2025-04-15,US12275801B2,en,https://patents.google.com/patent/US12275801B2/en,https://patentimages.storage.googleapis.com/d5/17/66/20a50725033311/US12275801B2.pdf,Tier 1,Customs Threshold,UPS,customs clearance automated threshold,customs clearance automated threshold,None (fallback)
patent/US20190391796A1/en,Control of scheduling dependencies by a neural network compiler,"A compiler receives a graph describing a neural network and accesses data to describe a target computing device to implement the neural network. The compiler generates an intermediate representation from the graph and the data, and determines dependencies between operations identified in the …",Intel Corporation,John Brady,2019-12-26,2019-06-28,2019-06-28,,US20190391796A1,en,https://patents.google.com/patent/US20190391796A1/en,https://patentimages.storage.googleapis.com/c2/8e/69/2f811ca5874dcb/US20190391796A1.pdf,Tier 1,Customs Threshold,UPS,customs clearance automated threshold,customs clearance automated threshold,None (fallback)
patent/KR102186242B1/en,Apparatus and method for processing a multimedia commerce service,"In the multimedia commerce service processing method performed in a multimedia commerce service processing apparatus, Generating a first banner GUI including title information of a multimedia commerce service through a controller included in the multimedia commerce service processing device;",엘지전자 주식회사,김영아,2020-12-03,2014-02-27,2013-02-28,2020-12-03,KR102186242B1,en,https://patents.google.com/patent/KR102186242B1/en,https://patentimages.storage.googleapis.com/bf/00/8a/60c41e47d0bf3b/KR102186242B1.pdf,Tier 1,Customs Threshold,UPS,customs clearance automated threshold,customs clearance automated threshold,None (fallback)
patent/US11756272B2/en,Somatic and somatosensory guidance in virtual and augmented reality …,"A method of operating a procedural training user interface system involves displaying an interactive guided process of a first user using at least one augmented reality (AR) layer through an AR device worn by a second user, where a representation of first user hands is displayed. The second user …","LabLightAR, Inc.",Roger Brent,2023-09-12,2022-08-29,2021-08-27,2023-09-12,US11756272B2,en,https://patents.google.com/patent/US11756272B2/en,https://patentimages.storage.googleapis.com/47/8f/45/e6ec3a25536aba/US11756272.pdf,Tier 1,Customs Threshold,UPS,customs clearance automated threshold,customs clearance automated threshold,None (fallback)
patent/JP6669699B2/en,Method and apparatus for continuous amplification reaction,"A method for determining the presence or absence of a plurality of target polynucleotides in a sample, the method comprising: (A) providing a reaction system comprising a reaction chamber, a sample reservoir, a plurality of reactant reservoirs, and a waste reservoir , wherein the reaction chamber …",セフィードＣｅｐｈｅｉｄ,ジョセフ・エイチ・スミス,2020-03-18,2017-08-02,2006-05-01,2020-03-18,JP6669699B2,en,https://patents.google.com/patent/JP6669699B2/en,https://patentimages.storage.googleapis.com/2f/15/25/d14e838dab9257/JP6669699B2.pdf,Tier 1,Customs Threshold,UPS,customs clearance automated threshold,customs clearance automated threshold,None (fallback)
patent/US9426118B2/en,Remote grant of network access,"Systems and techniques for granting of network access to a new network device are described. Specifically, various techniques and systems are provided for connecting a new network device to a network and limiting access of the network device while authenticating the new network device. Exemplary …",Belkin International Inc.,Ryan Yong Kim,2016-08-23,2014-10-28,2014-10-28,2016-08-23,US9426118B2,en,https://patents.google.com/patent/US9426118B2/en,https://patentimages.storage.googleapis.com/be/20/1c/a5342232f5d994/US9426118.pdf,Tier 1,Customs Threshold,UPS,customs clearance automated threshold,customs clearance automated threshold,None (fallback)
patent/AU2015243082B2/en,Data storage system and data storage control method,"The storage system exports logical storage volumes that are provisioned as storage objects. These storage objects are accessed on demand by connected computer systems using standard protocols, such as SCSI and NFS, through logical endpoints for the protocol traffic that are configured in the …",VMware LLC,Komal Desai,2016-11-24,2015-10-16,2011-08-26,2016-11-24,AU2015243082B2,en,https://patents.google.com/patent/AU2015243082B2/en,https://patentimages.storage.googleapis.com/5f/b7/ec/9487c94506bc75/AU2015243082B2.pdf,Tier 1,Customs Threshold,UPS,customs clearance automated threshold,customs clearance automated threshold,None (fallback)
patent/AU2015249115B2/en,Configuring object storage system for input/output operations,"The storage system exports logical storage volumes that are provisioned as storage objects. These storage objects are accessed on demand by connected computer systems using standard protocols, such as SCSI and NFS, through logical endpoints for the protocol traffic that are configured in the …",VMware LLC,Sanjay ACHARYA,2017-01-12,2015-10-29,2011-08-26,2017-01-12,AU2015249115B2,en,https://patents.google.com/patent/AU2015249115B2/en,https://patentimages.storage.googleapis.com/4e/4c/97/d04e37b2e3a97f/AU2015249115B2.pdf,Tier 1,Customs Threshold,UPS,customs clearance automated threshold,customs clearance automated threshold,None (fallback)
patent/US20200296155A1/en,"Method, system and product to implement deterministic on-boarding and …","A non-transitory computer-readable storage medium, an apparatus, and a computer-implemented method. The computer-readable storage medium is of an edge computing system and is to identify a target edge node for deployment of a workload thereon. The computer-readable storage medium further comprises …",Intel Corporation,Michael J. McGrath,2020-09-17,2020-03-27,2020-03-27,,US20200296155A1,en,https://patents.google.com/patent/US20200296155A1/en,https://patentimages.storage.googleapis.com/a6/7f/e9/7d9a953ba68598/US20200296155A1.pdf,Tier 1,Customs Threshold,UPS,customs clearance automated threshold,customs clearance automated threshold,None (fallback)
patent/US11508056B2/en,Drone inspection analytics for asset defect detection,"A set of images of a three-dimensional (3D) inspection object collected by a drone during execution of a first flight path may be received, along with telemetry data from the drone. A tagged set of images may be stored, with each tagged image being stored together with a corresponding drone …","Measure Global, Inc.",Preston White,2022-11-22,2020-02-28,2019-02-28,2022-11-22,US11508056B2,en,https://patents.google.com/patent/US11508056B2/en,https://patentimages.storage.googleapis.com/82/42/b8/dabb33b36aae36/US11508056.pdf,Tier 1,Customs Threshold,UPS,customs clearance automated threshold,customs clearance automated threshold,None (fallback)
patent/US11208364B2/en,Oxidative coupling of methane implementations for olefin production,The present disclosure provides oxidative coupling of methane (OCM) systems for small scale and world scale production of olefins. An OCM system may comprise an OCM subsystem that generates a product stream comprising C 2+ compounds and non-C 2+ impurities from methane and an oxidizing agent. At …,Lummus Technology Llc,Humera A. Rafique,2021-12-28,2020-11-05,2014-01-09,2021-12-28,US11208364B2,en,https://patents.google.com/patent/US11208364B2/en,https://patentimages.storage.googleapis.com/28/2f/5b/777af75f797c6c/US11208364.pdf,Tier 1,Customs Threshold,UPS,customs clearance automated threshold,customs clearance automated threshold,None (fallback)
patent/US12163799B2/en,"Recreational vehicle interactive telemetry, mapping, and trip planning system","An interactive system for use in connection with recreational vehicle usage includes a server system, including an off-road trail database containing trail data, trail condition information, and points-of-interest information, as well as a trip mapping system accessible by any of a plurality of …",Polaris Industries Inc.,David J. Koenig,2024-12-10,2020-03-06,2013-02-26,2024-12-10,US12163799B2,en,https://patents.google.com/patent/US12163799B2/en,https://patentimages.storage.googleapis.com/52/1f/dc/2d72afc0fae4d1/US12163799.pdf,Tier 1,Customs Threshold,UPS,customs clearance automated threshold,customs clearance automated threshold,None (fallback)
patent/EP3635949B1/en,Spatially faithful telepresence supporting varying geometries and moving users,"A method comprising: for each of a plurality of users, receiving a three-dimensional (3D) local environment scan of the local environment of the respective user; mapping each of the plurality of local environment scans to a respective location and orientation in a shared virtual geometry, the …","InterDigital VC Holdings, Inc.",Seppo T. VALLI,2025-08-27,2018-05-31,2017-06-09,2025-08-27,EP3635949B1,en,https://patents.google.com/patent/EP3635949B1/en,,Tier 1,Customs Threshold,UPS,customs clearance automated threshold,customs clearance automated threshold,None (fallback)
patent/AU2023202028A1/en,Wireless access credential system,"An access control system and methods according to at least one embodiment leverage wireless access credentials to allow a user to securely gain access to a secured area using his or her mobile device. As such, a credentialed mobile device may permit access to the secured area without requiring a …",Schlage Lock Company Llc,Christopher Bauer,2023-05-04,2023-04-03,2018-09-21,,AU2023202028A1,en,https://patents.google.com/patent/AU2023202028A1/en,https://patentimages.storage.googleapis.com/63/c6/b7/d2ce3b7659e68f/AU2023202028A1.pdf,Tier 1,Customs Threshold,UPS,customs clearance automated threshold,customs clearance automated threshold,None (fallback)
patent/US10026248B2/en,Integrated real estate showing scheduling and key management system,"A system and method for dispensing a key from a key kiosk disposed at a realtor's office near a real property based on a showing appointment scheduled with a showing scheduling system. The appointment, including a date and time, as well as an authorized user is communicated from the showing …",ShowingTime.com,Scott E Woodard,2018-07-17,2017-08-04,2016-08-29,2018-07-17,US10026248B2,en,https://patents.google.com/patent/US10026248B2/en,https://patentimages.storage.googleapis.com/99/a7/91/2f44c76676b4b2/US10026248.pdf,Tier 1,Customs Threshold,UPS,customs clearance automated threshold,customs clearance automated threshold,None (fallback)
patent/US8993385B1/en,Method to construct a 3D semiconductor device,"A method to construct a semiconductor device, the method including: forming a first layer including mono-crystallized semiconductor and first logic circuits; forming a second layer including a mono-crystallized semiconductor layer, the second layer overlying the first logic circuits; forming …",Monolithic 3D Inc.,Zvi Or-Bach,2015-03-31,2014-09-19,2010-02-16,2015-03-31,US8993385B1,en,https://patents.google.com/patent/US8993385B1/en,https://patentimages.storage.googleapis.com/9a/29/b1/daec358a4d260f/US8993385.pdf,Tier 1,Customs Threshold,UPS,customs clearance automated threshold,customs clearance automated threshold,None (fallback)
patent/US10514998B2/en,Diagnostic tool and method for efficient software development,"A computer-implemented software development diagnostic tool which implements a state machine comprising at least three different states of software developer activity. A method of collecting software development diagnostic data, in which a computer-implemented software development diagnostic tool …","New Iron Group, Inc.",Janelle Marie Klein,2019-12-24,2018-04-16,2015-03-18,2019-12-24,US10514998B2,en,https://patents.google.com/patent/US10514998B2/en,https://patentimages.storage.googleapis.com/06/f3/0e/498d9068e6174d/US10514998.pdf,Tier 1,Customs Threshold,UPS,customs clearance automated threshold,customs clearance automated threshold,None (fallback)
patent/US11853748B2/en,"Methods and systems that share resources among multiple, interdependent release …","The current document is directed to automated application-release-management facilities that, in a described implementation, coordinate continuous development and release of cloud-computing applications. The application-release-management process is specified, in the described implementation, by …","Vmware, Inc.",Agila Govindaraju,2023-12-26,2021-10-25,2016-10-15,2023-12-26,US11853748B2,en,https://patents.google.com/patent/US11853748B2/en,https://patentimages.storage.googleapis.com/f3/ea/6f/cca35ba7637e36/US11853748.pdf,Tier 1,Customs Threshold,UPS,customs clearance automated threshold,customs clearance automated threshold,None (fallback)
patent/US10108600B2/en,"System and method of attribute, entity, and action organization of a data …","A system for annotating words of a data corpus based upon attributes, items, and actions with Identigens (IDNs) from a Descriptive Dictionary, pairing the word's or their IDNs based on logical forming rules (CETLO Rules); determining if a selected plurality of paired words or IDNs (CETs) are …",Entigenlogic Llc,Frank John Williams,2018-10-23,2016-09-16,2016-09-16,2018-10-23,US10108600B2,en,https://patents.google.com/patent/US10108600B2/en,https://patentimages.storage.googleapis.com/2b/29/0f/400e2d03916038/US10108600.pdf,Tier 1,Customs Threshold,UPS,customs clearance automated threshold,customs clearance automated threshold,None (fallback)
patent/US20220345261A1/en,Transmission using an adapted downlink waveform type,"Apparatuses, methods, and systems are disclosed for transmission using an adapted downlink waveform type. One method (3400) includes dynamically or semi-statically adapting (3402) a downlink waveform type at a network unit, wherein: the downlink waveform type comprises a multi-carrier waveform, a …",Lenovo (Singapore) Pte. Ltd.,Ali RAMADAN ALI,2022-10-27,2020-09-17,2019-10-31,,US20220345261A1,en,https://patents.google.com/patent/US20220345261A1/en,https://patentimages.storage.googleapis.com/b8/12/39/25c385ce185250/US20220345261A1.pdf,Tier 1,Customs Threshold,UPS,customs clearance automated threshold,customs clearance automated threshold,None (fallback)
patent/US9323499B2/en,Random number generator functions in memory,"A memory device includes but is not limited to a substrate, a non-volatile memory array integrated on the substrate, and random number generator logic integrated with the non-volatile memory array on the substrate. The random number generator logic is operable to perform at least one random number …",Elwha Llc,Roderick A. Hyde,2016-04-26,2012-12-21,2012-11-15,2016-04-26,US9323499B2,en,https://patents.google.com/patent/US9323499B2/en,https://patentimages.storage.googleapis.com/dd/db/ff/4d39ab66f20153/US9323499.pdf,Tier 1,Customs Threshold,UPS,customs clearance automated threshold,customs clearance automated threshold,None (fallback)
patent/US8073565B2/en,System and method for alerting a first mobile data processing system nearby a …,Provided is a fully automated web service with location based services generally involved in transmission of situational location dependent information to automatically located mobile receiving data processing systems. The web service communicates with a receiving data processing system in a …,Apple Inc.,William J. Johnson,2011-12-06,2007-07-10,2000-06-07,2011-12-06,US8073565B2,en,https://patents.google.com/patent/US8073565B2/en,https://patentimages.storage.googleapis.com/7e/40/aa/6ea030bd73968b/US8073565.pdf,Tier 1,Customs Threshold,UPS,customs clearance automated threshold,customs clearance automated threshold,None (fallback)
patent/US8005896B2/en,System for controlled distribution of user profiles over a network,"An information management and distribution system is disclosed. The information management and distribution system facilitates the controlled exchange of contact information over a network. The system can support one or more of creation and design, rolodex, exchange, and update features. In one …",Cheah Ip Llc,Chris Cheah,2011-08-23,2010-06-17,1998-10-13,2011-08-23,US8005896B2,en,https://patents.google.com/patent/US8005896B2/en,https://patentimages.storage.googleapis.com/af/b4/7f/e207b99c776d2f/US8005896.pdf,Tier 1,Customs Threshold,UPS,customs clearance automated threshold,customs clearance automated threshold,None (fallback)
patent/US9129319B2/en,Methods and apparatus for on-line ordering,"Systems and methods for ordering supplies from suppliers or for other e-commerce activities are described. Standards for placing orders and registering catalog information in a database are described. Systems and methods for placing orders, preprocessing supplier information using geographic …",Peter A. Burton,Peter A. Burton,2015-09-08,2010-04-13,2000-03-22,2015-09-08,US9129319B2,en,https://patents.google.com/patent/US9129319B2/en,https://patentimages.storage.googleapis.com/7e/8e/3b/795dc9e654e98f/US9129319.pdf,Tier 1,Customs Threshold,UPS,customs clearance automated threshold,customs clearance automated threshold,None (fallback)
patent/US8769412B2/en,Method and apparatus for risk visualization and remediation,"A method and apparatus provides techniques for providing complete solutions for role-based, rules-driven access enforcement. An embodiment addresses blended risk assessment and security across logical systems, IT applications, databases, and physical systems from a single analytic dashboard, with …","Alert Enterprise, Inc.",Jasvir Singh Gill,2014-07-01,2010-11-23,2009-11-20,2014-07-01,US8769412B2,en,https://patents.google.com/patent/US8769412B2/en,https://patentimages.storage.googleapis.com/2d/a3/1c/20f436d9d27db5/US8769412.pdf,Tier 1,Customs Threshold,UPS,customs clearance automated threshold,customs clearance automated threshold,None (fallback)
patent/US8260736B1/en,Intelligent system manager system and method,An intelligent system manager system and method for managing and controlling a platform may comprise a management component providing intelligent decision support and managing platform functions responsive to data representative of the platform and equipment thereof; an execution and monitor …,Lockheed Martin Corporation,Michael T. Lear,2012-09-04,2009-09-08,2008-09-12,2012-09-04,US8260736B1,en,https://patents.google.com/patent/US8260736B1/en,https://patentimages.storage.googleapis.com/8e/03/db/f1e891bbcf7763/US8260736.pdf,Tier 1,Customs Threshold,UPS,customs clearance automated threshold,customs clearance automated threshold,None (fallback)
patent/CN101573073B/en,Between-patient comparisons for risk stratification,"The present invention discloses a system that includes patient device, wherein the patient device comprises a communication module that used to receive patient data relevant to the current patient; a reference group module that used to select and store corresponds to reference group data of the …",Cardiac Pacemakers Inc.,谢利·M·卡扎里斯,2011-04-20,2007-12-17,2006-12-27,2011-04-20,CN101573073B,en,https://patents.google.com/patent/CN101573073B/en,https://patentimages.storage.googleapis.com/15/94/36/4229458bb1ea39/CN101573073B.pdf,Tier 1,Customs Threshold,UPS,customs clearance automated threshold,customs clearance automated threshold,None (fallback)
patent/US9185361B2/en,Camera-based tracking and position determination for sporting events using …,"Position information of equipment at an event, such as a ball, one or more players, or other items in a game or sporting event, is used in selecting camera, camera shot type, camera angle, audio signals, and/or other output data for providing a multimedia presentation of the event to a viewer. The …",Gerald Curry,Gerald Curry,2015-11-10,2009-07-29,2008-07-29,2015-11-10,US9185361B2,en,https://patents.google.com/patent/US9185361B2/en,https://patentimages.storage.googleapis.com/f7/9b/e5/aab7d410ec86e2/US9185361.pdf,Tier 1,Customs Threshold,UPS,customs clearance automated threshold,customs clearance automated threshold,None (fallback)
patent/US7929638B2/en,Wireless local area network (WLAN) using universal frequency translation …,"Frequency translation and applications of the same are described herein, including RF modem and wireless local area network (WLAN) applications. In embodiments, the WLAN invention includes an antenna, an LNA/PA module, a receiver, a transmitter, a control signal generator, a demodulation/ …","Parkervision, Inc.",David F. Sorrells,2011-04-19,2010-01-14,1999-04-16,2011-04-19,US7929638B2,en,https://patents.google.com/patent/US7929638B2/en,https://patentimages.storage.googleapis.com/dc/ac/24/f9c58b72fca076/US7929638.pdf,Tier 1,Customs Threshold,UPS,customs clearance automated threshold,customs clearance automated threshold,None (fallback)
patent/US7805391B2/en,Inference of anomalous behavior of members of cohorts and associate actors …,"Inferring a probability of a first inference absent from a database at which a query regarding the inference is received. The first inference relates to identifying anomalous behavior of cohorts members, which identification can be used to identify crimes that are particularly difficult to detect, …",International Business Machines Corporation,Robert R. Friedlander,2010-09-28,2008-05-30,2007-02-26,2010-09-28,US7805391B2,en,https://patents.google.com/patent/US7805391B2/en,https://patentimages.storage.googleapis.com/26/e0/11/b399a9a2688b07/US7805391.pdf,Tier 1,Customs Threshold,UPS,customs clearance automated threshold,customs clearance automated threshold,None (fallback)
patent/US7756621B2/en,Steering control system and method,An electronic control system may be used to control the steering angle of a vehicle wheel. The electronic control system may be used to determine that a measured speed that a steering angle of a wheel is changing exceeds a threshold speed. The electronic control system may be used to determine …,Oshkosh Corporation,Duane R. Pillar,2010-07-13,2007-10-29,2002-06-13,2010-07-13,US7756621B2,en,https://patents.google.com/patent/US7756621B2/en,https://patentimages.storage.googleapis.com/64/71/96/b9631318a6d376/US7756621.pdf,Tier 1,Customs Threshold,UPS,customs clearance automated threshold,customs clearance automated threshold,None (fallback)
patent/US9679404B2/en,Techniques for dynamic layout of presentation tiles on a grid,Techniques for an electronic montage system are described. An apparatus may comprise a logic device arranged to execute a montage application comprising a presentation component. The presentation component may be operative to detect when a display size or resolution has changed from one used for …,"Microsoft Technology Licensing, Llc",Malia Douglas,2017-06-13,2011-09-23,2010-12-23,2017-06-13,US9679404B2,en,https://patents.google.com/patent/US9679404B2/en,https://patentimages.storage.googleapis.com/5f/3e/f0/5e228d443fe6ed/US9679404.pdf,Tier 1,Customs Threshold,UPS,customs clearance automated threshold,customs clearance automated threshold,None (fallback)
patent/US8832688B2/en,Kernel bus system with a hyberbus and method therefor,Some embodiments concern a kernel bus system for building at least one virtual machine monitor. The kernel bus system can include: (a) a hyperbus; (b) user space components; (c) guest space components configured to interact with the user space components via the hyperbus; (d) VMM components having …,Transoft,Chang Bin Tang,2014-09-09,2011-05-25,2010-05-25,2014-09-09,US8832688B2,en,https://patents.google.com/patent/US8832688B2/en,https://patentimages.storage.googleapis.com/e5/99/a5/4568bc9f4a9dd6/US8832688.pdf,Tier 1,Customs Threshold,UPS,customs clearance automated threshold,customs clearance automated threshold,None (fallback)
patent/US8237558B2/en,Hand hygiene compliance system,"A system and method of encouraging compliance of hand hygiene in an environment where users move from zone to zone and are required to perform hand hygiene between the zones. Users carry a wearable zone sensor which detects zones, detects hand hygiene actions, logs time of changing zones, and hand …",University Health Network,Kaveh Seyed Momen,2012-08-07,2009-09-29,2007-03-30,2012-08-07,US8237558B2,en,https://patents.google.com/patent/US8237558B2/en,https://patentimages.storage.googleapis.com/3e/f4/11/d1e3b543e142e0/US8237558.pdf,Tier 1,Customs Threshold,UPS,customs clearance automated threshold,customs clearance automated threshold,None (fallback)
patent/JP5411211B2/en,Defect analyzer,"The present invention relates generally to microfabrication methods, but more particularly, the present invention relates to defect analysis systems. In order to troubleshoot, adjust and improve microfabrication methods, engineers need to analyze defects and other defects during microfabrication.",エフ・イ−・アイ・カンパニー,テシマ・ジャネット,2014-02-12,2011-07-01,2002-11-12,2014-02-12,JP5411211B2,en,https://patents.google.com/patent/JP5411211B2/en,https://patentimages.storage.googleapis.com/3e/3d/9c/936b6d17498350/JP5411211B2.pdf,Tier 1,Customs Threshold,UPS,customs clearance automated threshold,customs clearance automated threshold,None (fallback)
patent/US8446911B2/en,System and method for managing communication for component applications,"An application gateway server is provided for managing communication between an application executing in a runtime environment on a device and at least one backend server. The application gateway server comprises a message listener, a connector subsystem, and a messaging subsystem. The message …",Research In Motion Limited,Michael Shenfield,2013-05-21,2010-05-14,2005-01-24,2013-05-21,US8446911B2,en,https://patents.google.com/patent/US8446911B2/en,https://patentimages.storage.googleapis.com/df/b2/18/6ea075f4624294/US8446911.pdf,Tier 1,Customs Threshold,UPS,customs clearance automated threshold,customs clearance automated threshold,None (fallback)
patent/US8370803B1/en,Asset templates for agile software development,"A method of creating assets for agile software development includes detecting selection of an asset type for an asset template, receiving values of one or more attributes for the asset template, and creating the asset template. Upon detecting an action to select the asset template, creation of an …","Versionone, Inc.",Robert Holler,2013-02-05,2008-01-17,2008-01-17,2013-02-05,US8370803B1,en,https://patents.google.com/patent/US8370803B1/en,https://patentimages.storage.googleapis.com/e3/d3/03/46698ed303ee83/US8370803.pdf,Tier 1,Customs Threshold,UPS,customs clearance automated threshold,customs clearance automated threshold,None (fallback)
patent/CN113396085B/en,Smart cable systems for truck trailers,"A cable system for a truck trailer having a connector with a main power connection, a ground connection and one, two or more communications cable connections. The connector includes at least a power connection and a ground connection for electrically connecting the individual trailers to the cable …",格罗特工业有限公司,S·帕姆帕蒂瓦,2025-03-14,2019-11-22,2018-11-29,2025-03-14,CN113396085B,en,https://patents.google.com/patent/CN113396085B/en,https://patentimages.storage.googleapis.com/53/6f/ee/a3409d8ba756bb/CN113396085B.pdf,Tier 1,Customs Threshold,UPS,customs clearance automated threshold,customs clearance automated threshold,None (fallback)
patent/CN104142679B/en,The risk assessment for industrial system carried out using big data,The present invention relates to risk assessment for industrial systems using big data. The cloud-based risk assessment service collects industrial data from multiple related and connected sources for storage and analysis on a cloud platform. The service analyzes data aggregated across different …,洛克威尔自动控制技术股份有限公司,胡安·L·安森约,2017-03-29,2014-05-09,2013-05-09,2017-03-29,CN104142679B,en,https://patents.google.com/patent/CN104142679B/en,https://patentimages.storage.googleapis.com/6f/48/51/35d4cd15ad3360/CN104142679B.pdf,Tier 1,Customs Threshold,UPS,customs clearance automated threshold,customs clearance automated threshold,None (fallback)
patent/KR101204049B1/en,Apparatus and methods for widget-related memory management,Apparatus and methods are provided for changing a content feed for a widget and changing the operational modes of the widget based on memory availability and operational mode changes of the wireless device. Apparatus and methods are also provided for managing runtime memory usage of mobile widgets …,콸콤 인코포레이티드,라리타 비.에스. 수르야나라야나,2012-11-23,2009-03-20,2008-03-25,2012-11-23,KR101204049B1,en,https://patents.google.com/patent/KR101204049B1/en,https://patentimages.storage.googleapis.com/77/1d/a6/6445103d245c47/KR101204049B1.pdf,Tier 1,Customs Threshold,UPS,customs clearance automated threshold,customs clearance automated threshold,None (fallback)
patent/US9289169B2/en,Analyte monitoring systems and methods,"Some embodiments provide a system for synchronizing and configuring monitoring devices. In some embodiments, a patient monitoring device settings module is configured to automatically provide configuration settings to a plurality of patient monitoring devices. A monitoring device data module is …",Optiscan Biomedical Corp.,Peter Rule,2016-03-22,2013-11-22,2007-05-18,2016-03-22,US9289169B2,en,https://patents.google.com/patent/US9289169B2/en,https://patentimages.storage.googleapis.com/53/91/b8/5636e0f927c0fb/US9289169.pdf,Tier 1,Customs Threshold,UPS,customs clearance automated threshold,customs clearance automated threshold,None (fallback)
patent/US8527327B1/en,Method and apparatus to manage project control,The present invention is a method and apparatus to determine which aspects of a project are under control and whether the trend is toward increasing or decreasing control. The degree of control is measured within and across projects for different drivers of project performance. This gives the …,Mark Lawrence,Mark Lawrence,2013-09-03,2011-03-14,2010-03-21,2013-09-03,US8527327B1,en,https://patents.google.com/patent/US8527327B1/en,https://patentimages.storage.googleapis.com/f0/e9/d2/5c6e85c9c3b173/US8527327.pdf,Tier 1,Customs Threshold,UPS,customs clearance automated threshold,customs clearance automated threshold,None (fallback)
patent/US9047619B2/en,System and method for providing messages,A system and method for providing a message to a recipient is provided. The system includes a network communication system for providing a message to a recipient using a communication device. The network communication system includes a communication system operatively connected to at least one …,Matthew Carl O'Malley,Matthew Carl O'Malley,2015-06-02,2009-11-05,2008-11-06,2015-06-02,US9047619B2,en,https://patents.google.com/patent/US9047619B2/en,https://patentimages.storage.googleapis.com/7e/16/31/f9da442d4a5465/US9047619.pdf,Tier 1,Customs Threshold,UPS,customs clearance automated threshold,customs clearance automated threshold,None (fallback)
patent/US8925098B2/en,Data security and access tracking in memory,"A memory device includes but is not limited to a substrate, a non-volatile memory array integrated on the substrate, and data security logic integrated with the non-volatile memory array on the substrate. The data security logic is operable to perform at least one data security function associated …",Elwha Llc,Roderick A. Hyde,2014-12-30,2013-01-10,2012-11-15,2014-12-30,US8925098B2,en,https://patents.google.com/patent/US8925098B2/en,https://patentimages.storage.googleapis.com/42/3f/0d/d150f3af5d690f/US8925098.pdf,Tier 1,Customs Threshold,UPS,customs clearance automated threshold,customs clearance automated threshold,None (fallback)
patent/US20080077530A1/en,System and method for project process and workflow optimization,"A system and method for process control and management is disclosed. Various features and applications of the present invention may be suitably adapted to manage, control or otherwise improve compliance and/or project workflow processing. In representative applications, the present invention …",John Banas,John Banas,2008-03-27,2007-09-25,2006-09-25,,US20080077530A1,en,https://patents.google.com/patent/US20080077530A1/en,https://patentimages.storage.googleapis.com/66/b5/a1/52e7fec6feb409/US20080077530A1.pdf,Tier 1,Customs Threshold,UPS,customs clearance automated threshold,customs clearance automated threshold,None (fallback)
patent/CN113795773A/en,"Component for a LIDAR sensor system, LIDAR sensor device, method for a LIDAR …","The present disclosure relates to various embodiments of an optical component (5100) for a LIDAR sensor system (10). The optical component (5100) includes a first photodiode (5110), a second photodiode (5120), and an interconnect layer (5114), the first photodiode (5110) implementing a LIDAR …",欧司朗股份有限公司,里卡多·费雷拉,2021-12-14,2020-03-05,2019-03-08,,CN113795773A,en,https://patents.google.com/patent/CN113795773A/en,https://patentimages.storage.googleapis.com/04/5a/31/f5d54bc7adf87e/CN113795773A.pdf,Tier 1,Customs Threshold,UPS,customs clearance automated threshold,customs clearance automated threshold,None (fallback)
patent/ES2346165T3/en,APPLIANCE AND METHODS FOR THE OPERATION OF A WIRELESS SERVER.,"A method comprising: determining, on a wireless server (205, 205-1, 205-2, 205-3, 205-4) the availability of information media content to copy the information media content on a mobile client wireless (210, 210-1, ..., 210-N), the wireless mobile client being registered with the wireless server ( …",Research In Motion Limited,Jesse Boudreau,2010-10-11,2008-07-11,2007-07-27,2010-10-11,ES2346165T3,en,https://patents.google.com/patent/ES2346165T3/en,https://patentimages.storage.googleapis.com/44/3f/ec/0e9f5a8a29f7b0/ES2346165T3.pdf,Tier 1,Customs Threshold,UPS,customs clearance automated threshold,customs clearance automated threshold,None (fallback)
patent/CN102934142B/en,System and method for EMS device communication interface,"A system for supplementing communication capabilities of a patient monitoring device, the system comprising: an interface device configured to communicatively couple with and receive patient monitoring information from a patient monitoring device; a storage device received and configured on the …",Zoll Medical Products Inc.,迈克尔·司考特·马丁,2016-10-05,2011-04-09,2010-04-09,2016-10-05,CN102934142B,en,https://patents.google.com/patent/CN102934142B/en,https://patentimages.storage.googleapis.com/4a/da/6a/d5d76b29e38565/CN102934142B.pdf,Tier 1,Customs Threshold,UPS,customs clearance automated threshold,customs clearance automated threshold,None (fallback)
patent/CN102687170B/en,"For EMS information gatherings, tissue and the system and method for showing","The processor that the system for collecting and showing emergency medical services information according to embodiments of the present invention includes configuring monitoring the patient monitoring device of patient, navigator, patient's plotting equipment, data base, display device and being …",Zoll Medical Products Inc.,C·谢恩·里德,2017-04-05,2010-07-20,2009-07-21,2017-04-05,CN102687170B,en,https://patents.google.com/patent/CN102687170B/en,https://patentimages.storage.googleapis.com/97/9d/b0/7848a935205844/CN102687170B.pdf,Tier 1,Customs Threshold,UPS,customs clearance automated threshold,customs clearance automated threshold,None (fallback)
patent/CN114202005A/en,Object image completion,"Apparatus, systems, and techniques for generating a complete depiction of an object based on a partial depiction of the object are disclosed. In at least one embodiment, an image of a complete object is generated based on an image of a portion of the object using an encoder of one or more neural …",Nvidia Corporation,S·菲德勒,2022-03-18,2021-08-30,2020-08-28,,CN114202005A,en,https://patents.google.com/patent/CN114202005A/en,https://patentimages.storage.googleapis.com/6e/9f/3a/f7f1ce9c25860a/CN114202005A.pdf,Tier 1,Customs Threshold,UPS,customs clearance automated threshold,customs clearance automated threshold,None (fallback)
patent/US20220358240A1/en,Adaptive data privacy platform,"The present disclosure describes an adaptive data privacy platform that facilitates compliance with privacy laws and regulations, and compliance with organizational requirements within an organizational context. Other embodiments and implementations may be described and/or claimed.","Sentinel, LLC",Ryan Neal,2022-11-10,2022-05-05,2021-05-07,,US20220358240A1,en,https://patents.google.com/patent/US20220358240A1/en,https://patentimages.storage.googleapis.com/f0/9f/18/0bd2bbe6d9661a/US20220358240A1.pdf,Tier 1,Customs Threshold,UPS,customs clearance automated threshold,customs clearance automated threshold,None (fallback)
patent/CN114600127A/en,A Machine Learning-Based Architecture Search Method for Neural Networks,"In at least one embodiment, differentiable neural architecture search and reinforcement learning are combined under one framework to discover network architectures with desirable properties such as high accuracy, low latency, or both. In at least one embodiment, a generalization error-based search …",Nvidia Corporation,A·瓦达特,2022-06-07,2020-09-09,2019-09-10,,CN114600127A,en,https://patents.google.com/patent/CN114600127A/en,https://patentimages.storage.googleapis.com/b8/d1/cb/b6575c3e1003fc/CN114600127A.pdf,Tier 1,Customs Threshold,UPS,customs clearance automated threshold,customs clearance automated threshold,None (fallback)
patent/US10353720B1/en,"Computer system, method, and media for preparing qualitative elements of an …","A computerized method, system and media that assists the user in creating optimal answers for an academic or employment application and interview. The computer processor: computes a “brand” for the user to characterize and differentiate himself from other applicants; guides them through …",ApplicantLab Inc.,Maria Wich-Vila,2019-07-16,2014-10-17,2013-10-18,2019-07-16,US10353720B1,en,https://patents.google.com/patent/US10353720B1/en,https://patentimages.storage.googleapis.com/dc/c0/a7/24e8b2f30cddff/US10353720.pdf,Tier 1,Customs Threshold,UPS,customs clearance automated threshold,customs clearance automated threshold,None (fallback)
patent/US20170132200A1/en,"Method, System, and Medium for Workflow Management of Document Processing","A system is provided for workflow management of document processing utilizing one or more objects associated with a workflow, wherein at least one object is imported from an external database. The system creates or edits templates in a template editor utilizing the display device, and stores, in a …",James Noland,James Noland,2017-05-11,2015-06-25,2014-06-25,,US20170132200A1,en,https://patents.google.com/patent/US20170132200A1/en,https://patentimages.storage.googleapis.com/d5/af/50/31bbf0c3b4716f/US20170132200A1.pdf,Tier 1,Customs Threshold,UPS,customs clearance automated threshold,customs clearance automated threshold,None (fallback)
patent/US10831648B2/en,Intermittent failure metrics in technological processes,Systems and methods for testing a subject system with a software testing process are described. The system receives Boolean states responsive to repeatedly applying a first test case to a subject system. Each Boolean state signifies an outcome of an application of the first test case to a version …,Splunk Inc.,Jian Zhang,2020-11-10,2019-01-31,2018-02-06,2020-11-10,US10831648B2,en,https://patents.google.com/patent/US10831648B2/en,https://patentimages.storage.googleapis.com/86/5e/48/5d8caec5b59ec1/US10831648.pdf,Tier 1,Customs Threshold,UPS,customs clearance automated threshold,customs clearance automated threshold,None (fallback)
patent/US20140059599A1/en,Dynamic arrangment of an application center based on usage,An Intelligent TV can dynamically arrange applications in an application center based on usage. The application center provides contextual panels with detailed information about selected applications and provides recommended applications. The panels may be both interactive or informational. The …,"Flextronics Ap, Llc",Sanjiv Sirpal,2014-02-27,2013-08-16,2012-08-17,,US20140059599A1,en,https://patents.google.com/patent/US20140059599A1/en,https://patentimages.storage.googleapis.com/94/19/15/d838bc3e09f540/US20140059599A1.pdf,Tier 1,Customs Threshold,UPS,customs clearance automated threshold,customs clearance automated threshold,None (fallback)
patent/US20210081559A1/en,Managing roadway incidents,"Examples extend to methods, systems, and computer program products for managing roadway incidents. A probable origination location of a roadway incident is identified from features of a normalized signal. One or more additional normalized signals within a specified distance of the probable …","safeXai,Inc.",Christian Gratton,2021-03-18,2020-10-19,2018-02-09,,US20210081559A1,en,https://patents.google.com/patent/US20210081559A1/en,https://patentimages.storage.googleapis.com/80/b3/84/bfe4e5c0b9e47a/US20210081559A1.pdf,Tier 1,Customs Threshold,UPS,customs clearance automated threshold,customs clearance automated threshold,None (fallback)
patent/US20170286455A1/en,Technology Add-On Packages Controlling a Data Input and Query System,The operation of an automatic data input and query system is controlled by well-defined control data. Technology Add-On (TA) control data extends the operations of the system to gather and process machine data from additional sources. A user interface is exposed enabling a user who may be agnostic …,Splunk Inc.,Li Li,2017-10-05,2016-04-30,2016-03-31,,US20170286455A1,en,https://patents.google.com/patent/US20170286455A1/en,https://patentimages.storage.googleapis.com/22/95/88/eb52858149d0d8/US20170286455A1.pdf,Tier 1,Customs Threshold,UPS,customs clearance automated threshold,customs clearance automated threshold,None (fallback)
patent/US20130013519A1/en,Method and system for electronic ip prosecution,"Information relating to intellectual property, across one or more intellectual property applications having various types of intellectual property data, can be provided and/or accessed in an integrated manner. Commonality(ies) are determined between disparate intellectual property applications, …",Lee Eugene M,Eugene M. Lee,2013-01-10,2012-09-14,1999-09-30,,US20130013519A1,en,https://patents.google.com/patent/US20130013519A1/en,https://patentimages.storage.googleapis.com/31/b1/1f/501b80c0fbbbd0/US20130013519A1.pdf,Tier 1,Customs Threshold,UPS,customs clearance automated threshold,customs clearance automated threshold,None (fallback)
patent/DE112020004167T5/en,VIDEO PREDICTION USING ONE OR MORE NEURAL NETWORKS,"Devices, systems and techniques for enhancing video are disclosed. In at least one embodiment, one or more neural networks are used to create a second video from a first video that includes one or more additional video frames.",Nvidia Corporation,Kevin Shih,2022-07-14,2020-08-19,2019-09-03,,DE112020004167T5,en,https://patents.google.com/patent/DE112020004167T5/en,https://patentimages.storage.googleapis.com/6d/a9/75/5048a818baa871/DE112020004167T5.pdf,Tier 1,Customs Threshold,UPS,customs clearance automated threshold,customs clearance automated threshold,None (fallback)
patent/KR102266533B1/en,"Systems and methods for programming, controlling and monitoring wireless …","It relates to a system for programming, controlling and monitoring a wireless network that is also integrated into an automotive electronic control module or a pre-established (or company) alarm/security system. The system presents a generic control (robot) device that controls common input and …",솔 밍소 리,솔 밍소 리,2021-06-17,2016-04-29,2015-04-29,2021-06-17,KR102266533B1,en,https://patents.google.com/patent/KR102266533B1/en,https://patentimages.storage.googleapis.com/47/1f/81/c123c35cadec48/KR102266533B1.pdf,Tier 1,Customs Threshold,UPS,customs clearance automated threshold,customs clearance automated threshold,None (fallback)
patent/US20130332524A1/en,Data service on a mobile device,A data service residing on a client of a mobile computing device is disclosed for enabling network communications between a plurality of mobile applications on the device and a network for a process number. The data service communicates with a data service plug-in on the server side associated …,Intermec Ip Corp.,Garrick Fiala,2013-12-12,2012-06-12,2012-06-12,,US20130332524A1,en,https://patents.google.com/patent/US20130332524A1/en,https://patentimages.storage.googleapis.com/12/a8/72/8d606028cab7b2/US20130332524A1.pdf,Tier 1,Customs Threshold,UPS,customs clearance automated threshold,customs clearance automated threshold,None (fallback)
patent/US9317392B2/en,"Methods and automated systems for testing, optimization, and analysis that …","The current document is directed to automated electronic testing, optimization, and/or analysis systems that collect sufficient data from instrumentation, maintain sufficient user status, and provide sufficient communications between instrumentation and testing, optimization, and/or analysis …","Webtrends, Inc.",Paul Lawbaugh,2016-04-19,2013-10-10,2012-10-10,2016-04-19,US9317392B2,en,https://patents.google.com/patent/US9317392B2/en,https://patentimages.storage.googleapis.com/11/0b/ae/a4b0ffdd765d28/US9317392.pdf,Tier 1,Customs Threshold,UPS,customs clearance automated threshold,customs clearance automated threshold,None (fallback)
patent/US9142553B2/en,Semiconductor device and structure,"A 3D device, including: a first layer including first transistors, the first transistors interconnected by a first layer of interconnection; a second layer including second transistors, the second transistors overlaying the first layer of interconnection, where the first layer includes a first …",Monolithic 3D Inc.,Zvi Or-Bach,2015-09-22,2015-02-21,2013-03-12,2015-09-22,US9142553B2,en,https://patents.google.com/patent/US9142553B2/en,https://patentimages.storage.googleapis.com/96/a8/45/081430cfe813a6/US9142553.pdf,Tier 1,Customs Threshold,UPS,customs clearance automated threshold,customs clearance automated threshold,None (fallback)
patent/CN113474793B/en,Instruction generation using one or more neural networks,"The present disclosure provides an apparatus, system and technology for generating teaching text. In at least one embodiment, the teaching video is analyzed to determine the logical steps of the process or task shown in the video, and the teaching text is generated for these logical steps.",Nvidia Corporation,P·P·科塔里,2025-04-11,2021-01-21,2020-01-24,2025-04-11,CN113474793B,en,https://patents.google.com/patent/CN113474793B/en,https://patentimages.storage.googleapis.com/a8/71/0b/a3bbbe3f6a76ff/CN113474793B.pdf,Tier 1,Customs Threshold,UPS,customs clearance automated threshold,customs clearance automated threshold,None (fallback)
patent/WO2020206372A1/en,Temperature sensor patch wirelessly connected to a smart device,"In an embodiment, an apparatus, such as a sensor patch, includes a package, a sensor, an antenna, and a power circuit. The package is configured for attachment to an object. The sensor is disposed in the package, configured to sense a condition related to the object, and configured to generate a …",Pb Inc.,Daniel J. Daoura,2020-10-08,2020-04-03,2019-04-03,,WO2020206372A1,en,https://patents.google.com/patent/WO2020206372A1/en,https://patentimages.storage.googleapis.com/22/1d/0e/ba8fd186ade97b/WO2020206372A1.pdf,Tier 1,Customs Threshold,UPS,customs clearance automated threshold,customs clearance automated threshold,None (fallback)
patent/US11997018B2/en,"Systems, methods, computing platforms, and storage media for administering a …","Systems, methods, computing platforms, and storage media for administering a distributed edge computing system utilizing an adaptive edge engine based on a finite state machine behavioral model are disclosed. Exemplary implementations may: select a first workload from one or more workloads; access …",Section.io Incorporated,Daniel Bartholomew,2024-05-28,2022-02-18,2020-03-20,2024-05-28,US11997018B2,en,https://patents.google.com/patent/US11997018B2/en,https://patentimages.storage.googleapis.com/9e/cd/5a/6c6cf699c59909/US11997018.pdf,Tier 1,Customs Threshold,UPS,customs clearance automated threshold,customs clearance automated threshold,None (fallback)
patent/CN112016669A/en,Training neural networks using selective weight updates,"Disclosed is training a neural network using selective weight updates. The one or more neural networks are trained using selective updates to the weight information of the one or more neural networks. In at least one embodiment, training is performed by updating at least one or more portions of …",Nvidia Corporation,C·卡塞,2020-12-01,2020-05-26,2019-05-31,,CN112016669A,en,https://patents.google.com/patent/CN112016669A/en,https://patentimages.storage.googleapis.com/f2/d9/31/aec1a97722448a/CN112016669A.pdf,Tier 1,Customs Threshold,UPS,customs clearance automated threshold,customs clearance automated threshold,None (fallback)
patent/US10528999B2/en,Systems and methods for facilitating discovery and management of business …,"Systems, methods, and computer-readable media are provided to assist a user to identify one or more businesses of interest. Individual selections of businesses by end users to retain information corresponding to the businesses may be facilitated. Collections of business information may be retained …",Yp Llc,Mark Shuman,2020-01-07,2014-08-18,2014-08-18,2020-01-07,US10528999B2,en,https://patents.google.com/patent/US10528999B2/en,https://patentimages.storage.googleapis.com/1d/74/ff/8c10cce2f788ae/US10528999.pdf,Tier 1,Customs Threshold,UPS,customs clearance automated threshold,customs clearance automated threshold,None (fallback)
patent/US11579764B1/en,Interfaces for data monitoring and event response,"A computing device is coupled to a display device, and includes a data monitoring software application program executing on a processor within a data monitoring system. Via the data monitoring software application program, various techniques are performed for generating user interfaces for data …",Splunk Inc.,Nathan Argroves,2023-02-14,2020-07-31,2019-10-21,2023-02-14,US11579764B1,en,https://patents.google.com/patent/US11579764B1/en,https://patentimages.storage.googleapis.com/02/56/60/c6715cab4f2ff3/US11579764B1.pdf,Tier 1,Customs Threshold,UPS,customs clearance automated threshold,customs clearance automated threshold,None (fallback)
patent/US10262502B2/en,Event wagering with group and/or in run options,"Some embodiments may relate to wagering one or more events. Such events may include sporting events. For example, one or more races may be wagered upon. In some embodiments, one or more wager may include an in running or in game wager. In some embodiments, one or more wagers may include a wager on …","Cfph, Llc",Kenneth L. Miller,2019-04-16,2014-12-08,2012-01-30,2019-04-16,US10262502B2,en,https://patents.google.com/patent/US10262502B2/en,https://patentimages.storage.googleapis.com/ca/54/37/23879e638e2bf6/US10262502.pdf,Tier 1,Customs Threshold,UPS,customs clearance automated threshold,customs clearance automated threshold,None (fallback)
patent/JP2022530846A/en,A bed with features to improve the heat regulation of the sleeper's body during …,The sensing unit is configured to generate a pressure reading from a phenomenon in the sleeping environment and a temperature reading from the perceived temperature. The processing unit is configured to select one thermal control adjustment and change the thermal properties of the sleeping …,Sleep Number Corporation,オミード サヤディ,2022-07-04,2019-12-13,2019-04-25,,JP2022530846A,en,https://patents.google.com/patent/JP2022530846A/en,https://patentimages.storage.googleapis.com/2c/47/36/201992aa4c3b08/JP2022530846A.pdf,Tier 1,Customs Threshold,UPS,customs clearance automated threshold,customs clearance automated threshold,None (fallback)
patent/EP3579645B9/en,Method and apparatus for control and data information resource mapping in …,"A method performed by a terminal in a wireless communication system, the method comprising: receiving, from a base station, a radio resource control, RRC, signaling configuring a rate matching pattern; receiving, from the base station, downlink control information, DCI, scheduling a physical …","Samsung Electronics Co., Ltd.",Sungjin Park,2022-12-28,2018-03-07,2017-03-08,2022-12-28,EP3579645B9,en,https://patents.google.com/patent/EP3579645B9/en,https://patentimages.storage.googleapis.com/f6/4b/7a/f24020e2e29751/EP3579645B9.pdf,Tier 1,Customs Threshold,UPS,customs clearance automated threshold,customs clearance automated threshold,None (fallback)
patent/US20230283521A1/en,Cybersecurity framework compliance management system,"A cybersecurity assessment system is provided for monitoring, assessing, and addressing the cybersecurity status of a target network. The cybersecurity assessment system may scan the target network and produce data regarding the current state and properties of devices on the target network, events …",Cytellix Corporation,Brian Douglas Berger,2023-09-07,2023-03-01,2022-03-01,,US20230283521A1,en,https://patents.google.com/patent/US20230283521A1/en,https://patentimages.storage.googleapis.com/9b/12/46/8ddab24a368a2a/US20230283521A1.pdf,Tier 1,Customs Threshold,UPS,customs clearance automated threshold,customs clearance automated threshold,None (fallback)
patent/DE102020130078A1/en,SYSTOLIC ARITHMETICS ON SPARKLING DATA,Embodiments described herein provide an instruction and associated logic to enable a processing resource that includes a tensor accelerator to perform optimized computation of sparse sub-matrix operations. One embodiment provides hardware logic to apply numeric transform to matrix data to increase …,Intel Corporation,Abhishek R. Appu,2021-05-20,2020-11-13,2019-11-15,,DE102020130078A1,en,https://patents.google.com/patent/DE102020130078A1/en,https://patentimages.storage.googleapis.com/3f/1c/89/30b260c360d22c/DE102020130078A1.pdf,Tier 1,Customs Threshold,UPS,customs clearance automated threshold,customs clearance automated threshold,None (fallback)
patent/CN114402285B/en,Kernel Fusion for Machine Learning,"Apparatus, systems, and techniques for compiling code are presented. In at least one embodiment, one or more compilers are to compile one or more compiled code portions with one or more intermediate representations of the one or more code portions.",Nvidia Corporation,A·克尔,2025-03-18,2020-09-28,2019-10-02,2025-03-18,CN114402285B,en,https://patents.google.com/patent/CN114402285B/en,https://patentimages.storage.googleapis.com/23/48/6c/cfa8a6f2fea3ae/CN114402285B.pdf,Tier 1,Customs Threshold,UPS,customs clearance automated threshold,customs clearance automated threshold,None (fallback)
patent/AU2020319084A1/en,Sleep detection for sleep disordered breathing (SDB) care,"A device and/or method to determine a sleep-wake status, such as in association with sleep disordered breathing (SDB) care.","Inspire Medical Systems, Inc.",David DIEKEN,2022-03-03,2020-07-24,2019-07-25,,AU2020319084A1,en,https://patents.google.com/patent/AU2020319084A1/en,https://patentimages.storage.googleapis.com/52/a7/33/a74bbc54111f4d/AU2020319084A1.pdf,Tier 1,Customs Threshold,UPS,customs clearance automated threshold,customs clearance automated threshold,None (fallback)
patent/US10909772B2/en,Precise scaling of virtual objects in an extended reality environment,"A mobile device is fitted with a camera and an extended reality (XR) software application program executing on a processor within an XR system. Via the XR software application program, various techniques are performed for manipulating virtual objects in an XR environment. In a first technique, the …",Splunk Inc.,Devin BHUSHAN,2021-02-02,2018-07-31,2018-07-31,2021-02-02,US10909772B2,en,https://patents.google.com/patent/US10909772B2/en,https://patentimages.storage.googleapis.com/9a/27/66/a2bf469dfffc89/US10909772.pdf,Tier 1,Customs Threshold,UPS,customs clearance automated threshold,customs clearance automated threshold,None (fallback)
patent/CN116034378A/en,Convolutional neural network technology based on grid,"The convolution operator of the triangular mesh is determined to construct one or more neural networks. In at least one embodiment, convolution operators, pooling operators, and depooling operators are determined for constructing one or more neural networks, wherein the same learned weights from …",Nvidia Corporation,N·申塔内斯,2023-04-28,2021-08-12,2020-08-14,,CN116034378A,en,https://patents.google.com/patent/CN116034378A/en,https://patentimages.storage.googleapis.com/42/b6/76/a22aab41d48171/CN116034378A.pdf,Tier 1,Customs Threshold,UPS,customs clearance automated threshold,customs clearance automated threshold,None (fallback)
patent/CN111770706A/en,Bed with snoring detection feature,"A first bed includes a first mattress, a first pressure sensor, a first acoustic sensor, and a first controller in data communication with the first pressure sensor and the first acoustic sensor. The first controller is configured to receive a first pressure reading and a first acoustic reading.",Sleep Number Corporation,奥米德·萨阿迪,2020-10-13,2018-12-27,2017-12-28,,CN111770706A,en,https://patents.google.com/patent/CN111770706A/en,https://patentimages.storage.googleapis.com/ad/85/5b/43fc8971c76105/CN111770706A.pdf,Tier 1,Customs Threshold,UPS,customs clearance automated threshold,customs clearance automated threshold,None (fallback)
patent/CN115335902A/en,System and method for automatic candidate evaluation in asynchronous video …,"In an illustrative embodiment, a system and method for automated logged candidate evaluation includes receiving a submission of an available position, the submission including a question response log for each of one or more interview questions. For each question response recording, a transcript …",卡宜评估全球控股有限公司,A.普雷乌斯,2022-11-11,2021-01-28,2020-01-29,,CN115335902A,en,https://patents.google.com/patent/CN115335902A/en,https://patentimages.storage.googleapis.com/7a/50/89/d6213931f9b28e/CN115335902A.pdf,Tier 1,Customs Threshold,UPS,customs clearance automated threshold,customs clearance automated threshold,None (fallback)
patent/CN112118773A/en,Bed with Physiological Event Detection Features,"A bed system (100) comprising a first bed (112), the first bed (112) comprising a first mattress, a first pressure sensor (146), a first acoustic sensor (1902), and a first controller (124), the first controller (124) configured to receive a first pressure reading and a first acoustic reading. The …",Sleep Number Corporation,奥米德·萨阿迪,2020-12-22,2018-12-27,2018-01-05,,CN112118773A,en,https://patents.google.com/patent/CN112118773A/en,https://patentimages.storage.googleapis.com/10/86/19/28679c57159017/CN112118773A.pdf,Tier 1,Customs Threshold,UPS,customs clearance automated threshold,customs clearance automated threshold,None (fallback)
patent/DE102020120201A1/en,EYE DETECTION USING ONE OR MORE NEURAL NETWORKS,"Apparatus, systems, and techniques are described for determining locations of objects using images that include digital representations of those objects. In at least one embodiment, a gaze of one or more occupants of a vehicle, regardless of location, is determined by one or more sensors used to …",Nvidia Corporation,Feng Hu,2021-02-25,2020-07-30,2019-08-19,,DE102020120201A1,en,https://patents.google.com/patent/DE102020120201A1/en,https://patentimages.storage.googleapis.com/26/45/10/dd15ef5718abca/DE102020120201A1.pdf,Tier 1,Customs Threshold,UPS,customs clearance automated threshold,customs clearance automated threshold,None (fallback)
patent/DE112020001258T5/en,Graphics processors and graphics processing units with dot product accumulation …,"Graphics processors and graphics processing units with dot product accumulation instructions for a hybrid floating point format are disclosed. In one embodiment, a graphics multiprocessor comprises an instruction unit for sending instructions and a processing resource coupled to the instruction …",Intel Corporation,Subramaniam Maiyuran,2021-12-23,2020-03-14,2019-03-15,,DE112020001258T5,en,https://patents.google.com/patent/DE112020001258T5/en,https://patentimages.storage.googleapis.com/1b/0e/2f/e1952772bf9265/DE112020001258T5.pdf,Tier 1,Customs Threshold,UPS,customs clearance automated threshold,customs clearance automated threshold,None (fallback)
patent/DE102021112250A1/en,Determination of audio noise using one or more neural networks,"Devices, systems, and techniques for reducing noise in audio are presented. In at least one embodiment, one or more neural networks are used to determine a noise signal in one or more speech signals.",Nvidia Corporation,Mihir Nyayate,2021-11-18,2021-05-11,2020-05-14,,DE102021112250A1,en,https://patents.google.com/patent/DE102021112250A1/en,https://patentimages.storage.googleapis.com/05/df/76/13554080f1c00b/DE102021112250A1.pdf,Tier 1,Customs Threshold,UPS,customs clearance automated threshold,customs clearance automated threshold,None (fallback)
patent/US20190098723A1/en,"High Capacity Flexible Lighting Fixture, System and Method","A flexible lighting system includes a number of lamp fixtures, at least one solid state lighting driver connected to the lamp fixtures, a controller configured to control electrical current through the at least one solid state lighting driver, a monitor configured to monitor at least one …","Innosys, Inc.",Laurence P. Sadwick,2019-03-28,2018-08-29,2017-09-28,,US20190098723A1,en,https://patents.google.com/patent/US20190098723A1/en,https://patentimages.storage.googleapis.com/8e/9a/fc/b3a74d9c932ccb/US20190098723A1.pdf,Tier 1,Customs Threshold,UPS,customs clearance automated threshold,customs clearance automated threshold,None (fallback)
patent/US11593400B1/en,Automatic triage model execution in machine data driven monitoring automation …,Machine data of an operating environment is conveyed by a network to a data intake and query system (DIQS) which reflects the machine data as timestamped entries of a field-searchable datastore. Monitoring functionality may search the machine data to identify notable event instances. A notable …,Splunk Inc.,Adam Jamison Oliner,2023-02-28,2021-01-26,2016-09-26,2023-02-28,US11593400B1,en,https://patents.google.com/patent/US11593400B1/en,https://patentimages.storage.googleapis.com/d6/45/86/f80c6bba00ed63/US11593400B1.pdf,Tier 1,Customs Threshold,UPS,customs clearance automated value,customs clearance automated value,None (fallback)
patent/US11663047B2/en,Microservice provision and management,A compute system that includes an Internet of things (IoT) device is provided. The IoT device includes a common services interface (CSI) to create a self-managing network of devices with other nodes comprising the CSI.,Intel Corporation,Katalin Bartfai-Walcott,2023-05-30,2022-03-18,2017-02-05,2023-05-30,US11663047B2,en,https://patents.google.com/patent/US11663047B2/en,https://patentimages.storage.googleapis.com/3b/0e/35/142ed57c71204b/US11663047.pdf,Tier 1,Customs Threshold,UPS,customs clearance automated value,customs clearance automated value,None (fallback)
patent/RU2734788C2/en,Methods and system for developing an application for managing hierarchical …,"FIELD: technological processes. SUBSTANCE: invention relates process control. In the method of developing a hierarchical asset management application, executed by the system controller, determining an input equipment list and associated parameters; selecting template of customized assets from …",Schneider Electric Systems Usa Inc.,Ричард Л. ЛИНСКОТТ,2020-10-23,2016-10-12,2015-10-13,2020-10-23,RU2734788C2,en,https://patents.google.com/patent/RU2734788C2/en,https://patentimages.storage.googleapis.com/49/90/a0/fb4dff52507ae6/RU2734788C2.pdf,Tier 1,Customs Threshold,UPS,customs clearance automated value,customs clearance automated value,None (fallback)
patent/US11740377B2/en,Spectral analysis and machine learning for determining cluster efficiency …,"This disclosure presents systems, methods, and apparatus for determining cluster efficiency during hydraulic fracturing, the method comprising: measuring acoustic vibrations in fracking fluid in a fracking wellhead, circulating fluid line, or standpipe of a well; converting the acoustic vibrations …",Origin Rose Llc,Reid Daniel Thompson,2023-08-29,2020-12-10,2019-12-10,2023-08-29,US11740377B2,en,https://patents.google.com/patent/US11740377B2/en,https://patentimages.storage.googleapis.com/bd/23/27/8ef682ed3f0959/US11740377.pdf,Tier 1,Customs Threshold,UPS,customs clearance automated value,customs clearance automated value,None (fallback)
patent/US12265863B2/en,Technology add-on interface,The operation of an automatic data input and query system is controlled by well-defined control data. The system exposes user interfaces enabling an administrator to interact with control data to modify the ongoing operation of the system. Certain control data determines the collection and …,Splunk Inc.,Li Li,2025-04-01,2021-12-29,2016-03-31,2025-04-01,US12265863B2,en,https://patents.google.com/patent/US12265863B2/en,https://patentimages.storage.googleapis.com/23/57/5b/ba5de248833cc0/US12265863.pdf,Tier 1,Customs Threshold,UPS,customs clearance automated value,customs clearance automated value,None (fallback)
patent/US20240080219A1/en,Building management system with identity management,"A building system for identity management of a building, the building system including one or more storage devices configured to store instructions thereon, that, when executed by one or more processors, cause the one or more processors to receive a request to determine whether an entity has a …",Johnson Controls Technology Company,Youngchoon Park,2024-03-07,2023-09-12,2017-02-10,,US20240080219A1,en,https://patents.google.com/patent/US20240080219A1/en,https://patentimages.storage.googleapis.com/a9/0c/c6/8e37483ebac489/US20240080219A1.pdf,Tier 1,Customs Threshold,UPS,customs clearance automated value,customs clearance automated value,None (fallback)
patent/CN107820695B/en,Method and apparatus for automatic determination of a formal response,"Techniques for automatic determination of a formal response are described. In one embodiment, the commerce broker server is operable to receive a messaging package at the messaging service from a messaging endpoint; performing natural language processing of the messaging package to determine a …",脸谱公司,马修·洛根·施米德,2021-06-29,2015-07-22,2015-03-25,2021-06-29,CN107820695B,en,https://patents.google.com/patent/CN107820695B/en,https://patentimages.storage.googleapis.com/7d/14/15/3b55fa7c7450c3/CN107820695B.pdf,Tier 1,Customs Threshold,UPS,customs clearance automated value,customs clearance automated value,None (fallback)
patent/US10691512B1/en,Notifying entities of relevant events,The present invention extends to systems and methods for notifying entities of relevant events. An entity defines a rule formula that is triggered when one or more detected events match the rule formula including defining one or more event types and one or more locations types. A boundary …,"Banjo, Inc.",Damien Patton,2020-06-23,2020-01-23,2018-04-13,2020-06-23,US10691512B1,en,https://patents.google.com/patent/US10691512B1/en,https://patentimages.storage.googleapis.com/fb/cb/82/c5b7e5411489b1/US10691512.pdf,Tier 1,Customs Threshold,UPS,customs clearance automated value,customs clearance automated value,None (fallback)
patent/US11860865B2/en,"Analytic systems, methods, and computer-readable media for structured, semi- …",A computer system extracts contender values as positively associated with a pre-defined value from a compilation of one or more electronically stored semi-structured document(s) and/or one or more electronically stored unstructured document(s). The computer system performs a multi-dimensional …,"Kofax, Inc.",Ilker Kavas,2024-01-02,2021-08-16,2015-12-07,2024-01-02,US11860865B2,en,https://patents.google.com/patent/US11860865B2/en,https://patentimages.storage.googleapis.com/f9/81/23/140de8c6148b01/US11860865.pdf,Tier 1,Customs Threshold,UPS,customs clearance automated value,customs clearance automated value,None (fallback)
patent/USRE46185E1/en,High frequency array ultrasound system,A system for acquiring an ultrasound signal comprises a signal processing unit adapted for acquiring a received ultrasound signal from an ultrasound transducer having a plurality of elements. The system is adapted to receive ultrasound signals having a frequency of at least 20 megahertz (MHz) with …,"Fujifilm Sonosite, Inc.",James Mehi,2016-10-25,2013-03-07,2005-11-02,2016-10-25,USRE46185E1,en,https://patents.google.com/patent/USRE46185E1/en,https://patentimages.storage.googleapis.com/a5/c0/3d/dbd598ebf6b0c8/USRE46185.pdf,Tier 1,Customs Threshold,UPS,customs clearance automated value,customs clearance automated value,None (fallback)
patent/US11030766B2/en,Automated manipulation of transparent vessels,"An actuator and end effector are controlled according to images from cameras having a surface in their field of view. Vessels (cups, bowls, etc.) and other objects are identified in the images and their configuration is assigned to a finite set of categories by a classifier that does not output a …","Dishcraft Robotics, Inc.",Kerkil Choi,2021-06-08,2019-03-25,2019-03-25,2021-06-08,US11030766B2,en,https://patents.google.com/patent/US11030766B2/en,https://patentimages.storage.googleapis.com/13/86/06/888bf546e3542c/US11030766.pdf,Tier 1,Customs Threshold,UPS,customs clearance automated value,customs clearance automated value,None (fallback)
patent/US20240089301A1/en,Method and system for capture of visited links from encrypted and non-encrypted …,"A system and method are described for information extraction from network traffic traces that are both encrypted and non-encrypted. The system includes a client computer and a remote computer, where the client computer communicates data over a network. The client computer sets a session key log …",King Fahd University Of Petroleum And Minerals,Ahmad AMRO,2024-03-14,2023-11-09,2017-12-20,,US20240089301A1,en,https://patents.google.com/patent/US20240089301A1/en,https://patentimages.storage.googleapis.com/35/0f/f3/5ba79d0f03a643/US20240089301A1.pdf,Tier 1,Customs Threshold,UPS,customs clearance automated value,customs clearance automated value,None (fallback)
patent/CN112580813B/en,Contextualization of industrial data at device level,"The present disclosure relates to the contextual of industrial data at the device level. Industrial devices support device-level data modeling that pre-models data stored in the device using known relationships, correlation relationships, key variable identifiers, and other such metadata to help …",Rockwell Automation Technologies Inc.,比詹·萨亚尔罗德萨里,2024-03-08,2020-04-01,2019-09-30,2024-03-08,CN112580813B,en,https://patents.google.com/patent/CN112580813B/en,https://patentimages.storage.googleapis.com/2d/80/42/2783d03c057716/CN112580813B.pdf,Tier 1,Customs Threshold,UPS,customs clearance automated value,customs clearance automated value,None (fallback)
patent/KR102850458B1/en,Video upsampling using one or more neural networks,"Devices, systems, and techniques for enhancing video are disclosed. In at least one embodiment, one or more neural networks are used to generate high-resolution video using upsampled frames from low-resolution video.",Nvidia Corporation,스츄 류,2025-08-26,2020-08-26,2019-09-09,2025-08-26,KR102850458B1,en,https://patents.google.com/patent/KR102850458B1/en,,Tier 1,Customs Threshold,UPS,customs clearance automated value,customs clearance automated value,None (fallback)
patent/US20190236465A1/en,Activation of Ancillary Sensor Systems Based on Triggers from a Wearable …,"An event detection system includes sensors to detect movement and other physical inputs related to a user, which the event detection system can process to identify gestures of the user, and possibly also determine, using historical data, machine learning, rule sets, or other techniques for …","Klue, Inc.",Katelijn Vleugels,2019-08-01,2019-01-29,2016-01-28,,US20190236465A1,en,https://patents.google.com/patent/US20190236465A1/en,https://patentimages.storage.googleapis.com/a3/9f/f4/0195b8416d749a/US20190236465A1.pdf,Tier 1,Customs Threshold,UPS,customs clearance automated value,customs clearance automated value,None (fallback)
patent/CN112579653B/en,Gradual contextualization and analysis of industrial data,The present disclosure relates to step-by-step contextualization and analysis of industrial data. The intelligent gateway platform utilizes predefined industry expertise to identify a limited subset of available industry data deemed relevant to the desired business objective and to collect and …,Rockwell Automation Technologies Inc.,比詹·萨亚尔罗德萨里,2024-03-22,2020-04-01,2019-09-30,2024-03-22,CN112579653B,en,https://patents.google.com/patent/CN112579653B/en,https://patentimages.storage.googleapis.com/5c/16/f2/117c9d3e6e56cc/CN112579653B.pdf,Tier 1,Customs Threshold,UPS,customs clearance automated value,customs clearance automated value,None (fallback)
patent/EP3798942B1/en,Artificial intelligence channel for industrial automation,"An industrial data broker system (1602), comprising: a memory (1620) that stores executable components; and a processor (1618), operatively coupled to the memory, that executes the executable components, the executable components comprising: a device interface component (1604) configured to …","Rockwell Automation Technologies, Inc.",Bijan Sayyarrodsari,2024-01-24,2020-03-30,2019-09-30,2024-01-24,EP3798942B1,en,https://patents.google.com/patent/EP3798942B1/en,https://patentimages.storage.googleapis.com/d8/a2/65/ffd8679942ea3b/EP3798942B1.pdf,Tier 1,Customs Threshold,UPS,customs clearance automated value,customs clearance automated value,None (fallback)
patent/EP3428860B1/en,Dynamically reconfigurable data collection agent for fracking pump asset,"A system (202) for managing mobile industrial assets (436), comprising: a memory (222) that stores executable components; an on-premise cloud agent device (302) at a work site configured to collect telemetry data (504) from industrial assets at the work site, wherein the on-premise cloud agent …","Rockwell Automation Technologies, Inc.",Bijan Sayyarrodsari,2023-01-11,2018-07-11,2017-07-11,2023-01-11,EP3428860B1,en,https://patents.google.com/patent/EP3428860B1/en,https://patentimages.storage.googleapis.com/80/dc/bf/6773c8b4993771/EP3428860B1.pdf,Tier 1,Customs Threshold,UPS,customs clearance automated value,customs clearance automated value,None (fallback)
patent/US10960063B2/en,Complete genome sequence of the methanogen Methanobrevibacter ruminantium,"The present invention includes the complete genome sequence for the methanogen, Methanobrevibacter ruminan - tium , including polynucleotides which encode M. ruminantium polypeptides or peptides, as well as polynucleotides from non-coding regions. Also included are the encoded M. ruminantium …",Pastoral Greenhouse Gas Research Ltd.,Eric Heinz Altermann,2021-03-30,2019-02-25,2009-08-27,2021-03-30,US10960063B2,en,https://patents.google.com/patent/US10960063B2/en,https://patentimages.storage.googleapis.com/a1/67/82/558bcceaa47d90/US10960063.pdf,Tier 1,Customs Threshold,UPS,customs clearance automated value,customs clearance automated value,None (fallback)
patent/US9898497B2/en,Validating coherency between multiple data sets between database transfers,A user interface may be designed to receive conflicting data from multiple data sources during a merger of legacy computer systems. The interface automatically validates the conflicting data against each other to generate a final data set for review. Summary information for each data set can be …,Oracle International Corporation,Lesvia Elena Ruiz Velazquez,2018-02-20,2015-03-31,2015-03-31,2018-02-20,US9898497B2,en,https://patents.google.com/patent/US9898497B2/en,https://patentimages.storage.googleapis.com/e7/32/d2/88f96667612610/US9898497.pdf,Tier 1,Customs Threshold,UPS,customs clearance automated value,customs clearance automated value,None (fallback)
patent/US12370005B2/en,Light displays in a medical device,"An example medical device may include a first component including an interface, a light feature surrounding at least part of the interface, and a controller coupled to the light feature and including a memory in which are stored instructions for the controller causing a first illumination state of …","Intuitive Surgical Operations, Inc.",Timothy B. Hulford,2025-07-29,2023-05-01,2017-07-27,2025-07-29,US12370005B2,en,https://patents.google.com/patent/US12370005B2/en,,Tier 1,Customs Threshold,UPS,customs clearance automated value,customs clearance automated value,None (fallback)
patent/US20220191272A1/en,Service Meshes and Smart Contracts for Zero-Trust Systems,"A blockchain-enabled cloud-based service mesh environment including a network service mesh network that includes network service domains that communicate with each other and an application service mesh network positioned in communication with the network service mesh network, the application …",Vijay Madisetti,Vijay Madisetti,2022-06-16,2022-03-07,2017-09-13,,US20220191272A1,en,https://patents.google.com/patent/US20220191272A1/en,https://patentimages.storage.googleapis.com/17/ab/82/53e2f9dbd67f00/US20220191272A1.pdf,Tier 1,Customs Threshold,UPS,customs clearance automated value,customs clearance automated value,None (fallback)
patent/US10136172B2/en,Apparatus and methods for content delivery and message exchange across multiple …,"Methods and apparatus for providing protected content to subscribers of a managed (e.g., MSO) network via a content source accessible via an internetwork such as the Internet. In one embodiment, a user accesses a programmer website, and requests content. The programmer determines whether the …",Time Warner Cable Enterprises Llc,Gary Cronk,2018-11-20,2015-09-22,2008-11-24,2018-11-20,US10136172B2,en,https://patents.google.com/patent/US10136172B2/en,https://patentimages.storage.googleapis.com/50/d7/5f/839d58575733c4/US10136172.pdf,Tier 1,Customs Threshold,UPS,customs clearance automated value,customs clearance automated value,None (fallback)
patent/US11637918B2/en,Self-descriptive orchestratable modules in software-defined industrial systems,"Various systems and methods are provided for implementing a software defined industrial system. In an example, self-descriptive control applications and software modules are provided in the context of orchestratable distributed systems. The self-descriptive control applications may be executed by …",Intel Corporation,Mark Yarvis,2023-04-25,2018-09-28,2017-11-16,2023-04-25,US11637918B2,en,https://patents.google.com/patent/US11637918B2/en,https://patentimages.storage.googleapis.com/64/35/19/b513fe49082f49/US11637918.pdf,Tier 1,Customs Threshold,UPS,customs clearance automated value,customs clearance automated value,None (fallback)
patent/US11096519B2/en,Automatic food preparation apparatus,"In an embodiment, an automatic food preparation and serving apparatus comprises: a digital electronics storage controller configured to send signals representing an order input; a storage apparatus comprising a plurality of temperature-control regions and configured to hold one or more magazines …","Keenwawa, Inc.",Adam HIATT,2021-08-24,2019-05-06,2017-03-06,2021-08-24,US11096519B2,en,https://patents.google.com/patent/US11096519B2/en,https://patentimages.storage.googleapis.com/7b/15/e9/79db4b55f2347b/US11096519.pdf,Tier 1,Customs Threshold,UPS,customs clearance automated value,customs clearance automated value,None (fallback)
patent/US11575673B2/en,Central user management in a distributed healthcare information management …,Centralized support user management in a distributed healthcare information management system. Support user management may include generation of permission data that may be distributed from a central server to one or more local systems. The local systems may execute a healthcare information …,Baxter Corporation Englewood,Bhavesh S. Padmani,2023-02-07,2015-09-29,2014-09-30,2023-02-07,US11575673B2,en,https://patents.google.com/patent/US11575673B2/en,https://patentimages.storage.googleapis.com/8f/f7/b1/575a0a449c2ab5/US11575673.pdf,Tier 1,Customs Threshold,UPS,customs clearance automated value,customs clearance automated value,None (fallback)
patent/US11804106B2/en,Event wagering with group and/or in run options,"Some embodiments may relate to wagering one or more events. Such events may include sporting events. For example, one or more races may be wagered upon. In some embodiments, one or more wager may include an in running or in game wager. In some embodiments, one or more wagers may include a wager on …","Cfph, Llc",Kenneth L. Miller,2023-10-31,2021-06-29,2014-03-26,2023-10-31,US11804106B2,en,https://patents.google.com/patent/US11804106B2/en,https://patentimages.storage.googleapis.com/8f/9c/b8/613d4a20c75274/US11804106.pdf,Tier 1,Customs Threshold,UPS,customs clearance automated value,customs clearance automated value,None (fallback)
patent/US9961156B2/en,Healthcare semantic interoperability platform,"A system and method for efficiently linking local databases having different data formats or standards into a network, wherein a content based router is provided between each of the databases and a network “party line” bus and translates data from the respective database into a common canonical …",Intel Corporation,Joseph D. Natoli,2018-05-01,2014-06-13,2007-09-20,2018-05-01,US9961156B2,en,https://patents.google.com/patent/US9961156B2/en,https://patentimages.storage.googleapis.com/c5/74/20/3a66fea496a32e/US9961156.pdf,Tier 1,Customs Threshold,UPS,customs clearance automated value,customs clearance automated value,None (fallback)
patent/US20210158933A1/en,"Federated, centralized, and collaborative medical data management and …",A computer-implemented system is provided that includes a plurality of endpoint databases employed to store medical images and metadata that describes attributes of the respective medical images. A management and orchestration platform periodically scans the endpoint databases to determine an …,GE Precision Healthcare LLC,Travis R. Frosch,2021-05-27,2020-11-24,2019-11-27,,US20210158933A1,en,https://patents.google.com/patent/US20210158933A1/en,https://patentimages.storage.googleapis.com/2b/e3/cf/3f8ce02671dd0e/US20210158933A1.pdf,Tier 1,Customs Threshold,UPS,customs clearance automated value,customs clearance automated value,None (fallback)
patent/US11189368B2/en,"Systems, computer media, and methods for using electromagnetic frequency (EMF) …","Methods, apparatuses, non-transitory computer readable storage media, computer systems, networks, and/or systems for monitoring, collection, analysis, use and tracking of personal data, biometric data, medical data, transaction data, electronic payment data, location data and other data to develop …",Stephan HEATH,Stephan HEATH,2021-11-30,2018-01-05,2014-12-24,2021-11-30,US11189368B2,en,https://patents.google.com/patent/US11189368B2/en,https://patentimages.storage.googleapis.com/96/60/b9/b92d6a87ebeb3a/US11189368.pdf,Tier 1,Customs Threshold,UPS,customs clearance automated value,customs clearance automated value,None (fallback)
patent/EP2592812B1/en,Integrated and scalable architecture for accessing and delivering data,"A system, comprising: at least one non-transitory computer-readable medium having stored therein computer-executable components; and at least one processor adapted to execute the following computer-executable components stored on the at least non-transitory computer readable medium: a data model …","Rockwell Automation Technologies, Inc.",Chirayu Shah,2014-09-17,2012-11-12,2011-11-11,2014-09-17,EP2592812B1,en,https://patents.google.com/patent/EP2592812B1/en,https://patentimages.storage.googleapis.com/c0/3d/d0/4a66b8b75a0f7e/EP2592812B1.pdf,Tier 1,Customs Threshold,UPS,customs clearance automated value,customs clearance automated value,None (fallback)
patent/US12212680B2/en,Verifying integrity and secure operations of cloud-based software services,"A method for creating a build product including receiving from an application build request from a user, the build request including an application source code and a list of third-party packages, defining a plurality of third-party packages. The method further includes sending a build request to a …",Vijay Madisetti,Vijay Madisetti,2025-01-28,2022-09-01,2017-09-13,2025-01-28,US12212680B2,en,https://patents.google.com/patent/US12212680B2/en,https://patentimages.storage.googleapis.com/18/71/25/986cf5c5c87af2/US12212680.pdf,Tier 1,Customs Threshold,UPS,customs clearance automated value,customs clearance automated value,None (fallback)
patent/US11316690B2/en,Blockchain token-based cloud orchestration architecture for discrete virtual …,"A blockchain-enabled service-based cloud native function (CNF) application architecture including a physical cloud infrastructure that includes computing resources, an application service mesh network including CNF that communicate with each other, and a blockchain-supported network slice …",Vijay Madisetti,Vijay Madisetti,2022-04-26,2021-08-27,2017-09-13,2022-04-26,US11316690B2,en,https://patents.google.com/patent/US11316690B2/en,https://patentimages.storage.googleapis.com/d3/8a/18/ca3a14eb4e58ef/US11316690.pdf,Tier 1,Customs Threshold,UPS,customs clearance automated value,customs clearance automated value,None (fallback)
patent/JP2025028842A/en,Adaptive Integrated Programmable Device Platform,"To provide a device for and a method of separating a plurality of tenants in an integrated circuit including a programmable logic circuit, a processor system, and a network-on-chip.SOLUTION: The present invention is directed to a system-on-chip (SoC) 100 having a programmable logic (PL) circuit …",ザイリンクス インコーポレイテッド,アーマド，サグヒーア,2025-03-05,2024-10-30,2019-03-27,,JP2025028842A,en,https://patents.google.com/patent/JP2025028842A/en,https://patentimages.storage.googleapis.com/00/f4/f7/654099c855f577/JP2025028842A.pdf,Tier 1,Customs Threshold,UPS,customs clearance automated value,customs clearance automated value,None (fallback)
patent/US11720859B2/en,Systems and methods for evaluating actions over a computer network and …,"Various embodiments provide a method of connecting an employer with a candidate, comprising: receiving criteria data from the employer regarding a job opening; receiving background data from the candidate; recording data of the candidate in a video interview; analyzing the data of the candidate …",On Time Staffing Inc.,Roman Olshansky,2023-08-08,2021-09-27,2020-09-18,2023-08-08,US11720859B2,en,https://patents.google.com/patent/US11720859B2/en,https://patentimages.storage.googleapis.com/85/70/ae/a9677dc4ad9604/US11720859.pdf,Tier 1,Customs Threshold,UPS,customs clearance automated value,customs clearance automated value,None (fallback)
patent/AU2014223584B2/en,"Recreational vehicle interactive telemetry, mapping, and trip planning system","An interactive system for use in connection with recreational vehicle usage includes a server system, including an off-road trail database containing trail data, trail condition information, and points-of-interest information, as well as a trip mapping system accessible by any of a plurality of …",Polaris Industries Inc.,John W. Callahan,2017-02-16,2014-02-26,2013-02-26,2017-02-16,AU2014223584B2,en,https://patents.google.com/patent/AU2014223584B2/en,https://patentimages.storage.googleapis.com/97/64/b1/370aea63d662ec/AU2014223584B2.pdf,Tier 1,Customs Threshold,UPS,customs clearance automated value,customs clearance automated value,None (fallback)
patent/US11181749B2/en,Systems and methods for transverse energy localization in energy relays using …,Disclosed are systems and methods for manufacturing energy relays for energy directing systems inducing Ordered Energy Localization effects. Ordered Energy Localization relay material distribution criteria are disclosed. Transverse planar as well as multi-dimensional ordered material …,"Light Field Lab, Inc.",Jonathan Sean Karafin,2021-11-23,2019-01-11,2018-01-14,2021-11-23,US11181749B2,en,https://patents.google.com/patent/US11181749B2/en,https://patentimages.storage.googleapis.com/0a/9a/16/2f185e05a1683b/US11181749.pdf,Tier 1,Customs Threshold,UPS,customs clearance automated value,customs clearance automated value,None (fallback)
patent/US20200305708A1/en,Ocular parameter-based head impact measurement using a face shield,"A system and/or method for measuring a human ocular parameter comprises a human-wearable face shield which has an eye sensor, a head orientation sensor, and an electronic circuit, and a face shield. The eye sensor comprises a video camera that measures horizontal eye movement, vertical eye …",Wesley W.O. Krueger,Wesley W.O. Krueger,2020-10-01,2020-06-16,2013-01-25,,US20200305708A1,en,https://patents.google.com/patent/US20200305708A1/en,https://patentimages.storage.googleapis.com/77/0d/f6/b440ded76242f6/US20200305708A1.pdf,Tier 1,Customs Threshold,UPS,customs clearance automated value,customs clearance automated value,None (fallback)
patent/US20240065131A1/en,Agricultural Lane Following,"Systems and methods for agricultural lane following are described. For example, a method includes accessing range data captured using a distance sensor connected to a vehicle and/or image data captured using an image sensor connected to a vehicle; detecting a crop row based on the range data and/ …","Bear Flag Robotics, Inc.",Ameer Ellaboudy,2024-02-29,2023-09-06,2019-07-02,,US20240065131A1,en,https://patents.google.com/patent/US20240065131A1/en,https://patentimages.storage.googleapis.com/23/9f/cb/b5c401769e8a96/US20240065131A1.pdf,Tier 1,Customs Threshold,UPS,customs clearance automated value,customs clearance automated value,None (fallback)
patent/CN111971658B/en,Systems and methods for vulnerability assessment and provision of related …,"In an illustrative embodiment, a system and method for network vulnerability assessment includes obtaining assessment data, the assessment data including information related to domains of network security vulnerabilities of an enterprise, and for each security domain, a corresponding domain level …",怡安风险顾问股份有限公司,J.霍格,2021-08-10,2019-01-31,2018-01-31,2021-08-10,CN111971658B,en,https://patents.google.com/patent/CN111971658B/en,https://patentimages.storage.googleapis.com/95/6c/69/774a4375788168/CN111971658B.pdf,Tier 1,Customs Threshold,UPS,customs clearance automated value,customs clearance automated value,None (fallback)
patent/EP3826449B1/en,Vehicle controllers for agricultural and industrial applications,"A system (100), comprising: one or more motion sensors (142) configured to detect motion of a vehicle (110); actuators (150) configured to control motion of the vehicle (110) and to control operation of an implement (120), wherein the implement (120) is connected to the vehicle (110) and …",Deere & Company,David E. BERTUCCI,2024-04-24,2019-07-25,2018-07-26,2024-04-24,EP3826449B1,en,https://patents.google.com/patent/EP3826449B1/en,https://patentimages.storage.googleapis.com/62/21/21/be010845d3fbbf/EP3826449B1.pdf,Tier 1,Customs Threshold,UPS,customs clearance automated value,customs clearance automated value,None (fallback)
patent/US10689428B2/en,"Polypeptides, nucleic acids and uses thereof","I claim: 1. A method for the treatment of an ELABELA associated condition, the method comprising administering a therapeutically effective amount of an ELABELA polypeptide selected from the group consisting of polypeptides of SEQ ID NOs: 2 to 18 to a subject having an ELABELA associated condition,","Agency For Science, Technology And Research",Bruno Reversade,2020-06-23,2018-01-09,2013-12-03,2020-06-23,US10689428B2,en,https://patents.google.com/patent/US10689428B2/en,https://patentimages.storage.googleapis.com/99/fb/1e/7e5dc4ef62434b/US10689428.pdf,Tier 1,Customs Threshold,UPS,customs clearance automated value,customs clearance automated value,None (fallback)
patent/US10448184B1/en,Switching binaural sound,"A method provides binaural sound to a person through electronic earphones. The binaural sound localizes to a sound localization point (SLP) in empty space that is away from but proximate to the person. When an event occurs, the binaural sound switches or changes to stereo sound, to mono sound, or …",Philip Scott Lyren,Philip Scott Lyren,2019-10-15,2019-06-16,2015-12-27,2019-10-15,US10448184B1,en,https://patents.google.com/patent/US10448184B1/en,https://patentimages.storage.googleapis.com/e2/51/97/50a8937f2f796e/US10448184.pdf,Tier 1,Customs Threshold,UPS,customs clearance automated value,customs clearance automated value,None (fallback)
patent/US20210406079A1/en,Persistent Non-Homogeneous Worker Pools,"Function calls, such as function calls from a workflow, may be added to queues. Function calls are selected from the queue and executed by workers of a worker pool, each worker being a container. The workers may be of different types and function calls may require execution by a worker of a …","Robin Systems, Inc.",Sree Nandan Atur,2021-12-30,2020-06-29,2020-06-29,,US20210406079A1,en,https://patents.google.com/patent/US20210406079A1/en,https://patentimages.storage.googleapis.com/14/9a/b0/159b98811e5feb/US20210406079A1.pdf,Tier 1,Customs Threshold,UPS,customs clearance automated value,customs clearance automated value,None (fallback)
patent/US10296327B2/en,"Methods and systems that share resources among multiple, interdependent release …","The current document is directed to automated application-release-management facilities that, in a described implementation, coordinate continuous development and release of cloud-computing applications. The application-release-management process is specified, in the described implementation, by …","Vmware, Inc.",Agila Govindaraju,2019-05-21,2016-11-11,2016-10-15,2019-05-21,US10296327B2,en,https://patents.google.com/patent/US10296327B2/en,https://patentimages.storage.googleapis.com/42/a2/3e/4067e3b340b5f4/US10296327.pdf,Tier 1,Customs Threshold,UPS,customs clearance automated value,customs clearance automated value,None (fallback)
patent/US11159609B2/en,"Method, system and product to implement deterministic on-boarding and …","A non-transitory computer-readable storage medium, an apparatus, and a computer-implemented method. The computer-readable storage medium is of an edge computing system and is to identify a target edge node for deployment of a workload thereon. The computer-readable storage medium further comprises …",Intel Corporation,Michael J. McGrath,2021-10-26,2020-03-27,2020-03-27,2021-10-26,US11159609B2,en,https://patents.google.com/patent/US11159609B2/en,https://patentimages.storage.googleapis.com/04/9c/45/c7adb76f448dde/US11159609.pdf,Tier 1,Customs Threshold,UPS,customs clearance automated value,customs clearance automated value,None (fallback)
patent/US20230068660A1/en,Somatic and somatosensory guidance in virtual and augmented reality …,"A method of operating a procedural training user interface system involves displaying an interactive guided process of a first user using at least one augmented reality (AR) layer through an AR device worn by a second user, where a representation of first user hands is displayed. The second user …","LabLightAR, Inc.",Roger Brent,2023-03-02,2022-08-29,2021-08-27,,US20230068660A1,en,https://patents.google.com/patent/US20230068660A1/en,https://patentimages.storage.googleapis.com/8c/a2/25/2d17f287905d42/US20230068660A1.pdf,Tier 1,Customs Threshold,UPS,customs clearance automated value,customs clearance automated value,None (fallback)
patent/US12439349B2/en,Devices and methods for handling precise timing protocol frames,"A method performed by a transmitting device, in a 3GPP wireless communication 5 system (100), for handling generalized Precise Timing Protocol (gPTP) signaling, from a Time Sensitive Network (TSN) is provided. The transmitting device receives (1301) a gPTP frame from the TSN network. The gPTP …",Telefonaktiebolaget Lm Ericsson (Publ),Hubertus Munz,2025-10-07,2019-10-15,2018-11-27,2025-10-07,US12439349B2,en,https://patents.google.com/patent/US12439349B2/en,,Tier 1,Customs Threshold,UPS,customs clearance automated value,customs clearance automated value,None (fallback)
patent/EP2951720B1/en,"Production analysis and/or forecasting methods, apparatus, and systems",An apparatus comprising: a processor (114); an interface in communication with the processor (114); and a memory (116) in communication with the processor (114) and storing processor (114) executable instructions which when executed by the processor (114) cause the processor (114) to perform a …,"Betazi, LLC",Nimar S. Arora,2018-05-02,2014-01-31,2013-01-31,2018-05-02,EP2951720B1,en,https://patents.google.com/patent/EP2951720B1/en,https://patentimages.storage.googleapis.com/b8/69/a4/032152dd4d2590/EP2951720B1.pdf,Tier 1,Customs Threshold,UPS,customs clearance automated value,customs clearance automated value,None (fallback)
patent/US10057204B2/en,Multi-user media presentation system,One or more embodiments of the disclosure provide systems and methods for providing media presentations to users of a media presentation system. A media presentation generally includes a plurality of media segments provided by multiple users of the media presentation system. In one or more …,"Facebook, Inc.",Joshua Alexander Miller,2018-08-21,2015-06-30,2015-03-31,2018-08-21,US10057204B2,en,https://patents.google.com/patent/US10057204B2/en,https://patentimages.storage.googleapis.com/42/d1/7e/100ae6c23a8390/US10057204.pdf,Tier 1,Customs Threshold,UPS,customs clearance automated value,customs clearance automated value,None (fallback)
patent/US9754265B2/en,Systems and methods to automatically activate distribution channels provided by …,Systems and methods to automatically activate distribution channels to be provided by potential business partners are disclosed. An example method to enable activation of a distribution channel provided by a client company for a host company disclosed herein comprises obtaining information …,"At&T Intellectual Property I, L.P.",Michael J. Seelig,2017-09-05,2006-05-01,2006-05-01,2017-09-05,US9754265B2,en,https://patents.google.com/patent/US9754265B2/en,https://patentimages.storage.googleapis.com/62/ba/c6/cfb6f5da8f09a2/US9754265.pdf,Tier 1,Customs Threshold,UPS,customs clearance automated value,customs clearance automated value,None (fallback)
patent/US7840524B2/en,"Method and apparatus for indexing, searching and displaying data","A computer research tool for indexing, searching and displaying data is disclosed. Specifically, a computer research tool for performing computerized research of data including textual objects in a database or a network and for providing a user interface that significantly enhances data …",Software Rights Archive LLC,Daniel Egger,2010-11-23,2006-04-17,1993-06-14,2010-11-23,US7840524B2,en,https://patents.google.com/patent/US7840524B2/en,https://patentimages.storage.googleapis.com/9f/6c/fc/1f5ffa66db9954/US7840524.pdf,Tier 1,Customs Threshold,UPS,customs clearance automated value,customs clearance automated value,None (fallback)
patent/US8423565B2/en,Information life cycle search engine and method,"Search engine process operates on data collections to expand a user's knowledge about select content (SC) words, data objects, etc. A prioritized hierarchical taxonomic system (H-tax-sys) encompasses some SC is set, input data is classified thereto, and non-matching data (non-SC) is identified.","Digital Doors, Inc.",Ron M. Redlich,2013-04-16,2006-12-21,2006-12-21,2013-04-16,US8423565B2,en,https://patents.google.com/patent/US8423565B2/en,https://patentimages.storage.googleapis.com/af/94/fd/8103ef78b4d107/US8423565.pdf,Tier 1,Customs Threshold,UPS,customs clearance automated value,customs clearance automated value,None (fallback)
patent/CA2666509C/en,System and method for comparing and utilizing activity information and …,"A method of aggregating and using medical device data from a plurality of remote institutions. The system and method electronically receives at a central computer system a plurality of established medical device data, each of the plurality of established medical device data being received from a …","Hospira, Inc.",Steven I. Butler,2017-05-09,2007-10-16,2006-10-16,2017-05-09,CA2666509C,en,https://patents.google.com/patent/CA2666509C/en,https://patentimages.storage.googleapis.com/81/51/7e/38c80c813f4d56/CA2666509C.pdf,Tier 1,Customs Threshold,UPS,customs clearance automated value,customs clearance automated value,None (fallback)
patent/US7509258B1/en,"Phonetic, syntactic and conceptual analysis driven speech recognition system …","A new approach to speech recognition that reacts to concepts conveyed through speech, which shifts the balance of power in speech recognition from straight sound recognition and statistical models to a more powerful and complete approach determining and addressing conveyed concepts. A …",Conceptual Speech Llc,Philippe Roy,2009-03-24,2007-08-18,2002-06-28,2009-03-24,US7509258B1,en,https://patents.google.com/patent/US7509258B1/en,https://patentimages.storage.googleapis.com/2b/bc/d6/838a789e8bc62b/US7509258.pdf,Tier 1,Customs Threshold,UPS,customs clearance automated value,customs clearance automated value,None (fallback)
patent/US7370342B2/en,Method and apparatus for delivery of targeted video programming,"PRIORITY INFORMATION This application is a continuation-in-part of U.S. Ser. No. 09/096,592 filed Jun. 12, 1998, and further claims the priority of U.S. Ser. No. 60/152,153 filed Aug. 31, 1999, U.S. Ser. No. 60/195,547 filed Apr. 7, 2000, U.S. Ser. No. 60/202,086 filed May 4, 2000, and U.S. Ser.","Metabyte Networks, Inc.",Labeeb K. Ismail,2008-05-06,2006-05-22,1998-06-12,2008-05-06,US7370342B2,en,https://patents.google.com/patent/US7370342B2/en,https://patentimages.storage.googleapis.com/b1/c8/45/68e19ee36317c7/US7370342.pdf,Tier 1,Customs Threshold,UPS,customs clearance automated value,customs clearance automated value,None (fallback)
patent/US7680927B2/en,System and method for providing testing for a communities framework,A community for maintaining user membership can be provided. Each major component of the communities framework can have multiple portals associated with its series of tests. Each of these portals can start out as a portal file. These portal files can be ran through the dissassembler in order to …,"Bea Systems, Inc.",Cindy McMullen,2010-03-16,2006-03-07,2005-11-17,2010-03-16,US7680927B2,en,https://patents.google.com/patent/US7680927B2/en,https://patentimages.storage.googleapis.com/c0/37/e7/b7b3e9612de7a9/US7680927.pdf,Tier 1,Customs Threshold,UPS,customs clearance automated value,customs clearance automated value,None (fallback)
patent/US8509806B2/en,Classifying the position of a wireless device,"Aspects describe using mobile device telemetry data with location reports from a small fraction of reporting devices to pre-compute a set of categorizing formulas that can quickly assign devices of unknown latitude, longitude, and/or altitude to specific values of latitude, longitude, and/or …","At&T Intellectual Property I, L.P.",Earle West,2013-08-13,2010-12-14,2010-12-14,2013-08-13,US8509806B2,en,https://patents.google.com/patent/US8509806B2/en,https://patentimages.storage.googleapis.com/de/87/b8/0d568ef2f40232/US8509806.pdf,Tier 1,Customs Threshold,UPS,customs clearance automated value,customs clearance automated value,None (fallback)
patent/US8255818B2/en,System and method for providing drag and drop functionality in a communities …,"A community accessible via a portal can be provided for maintaining user membership in a collaborative computing environment. Collaboration resources can be displayed on the portal page. Drag and drop functionality can be provided, which enables a community member to drag drop some resource into a …",Oracle International Corporation,Christopher E. Bales,2012-08-28,2006-03-09,2005-11-17,2012-08-28,US8255818B2,en,https://patents.google.com/patent/US8255818B2/en,https://patentimages.storage.googleapis.com/12/16/00/50d3619c47eda6/US8255818.pdf,Tier 1,Customs Threshold,UPS,customs clearance automated value,customs clearance automated value,None (fallback)
patent/US7505575B2/en,Method and system for processing telephone calls via a remote tie-line,"A method and system include routing telephone calls from multiple private networks via public lines and trunks in a public switched telephone network (PSTN) to a host switch, at which the connections would begin to run parallel. The host switch routes the telephone calls via a private trunk group …","At&T Labs, Inc.","Harold C. Fleischer, III",2009-03-17,2007-08-28,2001-01-17,2009-03-17,US7505575B2,en,https://patents.google.com/patent/US7505575B2/en,https://patentimages.storage.googleapis.com/71/e9/72/bfaf0368dbf76e/US7505575.pdf,Tier 1,Customs Threshold,UPS,customs clearance automated value,customs clearance automated value,None (fallback)
patent/US8185643B2/en,System and method for providing security in a communities framework,"Systems and methods are disclosed for providing security for a communities framework in a collaborative computing environment. A community can be provided for maintaining user membership during collaboration. The community can contain various collaboration resources, community services and members …",Oracle International Corporation,Cindy McMullen,2012-05-22,2006-02-28,2005-11-17,2012-05-22,US8185643B2,en,https://patents.google.com/patent/US8185643B2/en,https://patentimages.storage.googleapis.com/b9/1e/fd/c73b695ccfc0ae/US8185643.pdf,Tier 1,Customs Threshold,UPS,customs clearance automated value,customs clearance automated value,None (fallback)
patent/US8046696B2/en,System and method for providing active menus in a communities framework,A community accessed via a portal can be provided that maintains user membership during collaboration on various projects. The members of the community can have access to and share multiple resources. A resource can have a menu associated with it wherein the menu is dynamically displayed on the …,Oracle International Corporation,Christopher E. Bales,2011-10-25,2006-03-10,2005-11-17,2011-10-25,US8046696B2,en,https://patents.google.com/patent/US8046696B2/en,https://patentimages.storage.googleapis.com/03/54/b9/6501e2250a5cc1/US8046696.pdf,Tier 1,Customs Threshold,UPS,customs clearance automated value,customs clearance automated value,None (fallback)
patent/EP2375347A2/en,Systems and methods for classifying and transferring information in a storage …,"Systems and methods for data classification to facilitate and improve data management within an enterprise are described. The disclosed systems and methods evaluate and define data management operations based on data characteristics rather than data location, among other things. Also provided are …","Commvault Systems, Inc.",Anand Prahlad,2011-10-12,2006-11-28,2005-11-28,,EP2375347A2,en,https://patents.google.com/patent/EP2375347A2/en,https://patentimages.storage.googleapis.com/26/41/34/c2e000bd247467/EP2375347A2.pdf,Tier 1,Customs Threshold,UPS,customs clearance automated value,customs clearance automated value,None (fallback)
patent/AU2020201524B2/en,Thermographic inspection for tape layup machines,"#$%^&*AU2020201524B220250626.pdf##### Abstract Systems and methods are provided for thermal inspection of tape layup. One embodiment is a method for performing inspection of a tape layup. The method comprises laying up tape onto a surface of a laminate (202), applying heat to tack the tape to the …",The Boeing Company,Steven K. Brady,2025-06-26,2020-03-02,2019-03-04,2025-06-26,AU2020201524B2,en,https://patents.google.com/patent/AU2020201524B2/en,https://patentimages.storage.googleapis.com/99/fa/a5/56db638eaa91e8/AU2020201524B2.pdf,Tier 1,Customs Threshold,UPS,customs clearance automated value,customs clearance automated value,None (fallback)
patent/US20170289191A1/en,Infiltration Detection and Network Rerouting,"Provided are methods, network devices, and computer-program products for detecting infiltration of an endpoint, and rerouting network traffic to and from the endpoint when infiltration is detected. In various implementations, a network device on a network can be configured to monitor access to the …","Acalvio Technologies, Inc.",Emmanuel Thioux,2017-10-05,2017-02-21,2016-03-31,,US20170289191A1,en,https://patents.google.com/patent/US20170289191A1/en,https://patentimages.storage.googleapis.com/47/02/10/fc07c67a412d9f/US20170289191A1.pdf,Tier 1,Customs Threshold,UPS,customs clearance automated value,customs clearance automated value,None (fallback)
patent/DE112020000874T5/en,Systems and methods for updating memory-side caches in a multi-GPU …,"Systems and methods for updating remote memory-side caches in a multi-GPU configuration are disclosed herein. In one embodiment, a graphics processor for a multi-tile architecture includes a first graphics processing unit (GPU) having a first memory, a first memory-side cache memory, a first …",Intel Corporation,Altug Koker,2021-11-11,2020-03-14,2019-03-15,,DE112020000874T5,en,https://patents.google.com/patent/DE112020000874T5/en,https://patentimages.storage.googleapis.com/07/c0/e0/316c8f7976a7d2/DE112020000874T5.pdf,Tier 1,Customs Threshold,UPS,customs clearance automated value,customs clearance automated value,None (fallback)
patent/JP2021514791A/en,Stress test at home,"A first collection of user biometric data on the bed system mattress is sensed via the bed system sensors. The user is instructed to perform an athletic activity. After performing the athletic activity, the user is instructed to return to the mattress and lie down. After the user has performed the …",Sleep Number Corporation,オミード サヤディ,2021-06-17,2019-03-06,2018-03-07,,JP2021514791A,en,https://patents.google.com/patent/JP2021514791A/en,https://patentimages.storage.googleapis.com/47/d4/58/4a5838078428cf/JP2021514791A.pdf,Tier 1,Customs Threshold,UPS,customs clearance automated value,customs clearance automated value,None (fallback)
patent/US20220095079A1/en,Distributed intelligent software for industrial iot,"A tracking system includes a plurality of tape nodes, each including a battery, a short-range wireless interface, a processor, and a memory storing a liquid operating system (OS) having machine readable instructions that when executed by the processor cause the processor to receiving, within the …","Trackonomy Systems, Inc.",Hendrik J. Volkerink,2022-03-24,2021-09-21,2020-09-21,,US20220095079A1,en,https://patents.google.com/patent/US20220095079A1/en,https://patentimages.storage.googleapis.com/14/7e/0c/67c3ebf5495621/US20220095079A1.pdf,Tier 1,Customs Threshold,UPS,customs clearance automated value,customs clearance automated value,None (fallback)
patent/US9178995B2/en,Systems and methods for event and incident reporting and management,"Systems and methods for information and action management including managing and communicating critical and non-critical information relating to certain emergency services events or incidents as well as other applications. More specifically, systems and methods for information and action …",Marc Alexander Costa,Marc Alexander Costa,2015-11-03,2013-11-04,2012-03-19,2015-11-03,US9178995B2,en,https://patents.google.com/patent/US9178995B2/en,https://patentimages.storage.googleapis.com/7e/7a/37/1b309086cc8187/US9178995.pdf,Tier 1,Customs Threshold,UPS,customs clearance automated value,customs clearance automated value,None (fallback)
patent/US20190354075A1/en,Systems and methods for forming a building information model,"A method for forming a building information model (BIM) includes: receiving, by a BIM formation system, an input from a user, the input having a building model, an indication of a target component, and a parameter of the target component; selecting, by the BIM formation system, a component model …",Johnson Controls Technology Company,Kathryn E. Christiansen,2019-11-21,2019-05-17,2018-05-18,,US20190354075A1,en,https://patents.google.com/patent/US20190354075A1/en,https://patentimages.storage.googleapis.com/6e/31/54/a4e40afe9f6b15/US20190354075A1.pdf,Tier 1,Customs Threshold,UPS,customs clearance automated value,customs clearance automated value,None (fallback)
patent/WO2020016579A2/en,Machine learning based methods of analysing drug-like molecules,"There is provided a method for a machine learning based method of analysing drug-like molecules by representing the molecular quantum states of each drug-like molecule as a quantum graph, and then feeding that quantum graph as an input to a machine learning system.",Gtn Ltd,Hagen TRIENDL,2020-01-23,2019-07-17,2018-07-17,,WO2020016579A2,en,https://patents.google.com/patent/WO2020016579A2/en,https://patentimages.storage.googleapis.com/2c/75/37/d7fd059e4e5cf9/WO2020016579A2.pdf,Tier 1,Customs Threshold,UPS,customs clearance automated value,customs clearance automated value,None (fallback)
patent/US20170255981A1/en,Method and system for online redistribution of data and rewards,Systems and methods are provided for an automated online platform for any member of the public to promote and/or sell online digital content or physical products over the Internet at any time using the proprietary application of the present invention on any digital device connected to a network.,Inspiration LLC,Willem Jacobus van Niekerk,2017-09-07,2017-03-21,2012-08-31,,US20170255981A1,en,https://patents.google.com/patent/US20170255981A1/en,https://patentimages.storage.googleapis.com/30/ad/bc/0f3af08a72058a/US20170255981A1.pdf,Tier 1,Customs Threshold,UPS,customs clearance automated value,customs clearance automated value,None (fallback)
patent/US20170235909A1/en,Telemonitoring system !,"Disclosed is a telemonitoring system and associated methods. A doctor creates a care plan for a patient with a chronic condition, such as diabetes. The care plan includes a medication plan, an exercise plan, a healthy eating plan, etc., and the care plan is input at a telemonitoring system. When …","Esvyda!, Inc.",Elias Lozano,2017-08-17,2017-02-13,2016-02-11,,US20170235909A1,en,https://patents.google.com/patent/US20170235909A1/en,https://patentimages.storage.googleapis.com/36/4d/9d/48accaaca360ec/US20170235909A1.pdf,Tier 1,Customs Threshold,UPS,customs clearance automated value,customs clearance automated value,None (fallback)
patent/WO2020095051A2/en,A quantum circuit based system configured to model physical or chemical systems,"There is provided a quantum circuit based system configured to model infinite-size systems, in which one or more quantum circuits are configured as an infinite tensor network representation of quantum states of effectively infinite physical or chemical systems.",Gtn Ltd,Vid STOJEVIC,2020-05-14,2019-11-07,2018-11-07,,WO2020095051A2,en,https://patents.google.com/patent/WO2020095051A2/en,https://patentimages.storage.googleapis.com/52/dc/1d/cff50dc8dfb0aa/WO2020095051A2.pdf,Tier 1,Customs Threshold,UPS,customs clearance automated value,customs clearance automated value,None (fallback)
patent/US20010033639A1/en,Controller for use with communications systems for converting a voice message …,The principles of the present invention introduce non-realtime messaging systems (and controllers for use therewith) that are capable of converting received oral messages from callers into at least substantially equivalent text messages for transmission to subscribers thereof. This may be …,Martin Larry J.,Larry Martin,2001-10-25,2001-03-05,1997-12-31,,US20010033639A1,en,https://patents.google.com/patent/US20010033639A1/en,https://patentimages.storage.googleapis.com/50/2a/11/bd586cd7847c29/US20010033639A1.pdf,Tier 2,Threshold Processing,Livingston,customs clearance automated threshold,customs clearance automated threshold,None (fallback)
patent/US20190171424A1/en,Leveraging Collaborative Cloud Services to Build and Share Apps,"The present invention includes systems and methods for retrieving information via a flexible and consistent targeted search model that employs interactive multi-prefix, multi-tier and dynamic menu information retrieval techniques (including predictive text techniques to facilitate the generation …","Tropare, Inc.",G. Gregory Carpenter,2019-06-06,2018-03-12,2008-06-19,,US20190171424A1,en,https://patents.google.com/patent/US20190171424A1/en,https://patentimages.storage.googleapis.com/46/c4/01/2f57f71b89d960/US20190171424A1.pdf,Tier 3,E-commerce Cross-border,Amazon,cross-border e-commerce customs,cross-border e-commerce customs,None (fallback)
patent/US12095868B2/en,Cloud based cross domain system—virtual data diode,"In some aspects, a network interface card (NIC) may receive, at a first node of a network interface card associated with a disconnected network, a message intended for the disconnected network and sent using a first communication protocol. The network interface card may send the message from the …",Oracle International Corporation,Eden Grail Adogla,2024-09-17,2021-11-23,2021-11-23,2024-09-17,US12095868B2,en,https://patents.google.com/patent/US12095868B2/en,https://patentimages.storage.googleapis.com/4c/61/d5/0465cbd5e594e6/US12095868.pdf,Tier 3,E-commerce Cross-border,Amazon,cross-border e-commerce customs,cross-border e-commerce customs,None (fallback)
patent/CN119895397A/en,Virtual private label cloud,A novel technique is disclosed for virtualizing a cloud infrastructure provided by a cloud service provider (CSP) in a region to allow a reseller of the CSP to use a securely isolated portion of the CSP-provided infrastructure in the region to provide reseller-supplied cloud services and establish …,Oracle International Corporation,E·G·阿道格拉,2025-04-25,2023-09-15,2022-09-16,,CN119895397A,en,https://patents.google.com/patent/CN119895397A/en,https://patentimages.storage.googleapis.com/9d/67/65/81c37c3f2d314e/CN119895397A.pdf,Tier 3,E-commerce Cross-border,Amazon,cross-border e-commerce customs,cross-border e-commerce customs,None (fallback)
patent/JP2019504428A/en,Web interface generation and test system based on machine learning,"In broad terms, the disclosed technique uses evolutionary computation to efficiently identify the most successful web page design in the search space without testing every possible web page design in the search space. A so-called machine learning transformation optimization (MLCO) system is …",センティエント テクノロジーズ （バルバドス） リミテッド,ニール イスコー，,2019-02-14,2017-01-05,2016-01-05,,JP2019504428A,en,https://patents.google.com/patent/JP2019504428A/en,https://patentimages.storage.googleapis.com/10/d3/fb/b14d62550c855a/JP2019504428A.pdf,Tier 3,E-commerce Cross-border,Amazon,cross-border e-commerce customs,cross-border e-commerce customs,None (fallback)
patent/CN110268409A/en,The novel nonparametric statistics Activity recognition ecosystem for electric …,"Embodiment of the disclosure is directed to electric power fraud detection system, which is related to the verification and measurement ratio for improving electric power fraud while the behavioral value ecosystem for reducing false positive rate.More specifically, it avoids machine learning …",Oracle International Corporation,H·阿巴斯,2019-09-20,2018-03-15,2017-04-13,,CN110268409A,en,https://patents.google.com/patent/CN110268409A/en,https://patentimages.storage.googleapis.com/a4/38/7a/5dc3f0cceeef53/CN110268409A.pdf,Tier 3,E-commerce Cross-border,Amazon,cross-border e-commerce customs,cross-border e-commerce customs,None (fallback)
patent/CN108027867A/en,"Calculate efficient transfer accounts processing, audit and searcher, method …","Embodiment may include block chain transaction data audit device.The device represents that each entry wherein in list includes the tuple with source wallet address, destination wallet address, transaction amount and time mark including block chained record component, matrix conversion component …",Fmr有限责任公司,X·盛,2018-05-11,2016-07-13,2015-07-14,,CN108027867A,en,https://patents.google.com/patent/CN108027867A/en,https://patentimages.storage.googleapis.com/bb/bf/b1/d038430b1cf94b/CN108027867A.pdf,Tier 3,E-commerce Cross-border,Amazon,cross-border e-commerce customs,cross-border e-commerce customs,None (fallback)
patent/CN118451697A/en,Cloud-based cross-domain system – Virtual Data Diode,"In some aspects, a Network Interface Card (NIC) may receive, at a first node of the network interface card associated with a disconnected network, a message intended for the disconnected network and sent using a first communication protocol. The network interface card may send the message from the …",Oracle International Corporation,E·G·阿道格拉,2024-08-06,2022-11-16,2021-11-23,,CN118451697A,en,https://patents.google.com/patent/CN118451697A/en,https://patentimages.storage.googleapis.com/7b/40/7a/b3dd70052004cd/CN118451697A.pdf,Tier 3,E-commerce Cross-border,Amazon,cross-border e-commerce customs,cross-border e-commerce customs,None (fallback)
patent/US20230164082A1/en,CLOUD BASED CROSS DOMAIN SYSTEM - CDSaaS,"In some aspects, a computing device of the virtual cloud network may select one or more filters from a plurality of filters for a data pipeline, the plurality of filters comprising at least one of: a malware filter; a content filter; a signature filter; a content analyzer; a machine learning …",Oracle International Corporation,Eden Grail Adogla,2023-05-25,2021-11-23,2021-11-23,,US20230164082A1,en,https://patents.google.com/patent/US20230164082A1/en,https://patentimages.storage.googleapis.com/92/93/a7/3bbc849bd6e004/US20230164082A1.pdf,Tier 3,E-commerce Cross-border,Amazon,cross-border e-commerce customs,cross-border e-commerce customs,None (fallback)
patent/WO2025106108A1/en,Managing a service offered by a first cloud service provider via a cloud …,"Techniques are disclosed herein for provisioning cross-cloud services. The techniques include receiving, by a service of a first cloud environment, a request to configure a virtual resource and causing, by the service, a control plane of the first cloud environment to configure the virtual …",Oracle International Corporation,Sergei Korolev,2025-05-22,2024-05-09,2023-11-15,,WO2025106108A1,en,https://patents.google.com/patent/WO2025106108A1/en,https://patentimages.storage.googleapis.com/ce/42/fb/711688e55dbc0b/WO2025106108A1.pdf,Tier 3,E-commerce Cross-border,Amazon,cross-border e-commerce customs,cross-border e-commerce customs,None (fallback)
patent/CN120153359A/en,Routing in GPU Superclusters,"The plurality of GPU clusters are communicatively coupled to each other via a plurality of network devices arranged in a hierarchy, wherein the GPU clusters include at least a first GPU cluster that operates at a first speed and a second GPU cluster that operates at a second speed that is …",Oracle International Corporation,J·S·布拉尔,2025-06-13,2023-11-02,2022-11-04,,CN120153359A,en,https://patents.google.com/patent/CN120153359A/en,https://patentimages.storage.googleapis.com/f7/5b/23/77b7e08b763a8b/CN120153359A.pdf,Tier 3,E-commerce Cross-border,Amazon,cross-border e-commerce customs,cross-border e-commerce customs,None (fallback)
patent/WO2021071662A1/en,A secured distributed mesh network,"In accordance with some embodiments, a method of operating a user-equipment (UE) gateway device to establish access for an end-point device coupled to the UE gateway device includes receiving a connection request from the end-point device; creating a registry entry with a digital identity for the …",Instant! Communications LLC,Richard Mo,2021-04-15,2020-09-21,2019-10-07,,WO2021071662A1,en,https://patents.google.com/patent/WO2021071662A1/en,https://patentimages.storage.googleapis.com/23/91/15/92955118f7c957/WO2021071662A1.pdf,Tier 3,E-commerce Cross-border,Amazon,cross-border e-commerce customs,cross-border e-commerce customs,None (fallback)
patent/WO2017106309A1/en,Methods and systems for telecommunication messaging and real-time replenishment …,Methods and systems for top-up are provided. A representative telecommunication messaging and real-time replenishment (TMRTR) system includes a user interface that receives a user input and transmits the user input that includes chat message and a recipient phone number associated with a phone …,"Miltech Platform, Inc.",Dat The LU,2017-06-22,2016-12-14,2015-12-15,,WO2017106309A1,en,https://patents.google.com/patent/WO2017106309A1/en,https://patentimages.storage.googleapis.com/70/26/8c/b17472eac52109/WO2017106309A1.pdf,Tier 3,E-commerce Cross-border,Amazon,cross-border e-commerce customs,cross-border e-commerce customs,None (fallback)
patent/CN119278434A/en,Implementing communication within a container environment,"Techniques are described for implementing a container environment in which each pod within the container environment is provided with a unique IP address and a virtual communication device, such as IPvlan devices. Communications from the source capsule are routed directly to the destination …",Oracle International Corporation,T·恩古延,2025-01-07,2023-05-10,2022-06-17,,CN119278434A,en,https://patents.google.com/patent/CN119278434A/en,https://patentimages.storage.googleapis.com/e5/f2/1e/4dd1a7cd66725f/CN119278434A.pdf,Tier 3,E-commerce Cross-border,Amazon,cross-border e-commerce customs,cross-border e-commerce customs,None (fallback)
patent/US20230376287A1/en,Code generation technique,"Apparatuses, systems, and techniques to optimize processor performance. In at least one embodiment, a method optimizes linked code based, at least in part, on storing an indication of whether two portions of code have been linked.",Nvidia Corporation,Shelton George Dsouza,2023-11-23,2022-05-20,2022-05-20,,US20230376287A1,en,https://patents.google.com/patent/US20230376287A1/en,https://patentimages.storage.googleapis.com/3f/26/d9/9abfc02ce42a18/US20230376287A1.pdf,Tier 3,E-commerce Cross-border,Amazon,cross-border e-commerce customs,cross-border e-commerce customs,None (fallback)
patent/US20240095044A1/en,Application programming interface to modify code,"Apparatuses, systems, and techniques to optimize processor performance. In at least one embodiment, a processor is to perform an application programming interface (API) to exclude one or more portions of program code from a program.",Nvidia Corporation,Shelton George Dsouza,2024-03-21,2022-05-20,2022-05-20,,US20240095044A1,en,https://patents.google.com/patent/US20240095044A1/en,https://patentimages.storage.googleapis.com/aa/c6/dc/fe13f79bcaba91/US20240095044A1.pdf,Tier 3,E-commerce Cross-border,Amazon,cross-border e-commerce customs,cross-border e-commerce customs,None (fallback)
patent/EP2891122A2/en,Method and system for online redistribution of data,Systems and methods are provided for an automated online platform for any member of the public to promote and/or sell online digital content or physical products over the Internet at any time using the proprietary application of the present invention on any digital device connected to a network.,Inspiration LLC,Willem Jacobus VAN NIEKERK,2015-07-08,2013-08-30,2012-08-31,,EP2891122A2,en,https://patents.google.com/patent/EP2891122A2/en,,Tier 3,E-commerce Cross-border,Amazon,cross-border e-commerce customs,cross-border e-commerce customs,None (fallback)
patent/EP4437713A1/en,Cloud based cross domain system - virtual data diode,"In some aspects, a network interface card (NIC) may receive, at a first node of a network interface card associated with a disconnected network, a message intended for the disconnected network and sent using a first communication protocol. The network interface card may send the message from the …",Oracle International Corporation,Eden Grail Adogla,2024-10-02,2022-11-16,2021-11-23,,EP4437713A1,en,https://patents.google.com/patent/EP4437713A1/en,,Tier 3,E-commerce Cross-border,Amazon,cross-border e-commerce customs,cross-border e-commerce customs,None (fallback)
patent/US11302365B2/en,Area efficient and high-performance wordline segmented architecture,A memory array including a plurality of memory cells and a plurality of drivers is disclosed. The plurality of memory cells may be arranged in a plurality of rows and a plurality of columns. Memory cells corresponding to a row of the plurality of rows may be logically grouped into a plurality of …,"Synopsys, Inc.",Vinay Kumar,2022-04-12,2019-09-26,2018-09-27,2022-04-12,US11302365B2,en,https://patents.google.com/patent/US11302365B2/en,https://patentimages.storage.googleapis.com/fa/c1/86/4ba48ed32ba208/US11302365.pdf,Tier 3,E-commerce Cross-border,Amazon,cross-border e-commerce customs,cross-border e-commerce customs,None (fallback)
patent/US20240378072A1/en,Hyperscale hub-spoke topology for transitive routing using compute instances,Techniques are described for creating a network link between a first customer virtual network in a first cloud environment and a second customer virtual network in a second cloud environment. The first customer virtual network in the first cloud environment is created to enable a user associated …,Oracle International Corporation,Andrew Ignoto,2024-11-14,2024-04-24,2023-05-10,,US20240378072A1,en,https://patents.google.com/patent/US20240378072A1/en,https://patentimages.storage.googleapis.com/03/fe/b9/a874d245b4d828/US20240378072A1.pdf,Tier 3,E-commerce Cross-border,Amazon,cross-border e-commerce customs,cross-border e-commerce customs,None (fallback)
patent/US9894216B2/en,Methods and systems for telecommunication messaging and real-time replenishment …,Methods and systems for top-up are provided. A representative telecommunication messaging and real-time replenishment (TMRTR) system includes a user interface that receives a user input and transmits the user input that includes chat message and a recipient phone number associated with a phone …,"Miltech Platform, Inc.",Dat The Lu,2018-02-13,2016-12-14,2013-08-07,2018-02-13,US9894216B2,en,https://patents.google.com/patent/US9894216B2/en,https://patentimages.storage.googleapis.com/44/7e/79/c2b8a86b11fdc5/US9894216.pdf,Tier 3,E-commerce Cross-border,Amazon,cross-border e-commerce customs,cross-border e-commerce customs,None (fallback)
patent/US20250169643A1/en,Methods and systems for dynamically generating build instructions for …,A method for preparing a beverage can include receiving one or more drink orders and adding the one or more drink orders on a queue. The method can also include receiving a selection of the one or more drink orders on the queue and building one or more recipes for the selected drink orders on the …,Starbucks Corporation,Lucas S. Abrahamsen,2025-05-29,2024-11-27,2023-11-28,,US20250169643A1,en,https://patents.google.com/patent/US20250169643A1/en,https://patentimages.storage.googleapis.com/e5/37/a7/bae217fb80c96a/US20250169643A1.pdf,Tier 3,E-commerce Cross-border,Amazon,cross-border e-commerce customs,cross-border e-commerce customs,None (fallback)
patent/WO2025136473A1/en,Zero trust packet routing policy language,"Techniques are described for creating and enforcing network policies using a zero trust packet routing (ZPR) policy language (ZPL). Generally, ZPL allows users to create data-centric, intent-based policies that are evaluated and enforced at different enforcement points within one or more networks …",Oracle International Corporation,Martin John Sleeman,2025-06-26,2024-09-09,2023-12-20,,WO2025136473A1,en,https://patents.google.com/patent/WO2025136473A1/en,https://patentimages.storage.googleapis.com/67/dc/7e/aee4f76f679ef1/WO2025136473A1.pdf,Tier 3,E-commerce Cross-border,Amazon,cross-border e-commerce customs,cross-border e-commerce customs,None (fallback)
patent/WO2025048892A1/en,Controlling placement of resources within a cloud infrastructure of a first …,Techniques are disclosed for dynamically managing access to cross-cloud services. Provided are access control mechanisms for controlling and/or managing access to cross-cloud services offered by and between one or more cloud service providers. The techniques include detecting that a request for a …,Oracle International Corporation,Daniel M. Vogel,2025-03-06,2024-03-01,2023-08-25,,WO2025048892A1,en,https://patents.google.com/patent/WO2025048892A1/en,https://patentimages.storage.googleapis.com/cd/56/f3/d4f66db1aada7e/WO2025048892A1.pdf,Tier 3,E-commerce Cross-border,Amazon,cross-border e-commerce customs,cross-border e-commerce customs,None (fallback)
patent/CN118661161A/en,Networking technologies used to enable communication between different cloud …,Techniques for establishing a private network path from a first cloud environment to a second cloud environment are described. A lease associated with the first cloud environment is provided in the second cloud environment. Leasing includes enabling a set of one or more resources for communication …,Oracle International Corporation,J·S·布拉尔,2024-09-17,2023-02-01,2022-02-02,,CN118661161A,en,https://patents.google.com/patent/CN118661161A/en,https://patentimages.storage.googleapis.com/0a/5b/44/5a5ab49fb007aa/CN118661161A.pdf,Tier 3,E-commerce Cross-border,Amazon,cross-border e-commerce customs,cross-border e-commerce customs,None (fallback)
patent/CN119732020A/en,Multiple top of rack (TOR) switches connected to network virtualization devices,A method for providing a private regional cloud at a client is provided. A first physical port of a Network Virtualization Device (NVD) included in the data center is communicatively coupled to a first top of rack (TOR) switch and a second TOR switch. The second physical port of the NVD is …,Oracle International Corporation,J·S·布拉尔,2025-03-28,2023-07-31,2022-08-15,,CN119732020A,en,https://patents.google.com/patent/CN119732020A/en,https://patentimages.storage.googleapis.com/49/c8/85/72afb8847d1b20/CN119732020A.pdf,Tier 3,E-commerce Cross-border,Amazon,cross-border e-commerce customs,cross-border e-commerce customs,None (fallback)
patent/CN119732021A/en,Dual shelf top switch implementation for customer premises private area cloud,A method for providing a customer-site private regional cloud is provided. A first physical port of a network virtualization device (NVD) included in a data center is communicatively coupled to a first top-of-rack (TOR) switch and a second TOR switch. A second physical port of the NVD is …,Oracle International Corporation,J·S·布拉尔,2025-03-28,2023-07-31,2022-08-15,,CN119732021A,en,https://patents.google.com/patent/CN119732021A/en,https://patentimages.storage.googleapis.com/ac/22/14/5613ecb0997342/CN119732021A.pdf,Tier 3,E-commerce Cross-border,Amazon,cross-border e-commerce customs,cross-border e-commerce customs,None (fallback)
patent/CN119895835A/en,Network architecture for customer-premises private regional clouds,"A network architecture for DRCC is described. The fabric includes a plurality of switch blocks. A Computational Fabric (CFAB) block is provided that is communicatively coupled to the plurality of switch blocks. The CFAB block includes (i) a set of one or more racks, wherein each rack includes one …",Oracle International Corporation,J·S·布拉尔,2025-04-25,2023-07-31,2022-08-15,,CN119895835A,en,https://patents.google.com/patent/CN119895835A/en,https://patentimages.storage.googleapis.com/6a/c5/b8/d9111c48d72607/CN119895835A.pdf,Tier 3,E-commerce Cross-border,Amazon,cross-border e-commerce customs,cross-border e-commerce customs,None (fallback)
patent/CN119732025A/en,Providing fault-resistant services in customer-premises private regional clouds,"A method for providing fault domains within a rack is disclosed. An availability domain is provided that includes a rack, wherein the rack includes a plurality of top-of-rack (TOR) switches and a plurality of host machines. A first fault domain is created within the availability domain. The first …",Oracle International Corporation,J·S·布拉尔,2025-03-28,2023-07-31,2022-08-15,,CN119732025A,en,https://patents.google.com/patent/CN119732025A/en,https://patentimages.storage.googleapis.com/18/31/bb/029908259e94a3/CN119732025A.pdf,Tier 3,E-commerce Cross-border,Amazon,cross-border e-commerce customs,cross-border e-commerce customs,None (fallback)
patent/WO2025136474A1/en,Zero trust packet routing,"Techniques are described for performing zero trust packet routing (ZPR). A method comprises accessing a policy that specifies how traffic flows through one or more networks, wherein policy statements of the policy reference tags associated with resources of the one or more networks, wherein the …",Oracle International Corporation,Martin John Sleeman,2025-06-26,2024-09-11,2023-12-20,,WO2025136474A1,en,https://patents.google.com/patent/WO2025136474A1/en,https://patentimages.storage.googleapis.com/77/cb/f6/ae7c01af805b47/WO2025136474A1.pdf,Tier 3,E-commerce Cross-border,Amazon,cross-border e-commerce customs,cross-border e-commerce customs,None (fallback)
patent/CN118946877A/en,Cloud-Link Adapter for Multi-Cloud Infrastructure,Techniques are described for providing a multi-cloud control plane (MCCP) in a first cloud infrastructure (included in a first cloud environment provided by a first cloud service provider) that enables services and/or resources provided in the first cloud infrastructure to be used by users of a …,Oracle International Corporation,G·纳嘎拉加,2024-11-12,2023-02-01,2022-02-02,,CN118946877A,en,https://patents.google.com/patent/CN118946877A/en,https://patentimages.storage.googleapis.com/dd/9b/64/8ddaddd55767b9/CN118946877A.pdf,Tier 3,E-commerce Cross-border,Amazon,cross-border e-commerce customs,cross-border e-commerce customs,None (fallback)
patent/WO2025042980A1/en,Providing services based on infrastructure distributed between multiple cloud …,Techniques are disclosed for providing services based on infrastructure distributed between multiple cloud service providers. Low-latency high-bandwidth cross-cloud services can be provisioned and managed by and between private clouds of cloud service providers. The techniques include forming a …,Oracle International Corporation,Shahab Zahedi,2025-02-27,2024-08-21,2023-08-22,,WO2025042980A1,en,https://patents.google.com/patent/WO2025042980A1/en,https://patentimages.storage.googleapis.com/62/ad/c6/6ccf221f3044b4/WO2025042980A1.pdf,Tier 3,E-commerce Cross-border,Amazon,cross-border e-commerce customs,cross-border e-commerce customs,None (fallback)
patent/US20210132917A1/en,Leveraging Collaborative Cloud Services to Build and Share Apps,"The present invention includes systems and methods for retrieving information via a flexible and consistent targeted search model that employs interactive multi-prefix, multi-tier and dynamic menu information retrieval techniques (including predictive text techniques to facilitate the generation …","Tropare, Inc.",G. Gregory Carpenter,2021-05-06,2021-01-11,2008-06-19,,US20210132917A1,en,https://patents.google.com/patent/US20210132917A1/en,https://patentimages.storage.googleapis.com/07/02/d9/d49913e1445e02/US20210132917A1.pdf,Tier 3,E-commerce Cross-border,Amazon,cross-border e-commerce import,cross-border e-commerce import,None (fallback)
patent/US20130218721A1/en,"Transaction visual capturing apparatuses, methods and systems","The TRANSACTION VISUAL CAPTURING APPARATUSES, METHODS AND SYSTEMS (“TVC”) transform mobile device location coordinate information transmissions, real-time reality visual capturing, and mixed gesture capturing via TVC components into real-time behavior-sensitive product purchase related information …",Ernest Borhan,Ernest Borhan,2013-08-22,2013-01-07,2012-01-05,,US20130218721A1,en,https://patents.google.com/patent/US20130218721A1/en,https://patentimages.storage.googleapis.com/9c/b0/c7/a85d71eb482daa/US20130218721A1.pdf,Tier 3,E-commerce Cross-border,Amazon,cross-border e-commerce import,cross-border e-commerce import,None (fallback)
patent/DE102023113043A1/en,CODE GENERATION PROCEDURE,"Devices, systems and methods for optimizing processor performance are disclosed. In at least one embodiment, a method optimizes linked code based at least in part on storing an indication of whether two portions of the code have been linked.",Nvidia Corporation,Shelton George Dsouza,2023-11-23,2023-05-17,2022-05-20,,DE102023113043A1,en,https://patents.google.com/patent/DE102023113043A1/en,https://patentimages.storage.googleapis.com/5b/fe/09/a5174365da53c7/DE102023113043A1.pdf,Tier 3,E-commerce Cross-border,Amazon,cross-border e-commerce import,cross-border e-commerce import,None (fallback)
patent/DE102023113042A1/en,APPLICATION PROGRAMMING INTERFACE FOR MODIFICATION OF CODE,"Devices, systems and methods for optimizing processor performance are disclosed. In at least one embodiment, a processor executes an application programming interface (API) to exclude one or more portions of program code from a program.",Nvidia Corporation,Shelton George Dsouza,2023-11-23,2023-05-17,2022-05-20,,DE102023113042A1,en,https://patents.google.com/patent/DE102023113042A1/en,https://patentimages.storage.googleapis.com/00/b8/2e/ca1c703a16b516/DE102023113042A1.pdf,Tier 3,E-commerce Cross-border,Amazon,cross-border e-commerce import,cross-border e-commerce import,None (fallback)
patent/WO2014036399A2/en,Method and system for online redistribution of data,Systems and methods are provided for an automated online platform for any member of the public to promote and/or sell online digital content or physical products over the Internet at any time using the proprietary application of the present invention on any digital device connected to a network.,Inspiration LLC,Willem Jacobus VAN NIEKERK,2014-03-06,2013-08-30,2012-08-31,,WO2014036399A2,en,https://patents.google.com/patent/WO2014036399A2/en,https://patentimages.storage.googleapis.com/a3/f9/15/a2e671fb567915/WO2014036399A2.pdf,Tier 3,E-commerce Cross-border,Amazon,cross-border e-commerce import,cross-border e-commerce import,None (fallback)
patent/US11281499B2/en,Microservice provision and management,A compute system that includes an Internet of things (IoT) device is provided. The IoT device includes a common services interface (CSI) to create a self-managing network of devices with other nodes comprising the CSI.,Intel Corporation,Katalin Bartfai-Walcott,2022-03-22,2017-06-27,2017-02-05,2022-03-22,US11281499B2,en,https://patents.google.com/patent/US11281499B2/en,https://patentimages.storage.googleapis.com/97/58/92/b5f207dd43cf00/US11281499.pdf,Tier 3,International Fulfillment,Amazon,international shipping fulfillment,international shipping fulfillment,None (fallback)
patent/US12175350B2/en,Machine-learning-based architecture search method for a neural network,"In at least one embodiment, differentiable neural architecture search and reinforcement learning are combined under one framework to discover network architectures with desired properties such as high accuracy, low latency, or both. In at least one embodiment, an objective function for search …",Nvidia Corporation,Arash Vahdat,2024-12-24,2019-09-10,2019-09-10,2024-12-24,US12175350B2,en,https://patents.google.com/patent/US12175350B2/en,https://patentimages.storage.googleapis.com/df/e3/30/23821940da1ef6/US12175350.pdf,Tier 3,International Fulfillment,Amazon,international shipping fulfillment,international shipping fulfillment,None (fallback)
patent/US10504179B1/en,Social aggregated fractional equity transaction partitioned acquisition …,"The Social Aggregated Fractional Equity Transaction Partitioned Acquisition Apparatuses, Methods and Systems, (“SAFETPA”) transforms fractional equity ownership purchase request inputs via SAFETPA components into transaction confirmation outputs. A Fractional Order Generation component receives a …",Fmr Llc,Thomas Mcguire,2019-12-10,2015-12-08,2015-12-08,2019-12-10,US10504179B1,en,https://patents.google.com/patent/US10504179B1/en,https://patentimages.storage.googleapis.com/97/d4/9d/075b11f7dcf467/US10504179.pdf,Tier 3,International Fulfillment,Amazon,international shipping fulfillment,international shipping fulfillment,None (fallback)
patent/US20220210063A1/en,Layer-2 networking information in a virtualized cloud environment,"Techniques are described for communications in an L2 virtual network of a customer. In an example, the L2 virtual network includes a plurality of L2 compute instances hosted on a set of host machines and a plurality of L2 virtual network interfaces and L2 virtual switches hosted on a set of …",Oracle International Corporation,Jagwinder Singh Brar,2022-06-30,2021-10-05,2020-12-30,,US20220210063A1,en,https://patents.google.com/patent/US20220210063A1/en,https://patentimages.storage.googleapis.com/18/16/4b/311ebbc97ff723/US20220210063A1.pdf,Tier 3,International Fulfillment,Amazon,international shipping fulfillment,international shipping fulfillment,None (fallback)
patent/US10656190B2/en,Non-parametric statistical behavioral identification ecosystem for electricity …,"Embodiments of the disclosure are directed towards electricity fraud detection systems that involve a behavioral detection ecosystem to improve the detection rate of electricity fraud while reducing the rate of false-positives. More specifically, machine learning algorithms are eschewed in favor …",Oracle International Corporation,Hussain Abbas,2020-05-19,2017-11-21,2017-04-13,2020-05-19,US10656190B2,en,https://patents.google.com/patent/US10656190B2/en,https://patentimages.storage.googleapis.com/40/9c/28/8c16c2fd385a21/US10656190.pdf,Tier 3,International Fulfillment,Amazon,international shipping fulfillment,international shipping fulfillment,None (fallback)
patent/AU2015241298B2/en,Namespace management in distributed storage systems,"A directed acyclic graph (DAG) is generated to represent a namespace of a directory. In response to a request to create a new object with a specified name, a hash value bit sequence is computed for the name. A plurality of levels of the DAG are navigated using successive subsequences of the bit …","Amazon Technologies, Inc.",Matteo Frigo,2018-03-15,2015-03-26,2014-03-31,2018-03-15,AU2015241298B2,en,https://patents.google.com/patent/AU2015241298B2/en,https://patentimages.storage.googleapis.com/da/e0/9b/ab8d7d003ffaf8/AU2015241298B2.pdf,Tier 3,International Fulfillment,Amazon,international shipping fulfillment,international shipping fulfillment,None (fallback)
patent/US20210149858A1/en,Topological data analysis of data from a fact table and related dimension …,"A method comprises receiving a selection of data from a fact table and one or more dimension tables stored in a data warehouse, mapping data points from the selection of the data from the fact table and the one or more dimension tables to a reference space utilizing a lens function, generating a …",Ayasdi Ai Llc,Huang Xia,2021-05-20,2020-11-03,2016-07-21,,US20210149858A1,en,https://patents.google.com/patent/US20210149858A1/en,https://patentimages.storage.googleapis.com/bd/ca/26/ec77e10c32e3c3/US20210149858A1.pdf,Tier 3,International Fulfillment,Amazon,international shipping fulfillment,international shipping fulfillment,None (fallback)
patent/US12074791B2/en,Packet flow control in a header of a packet,"Techniques for controlling packet flows through the generation of packet flow rules are described. In an example, a network virtualization device receives network data. The network virtualization device determines a set of networks of a virtual network based on the network data. The network …",Oracle International Corporation,Shane Baker,2024-08-27,2023-04-21,2021-02-05,2024-08-27,US12074791B2,en,https://patents.google.com/patent/US12074791B2/en,https://patentimages.storage.googleapis.com/61/61/9c/c6d08efc4fb72e/US12074791.pdf,Tier 3,International Fulfillment,Amazon,international shipping fulfillment,international shipping fulfillment,None (fallback)
patent/US10019730B2/en,Reverse brand sorting tools for interest-graph driven personalization,An input and processing system allows user input information such as user affinity to efficiently block content and request content as well as novel input of commands such as copy/paste on a small mobile device screen among other computing devices. A client/server is also made more efficient due …,"autoGraph, Inc.",Brian Roundtree,2018-07-10,2013-03-15,2012-08-15,2018-07-10,US10019730B2,en,https://patents.google.com/patent/US10019730B2/en,https://patentimages.storage.googleapis.com/7d/7e/de/d92e84745f1beb/US10019730.pdf,Tier 3,International Fulfillment,Amazon,international shipping fulfillment,international shipping fulfillment,None (fallback)
patent/US9659077B2/en,System and method for efficient database record replication using different …,"Systems and methods are provided for synchronizing operational data records in a manner that reduces redundant copying of data. A set of operational data records is stored, wherein each data record is assigned a unique ID in ascending order based on a creation time of the data record. A highest …","Actifio, Inc.",Yong-Min CHEN,2017-05-23,2013-06-18,2012-06-18,2017-05-23,US9659077B2,en,https://patents.google.com/patent/US9659077B2/en,https://patentimages.storage.googleapis.com/9b/65/e0/c95204fd738fb1/US9659077.pdf,Tier 3,International Fulfillment,Amazon,international shipping fulfillment,international shipping fulfillment,None (fallback)
patent/US10042710B2/en,System and method for multi-hop data backup,Systems and methods of backing up data to a replication target such that the data is recoverable from the replication target when a source application and one or more other intermediary replication targets are unavailable. A first deduplicated data object associated with an application is received …,"Actifio, Inc.",Madhav Mutalik,2018-08-07,2015-09-16,2014-09-16,2018-08-07,US10042710B2,en,https://patents.google.com/patent/US10042710B2/en,https://patentimages.storage.googleapis.com/c6/14/79/4191f47f20380b/US10042710.pdf,Tier 3,International Fulfillment,Amazon,international shipping fulfillment,international shipping fulfillment,None (fallback)
patent/US20250156284A1/en,Techniques for replicating state information for high availability,A Network Virtualization Device (NVD) executes a set of Virtual Network Interface Cards (VNICs). The set of VNICs includes a first VNIC that forwards packets for a set of one or more packet flows. The NVD stores a first VNIC-related information that includes information identifying a first set of …,Oracle International Corporation,Jagwinder Singh Brar,2025-05-15,2024-11-18,2020-12-30,,US20250156284A1,en,https://patents.google.com/patent/US20250156284A1/en,https://patentimages.storage.googleapis.com/17/36/4b/cdf343b5e2c864/US20250156284A1.pdf,Tier 3,International Fulfillment,Amazon,international shipping fulfillment,international shipping fulfillment,None (fallback)
patent/CN114641791B/en,Upsample the image using one or more neural networks,"Apparatuses, systems, and techniques for generating images are presented. In at least one embodiment, the one or more neural networks are configured to generate the one or more images using one or more pixel weights determined based at least in part on the one or more sub-pixel offset values.",Nvidia Corporation,刘实秋,2025-08-08,2021-10-06,2020-10-08,2025-08-08,CN114641791B,en,https://patents.google.com/patent/CN114641791B/en,,Tier 3,International Fulfillment,Amazon,international shipping fulfillment,international shipping fulfillment,None (fallback)
patent/US10332405B2/en,Unmanned aircraft systems traffic management,"The present invention provides a traffic management system for managing unmanned aerial systems (UASs) operating at low-altitude. The system includes surveillance for locating and tracking UASs in uncontrolled airspace, for example, in airspace below 10,000 feet MSL. The system also includes …",The United States Of America As Represented By The Administrator Of Nasa,Parimal Kopardekar,2019-06-25,2014-12-19,2013-12-19,2019-06-25,US10332405B2,en,https://patents.google.com/patent/US10332405B2/en,https://patentimages.storage.googleapis.com/cb/72/c3/ac70364f404acb/US10332405.pdf,Tier 3,International Fulfillment,Amazon,international shipping fulfillment,international shipping fulfillment,None (fallback)
patent/EP3127017B1/en,Atomic writes for multiple-extent operations,"A system, comprising: one or more computing devices configured to: select a particular component of a multi-tenant file storage service as a coordinator (1612) of a distributed transaction; generate, at the coordinator (1612), a transaction preparation message (1642A) comprising at least: (a) an …","Amazon Technologies, Inc.",Jacob A. Strauss,2021-02-17,2015-03-31,2014-03-31,2021-02-17,EP3127017B1,en,https://patents.google.com/patent/EP3127017B1/en,https://patentimages.storage.googleapis.com/55/f6/af/cdbe080a9cbfac/EP3127017B1.pdf,Tier 3,International Fulfillment,Amazon,international shipping fulfillment,international shipping fulfillment,None (fallback)
patent/US11409645B1/en,Intermittent failure metrics in technological processes,Systems and methods for testing a subject system with a software testing process are described. The system receives Boolean states responsive to repeatedly applying a first test case to a subject system. Each Boolean state signifies an outcome of an application of the first test case to a version …,Splunk Inc.,Jian Zhang,2022-08-09,2020-09-10,2018-02-06,2022-08-09,US11409645B1,en,https://patents.google.com/patent/US11409645B1/en,https://patentimages.storage.googleapis.com/11/14/3e/cad1c19eb5641f/US11409645.pdf,Tier 3,International Fulfillment,Amazon,international shipping fulfillment,international shipping fulfillment,None (fallback)
patent/US20250278821A1/en,Denoising diffusion generative adversarial networks,"Apparatuses, systems, and techniques are presented to train and utilize one or more neural networks. A denoising diffusion generative adversarial network (denoising diffusion GAN) reduces a number of denoising steps during a reverse process. The denoising diffusion GAN does not assume a Gaussian …",Nvidia Corporation,Zhisheng Xiao,2025-09-04,2025-05-13,2021-09-30,,US20250278821A1,en,https://patents.google.com/patent/US20250278821A1/en,,Tier 3,International Fulfillment,Amazon,international shipping fulfillment,international shipping fulfillment,None (fallback)
patent/US10223710B2/en,"Wearable intelligent vision device apparatuses, methods and systems","The WEARABLE INTELLIGENT VISION DEVICE APPARATUSES, METHODS AND SYSTEMS (“WIVD”) transform mobile device location coordinate information transmissions, real-time reality visual capturing, mixed gesture capturing, bio-sensor data via WIVD components into real-time behavior-sensitive product …",Visa International Service Association,Thomas Purves,2019-03-05,2014-06-16,2013-01-04,2019-03-05,US10223710B2,en,https://patents.google.com/patent/US10223710B2/en,https://patentimages.storage.googleapis.com/2c/df/31/634f06758a3253/US10223710.pdf,Tier 3,International Fulfillment,Amazon,international shipping fulfillment,international shipping fulfillment,None (fallback)
patent/US12443853B1/en,Video synthesis using one or more neural networks,"Apparatuses, systems, and techniques are presented to synthesize consistent images or video. In at least one embodiment, one or more neural networks are used to generate one or more second images based, at least in part, on one or more point cloud representations of one or more first images.",Nvidia Corporation,Arun Mallya,2025-10-14,2024-01-16,2020-06-01,2025-10-14,US12443853B1,en,https://patents.google.com/patent/US12443853B1/en,,Tier 3,International Fulfillment,Amazon,international shipping fulfillment,international shipping fulfillment,None (fallback)
patent/US20220224963A1/en,Trip-configurable content,"Methods and apparatus for personalizing a vehicle with a sensory output device include receiving, by one or more processors, a signal indicating an identity or passenger profile of a detected passenger in or boarding the vehicle, accessing preference data and geographic location data for the …",Warner Bros. Entertainment Inc.,Justin Herz,2022-07-14,2019-12-06,2018-12-07,,US20220224963A1,en,https://patents.google.com/patent/US20220224963A1/en,https://patentimages.storage.googleapis.com/f9/39/76/7b9fcbcfb0a13c/US20220224963A1.pdf,Tier 3,International Fulfillment,Amazon,international shipping fulfillment,international shipping fulfillment,None (fallback)
patent/US11516126B2/en,Techniques for high performant virtual routing capabilities,"Techniques are disclosed for providing high performant packets processing capabilities in a virtualized cloud environment that enhance the scalability and high availability of the packets processing infrastructure. In certain embodiments disclosed herein, the VNICs functionality performed by …",Oracle International Corporation,Leonard Thomas Tracy,2022-11-29,2021-02-12,2020-10-14,2022-11-29,US11516126B2,en,https://patents.google.com/patent/US11516126B2/en,https://patentimages.storage.googleapis.com/7b/20/aa/64027282c9a450/US11516126B2.pdf,Tier 3,International Fulfillment,Amazon,international shipping fulfillment,international shipping fulfillment,None (fallback)
patent/US20210407051A1/en,Image generation using one or more neural networks,"Apparatuses, systems, and techniques are presented to remove objects from images and perform inpainting for regions of object removal. In at least one embodiment, one or more neural networks are used to remove one or more objects from one or more images, wherein the one or more objects are of a …",Nvidia Corporation,Siddhant Pardeshi,2021-12-30,2020-06-26,2020-06-26,,US20210407051A1,en,https://patents.google.com/patent/US20210407051A1/en,https://patentimages.storage.googleapis.com/85/b0/ec/acb3f960abf811/US20210407051A1.pdf,Tier 3,International Fulfillment,Amazon,international shipping fulfillment,international shipping fulfillment,None (fallback)
patent/US12177120B2/en,Loop prevention in virtual layer 2 networks,"Techniques for loop prevention while allowing multipath in a virtual L2 network are described. In an example, a network virtualization device can generate a first L2 bridge protocol data unit by applying a first loop detection protocol specific to only the first port and the first host machine.",Oracle International Corporation,Jagwinder Singh Brar,2024-12-24,2023-05-11,2020-05-28,2024-12-24,US12177120B2,en,https://patents.google.com/patent/US12177120B2/en,https://patentimages.storage.googleapis.com/89/18/ff/813864615dfad3/US12177120.pdf,Tier 3,International Fulfillment,Amazon,international shipping fulfillment,international shipping fulfillment,None (fallback)
patent/US10565844B2/en,Building risk analysis system with global risk dashboard,"A building management system includes one or more computer-readable storage media having instructions stored thereon that, when executed by one or more processors, cause the one or more processors to receive a plurality of threat events, the received threat events associated with a plurality of …",Johnson Controls Technology Company,Sajjad Pourmohammad,2020-02-18,2018-09-26,2017-09-27,2020-02-18,US10565844B2,en,https://patents.google.com/patent/US10565844B2/en,https://patentimages.storage.googleapis.com/a5/47/be/e54f3f7a5ff533/US10565844.pdf,Tier 3,International Fulfillment,Amazon,international shipping fulfillment,international shipping fulfillment,None (fallback)
patent/US20230261878A1/en,Verifying integrity and secure operations of cloud-based software services,"A method for creating a build product including receiving from an application build request from a user, the build request including an application source code and a list of third-party packages, defining a plurality of third-party packages. The method further includes sending a build request to a …",Vijay Madisetti,Vijay Madisetti,2023-08-17,2022-09-01,2017-09-13,,US20230261878A1,en,https://patents.google.com/patent/US20230261878A1/en,https://patentimages.storage.googleapis.com/48/aa/c3/7a6ffbcd6bc466/US20230261878A1.pdf,Tier 3,International Fulfillment,Amazon,international shipping fulfillment,international shipping fulfillment,None (fallback)
patent/US20230230091A1/en,"Methods, systems, articles of manufacture and apparatus to control …","Methods, apparatus, systems, and articles of manufacture are disclosed to control transactional data. An example apparatus disclosed herein includes memory, machine readable instructions, and processor circuitry to at least one of instantiate or execute the machine readable instructions to …",Intel Corporation,Robert Vaughn,2023-07-20,2023-01-12,2020-11-02,,US20230230091A1,en,https://patents.google.com/patent/US20230230091A1/en,https://patentimages.storage.googleapis.com/37/f2/a6/7adf6c7cf58452/US20230230091A1.pdf,Tier 3,International Fulfillment,Amazon,international shipping fulfillment,international shipping fulfillment,None (fallback)
patent/US11751359B2/en,Intelligent movable flow controller and cooling manifold for datacenter cooling …,"Systems and methods for cooling a datacenter are disclosed. In at least one embodiment, a first flow controller within a cooling manifold is associated with a second flow controller and with a tube there between; and the first flow controller is movable in at least one direction relative to …",Nvidia Corporation,Ali Heydari,2023-09-05,2021-01-06,2021-01-06,2023-09-05,US11751359B2,en,https://patents.google.com/patent/US11751359B2/en,https://patentimages.storage.googleapis.com/f8/a1/1e/7ec61b58b638e9/US11751359.pdf,Tier 3,International Fulfillment,Amazon,international shipping fulfillment,international shipping fulfillment,None (fallback)
patent/US20220068037A1/en,Image generation using one or more neural networks,"Apparatuses, systems, and techniques are presented to generate augmented images. In at least one embodiment, one or more neural networks are used to modify one or more first objects in an image based at least in part upon a modification to be made to one or more second objects in the image.",Nvidia Corporation,Siddhant Pardeshi,2022-03-03,2020-08-31,2020-08-31,,US20220068037A1,en,https://patents.google.com/patent/US20220068037A1/en,https://patentimages.storage.googleapis.com/f3/74/50/b47563bbc6c592/US20220068037A1.pdf,Tier 3,International Fulfillment,Amazon,international shipping fulfillment,international shipping fulfillment,None (fallback)
patent/US10095834B2/en,Integration platform and application interfaces for remote data management and …,"Various embodiments implement a multiplatform system architected to provide secure messaging between a plurality of disparate systems (e.g., mobile devices, secure cloud systems, remote locations, health monitoring devices, fitness centers, etc.), co-ordinate resources associated with each of the …","YC Wellness, Inc.",Joseph Howley,2018-10-09,2016-05-06,2015-05-08,2018-10-09,US10095834B2,en,https://patents.google.com/patent/US10095834B2/en,https://patentimages.storage.googleapis.com/35/37/56/8e7b58fe104b30/US10095834.pdf,Tier 3,International Fulfillment,Amazon,international shipping fulfillment,international shipping fulfillment,None (fallback)
patent/US11360959B2/en,Building risk analysis system with dynamic and base line risk,"A building management system includes one or more computer-readable storage media having instructions stored thereon that, when executed by one or more processors, cause the one or more processors to receive threats, the threats each indicating an incident affecting a dynamic risk score associated …",Johnson Controls Tyco IP Holdings LLP,Sajjad Pourmohammad,2022-06-14,2019-01-23,2017-09-27,2022-06-14,US11360959B2,en,https://patents.google.com/patent/US11360959B2/en,https://patentimages.storage.googleapis.com/34/3b/f8/44808277143e30/US11360959.pdf,Tier 3,International Fulfillment,Amazon,international shipping fulfillment,international shipping fulfillment,None (fallback)
patent/US10117158B2/en,"Connectivity augmented services architecture, discovery and connection","Methods, systems, and instrumentalities are described to obtain application-based connectivity. A wireless transmit receive unit (WTRU) may, in response to a request to access a connectivity-sponsored application, establish a control connection over a first access network for contacting an …","Interdigital Patent Holdings, Inc.",Xavier De Foy,2018-10-30,2014-09-17,2013-09-17,2018-10-30,US10117158B2,en,https://patents.google.com/patent/US10117158B2/en,https://patentimages.storage.googleapis.com/56/36/e3/37639c90dc802c/US10117158.pdf,Tier 3,International Fulfillment,Amazon,international shipping fulfillment,international shipping fulfillment,None (fallback)
patent/US20210273957A1/en,Cyber security for software-as-a-service factoring risk,A cyber threat defense system can incorporate data from multiple Software-as-a-Service (SaaS) applications hosted by multiple third-party platforms to identify cyber threats across platforms. The system can collect third-party event data describing an administrative event of a SaaS application …,Darktrace Limited,John Boyer,2021-09-02,2021-02-26,2020-02-28,,US20210273957A1,en,https://patents.google.com/patent/US20210273957A1/en,https://patentimages.storage.googleapis.com/d2/51/65/14f66a8391d5ce/US20210273957A1.pdf,Tier 3,International Fulfillment,Amazon,international shipping fulfillment,international shipping fulfillment,None (fallback)
patent/US10609073B2/en,Detecting phishing attempts,Classifying electronic communications is disclosed. An electronic communication is received. A first likelihood that a potential recipient of the electronic communication would conclude that the communication was transmitted on behalf of an authoritative entity is determined. An assessment of a …,"ZapFraud, Inc.",Bjorn Markus Jakobsson,2020-03-31,2019-02-11,2013-09-16,2020-03-31,US10609073B2,en,https://patents.google.com/patent/US10609073B2/en,https://patentimages.storage.googleapis.com/64/87/ba/810a97c7dfdcb0/US10609073.pdf,Tier 3,International Fulfillment,Amazon,international shipping fulfillment,international shipping fulfillment,None (fallback)
patent/US20200028699A1/en,Digital certificate management,A client establishes a communication session with a service by negotiating a first cipher suite from a plurality of available cipher suites to secure communications over the first communication session. A cipher suite strength measure from the first cipher suite is recorded to a database and when …,"Amazon Technologies, Inc.",Nima Sharifi Mehr,2020-01-23,2019-09-27,2015-08-27,,US20200028699A1,en,https://patents.google.com/patent/US20200028699A1/en,https://patentimages.storage.googleapis.com/ff/e4/b7/832490dc916f91/US20200028699A1.pdf,Tier 3,International Fulfillment,Amazon,international shipping fulfillment,international shipping fulfillment,None (fallback)
patent/US10514711B2/en,Flight control using computer vision,"A flight control operation of a reference aerial vehicle is performed. For example, an image captured by an image sensor of the reference aerial vehicle is received. A target is detected in the image. A three-dimensional relative location of the target with respect to the reference aerial vehicle …","Airspace Systems, Inc.",Guy Bar-Nahum,2019-12-24,2018-09-26,2016-10-09,2019-12-24,US10514711B2,en,https://patents.google.com/patent/US10514711B2/en,https://patentimages.storage.googleapis.com/ba/db/c0/01e30308f9ad3d/US10514711.pdf,Tier 3,International Fulfillment,Amazon,international shipping fulfillment,international shipping fulfillment,None (fallback)
patent/EP4038857B1/en,Method and system for providing non-real-time content distribution services,"A method comprising: deciding. at a communication system (3010), between and a unicast mode and a broadcast mode to communicate first data; communicating the first data to cellular user devices for real time consumption by the user devices using a first portion of an overall system capacity of a …","Siden, Inc.",Boris Bogatin,2025-02-12,2020-09-29,2019-09-30,2025-02-12,EP4038857B1,en,https://patents.google.com/patent/EP4038857B1/en,https://patentimages.storage.googleapis.com/b1/9f/ad/99463d6f66cdb4/EP4038857B1.pdf,Tier 3,International Fulfillment,Amazon,international shipping fulfillment,international shipping fulfillment,None (fallback)
patent/US11252456B2/en,Method and system for providing non-real-time content distribution services,A system and method of operating an over-the-air broadcast television system having spectrum capacity that has a first portion for linear broadcasting content in real time and a second portion corresponding to a dormant capacity. A content distribution network system receives digital content from …,"Siden, Inc.",Boris Bogatin,2022-02-15,2020-11-11,2016-11-15,2022-02-15,US11252456B2,en,https://patents.google.com/patent/US11252456B2/en,https://patentimages.storage.googleapis.com/25/ac/44/bbe174670be3fa/US11252456.pdf,Tier 3,International Fulfillment,Amazon,international shipping fulfillment,international shipping fulfillment,None (fallback)
patent/US11663340B2/en,Managing software vulnerabilities,Systems and methods to manage software vulnerabilities are described. The system retrieves a snapshot image of a production machine from a database. The snapshot image is associated with a recovery point identifier. The recovery point identifier identifies a first recovery point from multiple …,"Rubrik, Inc.",Di Wu,2023-05-30,2019-10-30,2019-10-30,2023-05-30,US11663340B2,en,https://patents.google.com/patent/US11663340B2/en,https://patentimages.storage.googleapis.com/f0/f7/35/10ba33a93a5f30/US11663340.pdf,Tier 3,International Fulfillment,Amazon,international shipping fulfillment,international shipping fulfillment,None (fallback)
patent/CN114698335B/en,Liquid flow distribution using one or more neural networks,"To fluid flow distribution using one or more neural networks. Systems and methods for cooling a computer environment are disclosed. In at least one embodiment, one or more neural networks may be used to adjust one or more flow control valves of a liquid cooling system for a data center to control …",Nvidia Corporation,A·埃达里,2025-06-06,2021-12-28,2020-12-30,2025-06-06,CN114698335B,en,https://patents.google.com/patent/CN114698335B/en,https://patentimages.storage.googleapis.com/d8/86/df/43e745723dd550/CN114698335B.pdf,Tier 3,International Fulfillment,Amazon,international shipping fulfillment,international shipping fulfillment,None (fallback)
patent/CN103329113B/en,Configuration is accelerated and custom object and relevant method for proxy …,"Provide a kind of method by net distribution content, including: received request by proxy server; Determined that the request of reception relates to use one or more persistent network to connect the content of distribution still from the content of high-speed cache distribution from source by …",阿卡麦科技公司,I·萨弗鲁提,2016-06-01,2011-10-10,2010-10-10,2016-06-01,CN103329113B,en,https://patents.google.com/patent/CN103329113B/en,https://patentimages.storage.googleapis.com/a6/86/7a/442b4c6a0fb2e2/CN103329113B.pdf,Tier 3,International Fulfillment,Amazon,international shipping fulfillment,international shipping fulfillment,None (fallback)
patent/US20170099228A1/en,Mobile Device With In-Situ Network Activity Management,"A wireless end-user device divides the functions of a network data policy management function between kernel and user-space processes. The kernel process is efficient at implementing control policies (block/allow/rate limit/usage limit) and counting policies for flows, but relies on the user-space …",Headwater Partners I Llc,Nathan Hunsperger,2017-04-06,2016-09-29,2015-10-02,,US20170099228A1,en,https://patents.google.com/patent/US20170099228A1/en,https://patentimages.storage.googleapis.com/da/1f/ed/82a9c73c930ae6/US20170099228A1.pdf,Tier 3,International Fulfillment,Amazon,international shipping fulfillment,international shipping fulfillment,None (fallback)
patent/US20230284422A1/en,Redundant liquid distribution units for datacenter racks,A datacenter liquid cooling system is disclosed. A processor detects whether one or more liquid distribution units (LDUs) of the datacenter cooling system can be deactivated based on one or more workloads of one or more servers cooled by the datacenter cooling system.,Nvidia Corporation,Ali Heydari,2023-09-07,2023-04-12,2020-09-02,,US20230284422A1,en,https://patents.google.com/patent/US20230284422A1/en,https://patentimages.storage.googleapis.com/48/56/87/d976ebb276e679/US20230284422A1.pdf,Tier 3,International Fulfillment,Amazon,international shipping fulfillment,international shipping fulfillment,None (fallback)
patent/US20170228731A1/en,"Computationally Efficient Transfer Processing and Auditing Apparatuses, Methods …","The Computationally Efficient Transfer Processing and Auditing Apparatuses, Methods and Systems (“CETPA”) transforms transaction record inputs via CETPA components into matrix and list tuple outputs for computationally efficient auditing. A blockchain transaction data auditing apparatus comprises …",Fmr Llc,Xinxin Sheng,2017-08-10,2016-02-09,2016-02-09,,US20170228731A1,en,https://patents.google.com/patent/US20170228731A1/en,https://patentimages.storage.googleapis.com/b1/4d/d0/d626e2ffa36d14/US20170228731A1.pdf,Tier 3,International Fulfillment,Amazon,international shipping fulfillment,international shipping fulfillment,None (fallback)
patent/CN113592699B/en,Content management using one or more neural networks,"Content management using one or more neural networks is disclosed, and in particular, apparatus, systems, and techniques for determining whether to render one or more content objects are provided. In at least one embodiment, one or more neural networks can determine whether to render objects to be …",Nvidia Corporation,P·P·科塔里,2024-10-29,2021-04-28,2020-04-30,2024-10-29,CN113592699B,en,https://patents.google.com/patent/CN113592699B/en,https://patentimages.storage.googleapis.com/39/ba/d0/b2fb9761d402af/CN113592699B.pdf,Tier 3,International Fulfillment,Amazon,international shipping fulfillment,international shipping fulfillment,None (fallback)
patent/DE102021206331A1/en,IMAGE GENERATION USING ONE OR MORE NEURAL NETWORKS,"Devices, systems and methods are presented to create view-specific representations of an object or an environment. In at least one embodiment, one or more neural networks are used to generate one or more images based at least in part on two or more two-dimensional (2D) images having different …",Nvidia Corporation,Jonah Philion,2021-12-23,2021-06-21,2020-06-22,,DE102021206331A1,en,https://patents.google.com/patent/DE102021206331A1/en,https://patentimages.storage.googleapis.com/1c/7e/d9/d83d691b9381b0/DE102021206331A1.pdf,Tier 3,International Fulfillment,Amazon,international shipping fulfillment,international shipping fulfillment,None (fallback)
patent/US20180025093A1/en,Query capabilities of topological data analysis graphs,"A method comprises receiving a data set, mapping data points from the data set to a reference space utilizing a lens function, generating a cover of the reference space using a resolution function, clustering the data points mapped to the reference space using the cover and a metric function to …","Ayasdi, Inc.",Huang Xia,2018-01-25,2017-07-21,2016-07-21,,US20180025093A1,en,https://patents.google.com/patent/US20180025093A1/en,https://patentimages.storage.googleapis.com/2c/74/0e/6c4579777a4d03/US20180025093A1.pdf,Tier 3,International Fulfillment,Amazon,international shipping fulfillment,international shipping fulfillment,None (fallback)
patent/DE112021002631T5/en,IMAGE GENERATION USING ONE OR MORE NEURAL NETWORKS,"Devices, systems and techniques for generating images are presented. In at least one embodiment, one or more neural networks are used to generate one or more images based at least in part on speech input received from one or more users.",Nvidia Corporation,Ming-Yu Liu,2023-03-23,2021-09-29,2020-10-01,,DE112021002631T5,en,https://patents.google.com/patent/DE112021002631T5/en,https://patentimages.storage.googleapis.com/30/45/29/9aab77e3d1a2af/DE112021002631T5.pdf,Tier 3,International Fulfillment,Amazon,international shipping fulfillment,international shipping fulfillment,None (fallback)
patent/CN113744747A/en,Determining audio noise using one or more neural networks,"Apparatus, systems and techniques for reducing audio noise are presented. In at least one embodiment, one or more neural networks are used to determine noise signals in one or more speech signals.",Nvidia Corporation,M·尼亚亚特,2021-12-03,2021-05-13,2020-05-14,,CN113744747A,en,https://patents.google.com/patent/CN113744747A/en,https://patentimages.storage.googleapis.com/e9/80/fa/68fff924fafe00/CN113744747A.pdf,Tier 3,International Fulfillment,Amazon,international shipping fulfillment,international shipping fulfillment,None (fallback)
patent/DE112021002830T5/en,GENERATION OF IMAGERY OF VIRTUAL ENVIRONMENTS USING ONE OR MORE NEURAL NETWORKS,"Devices, systems and techniques are presented to generate images. In at least one embodiment, one or more neural networks are used to generate one or more images based at least in part on one or more semantic features projected from a three-dimensional environment.",Nvidia Corporation,Zekun Hao,2023-03-02,2021-11-30,2020-12-03,,DE112021002830T5,en,https://patents.google.com/patent/DE112021002830T5/en,https://patentimages.storage.googleapis.com/4a/0b/c4/302904b37257f3/DE112021002830T5.pdf,Tier 3,International Fulfillment,Amazon,international shipping fulfillment,international shipping fulfillment,None (fallback)
patent/CN113034698B/en,Generate panoramas using one or more neural networks,"The present application relates to generating panoramic images using one or more neural networks. Apparatus, systems and techniques for generating panoramic images from a single image are presented. In at least one embodiment, one or more generative neural networks are used to generate a spherical …",Nvidia Corporation,S·帕德什,2025-05-06,2020-12-23,2019-12-24,2025-05-06,CN113034698B,en,https://patents.google.com/patent/CN113034698B/en,https://patentimages.storage.googleapis.com/ee/34/3b/ab9acf50fe0703/CN113034698B.pdf,Tier 3,International Fulfillment,Amazon,international shipping fulfillment,international shipping fulfillment,None (fallback)
patent/CN113723586A/en,Notification determined using one or more neural networks,"The invention discloses notifications determined using one or more neural networks, and particularly provides devices, systems, and techniques for determining actions to be taken against data anomalies. In at least one embodiment, audio and video data captured for a user's environment may be …",Nvidia Corporation,S·帕德什,2021-11-30,2021-04-26,2020-04-28,,CN113723586A,en,https://patents.google.com/patent/CN113723586A/en,https://patentimages.storage.googleapis.com/03/30/d2/19b5321bbf3f95/CN113723586A.pdf,Tier 3,International Fulfillment,Amazon,international shipping fulfillment,international shipping fulfillment,None (fallback)
patent/US12158820B2/en,Extended recovery of an exported database,"Systems and methods for an extended recovery of an exported database are described. The method includes communicating a database from a source host operating in a native database recovery environment, the database being communicated to a backup host operating in a foreign database recovery …","Rubrik, Inc.",Snehal Arvind Khandkar,2024-12-03,2022-05-17,2020-01-30,2024-12-03,US12158820B2,en,https://patents.google.com/patent/US12158820B2/en,https://patentimages.storage.googleapis.com/22/36/06/3a398d73c62ae8/US12158820.pdf,Tier 3,International Fulfillment,Amazon,international shipping fulfillment,international shipping fulfillment,None (fallback)
patent/US12200909B2/en,Rack form-factor reservoir for datacenter cooling systems,"Systems and methods for cooling a datacenter are disclosed. In at least one embodiment, a fluid reservoir in a form-factor of at least one rack is provided, the fluid reservoir to store fluid, the fluid to be passed to a cold plate or an immersive-cooled server, and the fluid to be cooled by a …",Nvidia Corporation,Ali Heydari,2025-01-14,2020-10-01,2020-10-01,2025-01-14,US12200909B2,en,https://patents.google.com/patent/US12200909B2/en,https://patentimages.storage.googleapis.com/94/66/00/5ea01463f74711/US12200909.pdf,Tier 3,International Fulfillment,Amazon,international shipping fulfillment,international shipping fulfillment,None (fallback)
patent/US20240276044A1/en,Methods and apparatus to associate audience members with over-the-top device …,Methods and apparatus to associate audience members with over-the-top device media impressions. An example audience measurement apparatus includes a reporting message receiver to receive a first reporting message from a client device coupled to a residential gateway having an internet protocol (IP …,"The Nielsen Company (Us), Llc",Steven J. Splaine,2024-08-15,2024-04-22,2016-12-31,,US20240276044A1,en,https://patents.google.com/patent/US20240276044A1/en,https://patentimages.storage.googleapis.com/55/cd/4d/5e33de14ceba20/US20240276044A1.pdf,Tier 3,International Fulfillment,Amazon,international shipping fulfillment,international shipping fulfillment,None (fallback)
patent/US20220151114A1/en,Intelligent above-platform push coupling for datacenter cooling systems,"Systems and methods for cooling a datacenter are disclosed. In at least one embodiment, at least one rigid manifold having flow controllers to extend out of a platform and out from at least one row manifold so that push coupling is enabled with one or more mating couplers of at least one rack …",Nvidia Corporation,Ali Heydari,2022-05-12,2020-11-11,2020-11-11,,US20220151114A1,en,https://patents.google.com/patent/US20220151114A1/en,https://patentimages.storage.googleapis.com/b6/ec/b7/a2453932a691cc/US20220151114A1.pdf,Tier 3,International Fulfillment,Amazon,international shipping fulfillment,international shipping fulfillment,None (fallback)
patent/US20180361253A1/en,Method of automating segmentation of users of game or online service with …,Methods are described for rapidly determining characteristics of a group of users of a game or online service that may be useful to predict purchasing or other behavior of those users relative to that game or service even before those users have logged significant hours playing the game or using …,"Scientific Revenue, Inc.",William Grosso,2018-12-20,2018-05-18,2017-05-22,,US20180361253A1,en,https://patents.google.com/patent/US20180361253A1/en,https://patentimages.storage.googleapis.com/13/18/ae/93938495cbe791/US20180361253A1.pdf,Tier 3,International Fulfillment,Amazon,international shipping fulfillment,international shipping fulfillment,None (fallback)
patent/CN114119723B/en,Generate views using one or more neural networks,"The present invention discloses generating views using one or more neural networks, and specifically presents apparatuses, systems, and techniques for generating images or video content representing at least one perspective. In at least one embodiment, the one or more neural networks generate one …",Nvidia Corporation,S·帕德什,2025-09-02,2021-08-20,2020-08-25,2025-09-02,CN114119723B,en,https://patents.google.com/patent/CN114119723B/en,,Tier 3,International Fulfillment,Amazon,international shipping fulfillment,international shipping fulfillment,None (fallback)
patent/CN114930380A/en,Image generation using one or more neural networks,"Apparatus, systems, and techniques for generating images are presented. In at least one embodiment, one or more neural networks are used to adjust one or more of one or more objects of one or more images based at least in part on input from one or more users aspect ratio.",Nvidia Corporation,刘洺堉,2022-08-19,2021-10-06,2020-10-08,,CN114930380A,en,https://patents.google.com/patent/CN114930380A/en,https://patentimages.storage.googleapis.com/07/46/ec/ba294bb80ce099/CN114930380A.pdf,Tier 3,International Fulfillment,Amazon,international shipping fulfillment,international shipping fulfillment,None (fallback)
patent/US20210326694A1/en,Distance determinations using one or more neural networks,"Apparatuses, systems, and techniques are presented to determine distance for one or more objects. In at least one embodiment, a disparity network is trained to determine distance data from input stereoscopic images using a loss function that includes at least one of a gradient loss term and an …",Nvidia Corporation,Jialiang Wang,2021-10-21,2020-04-20,2020-04-20,,US20210326694A1,en,https://patents.google.com/patent/US20210326694A1/en,https://patentimages.storage.googleapis.com/64/50/0b/3aa86cf965ba71/US20210326694A1.pdf,Tier 3,International Fulfillment,Amazon,international shipping fulfillment,international shipping fulfillment,None (fallback)
patent/US11822398B2/en,Intelligent and redundant air-cooled cooling loop for datacenter cooling …,"Systems and methods for cooling a datacenter are disclosed. In at least one embodiment, an alternate cooling loop with its own fluid source and a liquid-to-air heat exchanger is used to provide cooling for the at least one computing component alternatively from a secondary cooling loop that is …",Nvidia Corporation,Ali Heydari,2023-11-21,2020-11-30,2020-11-30,2023-11-21,US11822398B2,en,https://patents.google.com/patent/US11822398B2/en,https://patentimages.storage.googleapis.com/a2/e6/fc/2f8a30347a7115/US11822398.pdf,Tier 3,International Fulfillment,Amazon,international shipping fulfillment,international shipping fulfillment,None (fallback)
patent/CN113614744A/en,Diagnostics using one or more neural networks,"Apparatuses, systems, and techniques are presented for analyzing objects in images that include digital representations of those objects. In at least one embodiment, the one or more diagnostic procedures are determined based at least in part on one or more neural networks for identifying one or …",Nvidia Corporation,N·黑梅尔,2021-11-05,2020-03-10,2019-03-18,,CN113614744A,en,https://patents.google.com/patent/CN113614744A/en,https://patentimages.storage.googleapis.com/64/c0/83/67e19385ba8273/CN113614744A.pdf,Tier 3,International Fulfillment,Amazon,international shipping fulfillment,international shipping fulfillment,None (fallback)
patent/US11790623B1/en,Manipulation of virtual object position within a plane of an extended reality …,"A mobile device is fitted with a camera and an extended reality (XR) software application program executing on a processor within an XR system. Via the XR software application program, techniques are performed for manipulating virtual objects in an XR environment. In one technique, the XR software …",Splunk Inc.,Devin BHUSHAN,2023-10-17,2022-12-27,2019-04-30,2023-10-17,US11790623B1,en,https://patents.google.com/patent/US11790623B1/en,https://patentimages.storage.googleapis.com/7b/ff/c2/0d237529a07b01/US11790623.pdf,Tier 3,International Fulfillment,Amazon,international shipping fulfillment,international shipping fulfillment,None (fallback)
patent/US11727016B1/en,Surfacing and displaying exemplary spans from a real user session in response …,A method of identifying exemplary spans associated with a real user session comprises aggregating ingested spans associated with user interaction with an application during the user session. The method also comprises segmenting the user session into chunks and storing each chunk with an identifier …,Splunk Inc.,Mayank Agarwal,2023-08-15,2021-04-30,2021-04-15,2023-08-15,US11727016B1,en,https://patents.google.com/patent/US11727016B1/en,https://patentimages.storage.googleapis.com/02/74/aa/e420da9c4301d3/US11727016.pdf,Tier 3,International Fulfillment,Amazon,international shipping fulfillment,international shipping fulfillment,None (fallback)
patent/US20160001184A1/en,Multi-platform overlay and library system and methods,"Examples disclosed herein relate to a system, device, and/or method that utilize one or more memory devices which include an engine module, an in-game display module, a character module, and a tools module. The system, device, and/or method utilizes one or more processors that may receive an …",Trendy Entertainment,Brys Sepulveda,2016-01-07,2015-06-26,2014-07-04,,US20160001184A1,en,https://patents.google.com/patent/US20160001184A1/en,https://patentimages.storage.googleapis.com/4a/a8/fe/f54bd4a9182c59/US20160001184A1.pdf,Tier 3,International Fulfillment,Amazon,international shipping fulfillment,international shipping fulfillment,None (fallback)
patent/US20120330769A1/en,Electronic transaction techniques implemented over a computer network,Various techniques are disclosed herein for enabling and facilitating identification management and identity verification transactions conducted over computer networks. Some aspects disclosed herein are directed to secure techniques for enabling and facilitating electronic commerce and financial …,"Kodeid, Inc.",Alejandro Diaz Arceo,2012-12-27,2012-09-09,2010-03-09,,US20120330769A1,en,https://patents.google.com/patent/US20120330769A1/en,https://patentimages.storage.googleapis.com/7a/43/3e/3c67e4437b0f25/US20120330769A1.pdf,Tier 3,International Fulfillment,Amazon,international shipping fulfillment,international shipping fulfillment,None (fallback)
patent/US20140089073A1/en,System and Method For Managing Carbon Emission Credits at a Fuel Dispensing …,Systems and methods are provided for managing carbon emission credits at a fuel dispensing station via a portable computing device. An exemplary method comprises: receiving a request via a communications network for a transaction at a fuel dispensing station; determining a pump identifier …,Qualcomm Incorporated,Paul E. Jacobs,2014-03-27,2013-01-15,2012-09-21,,US20140089073A1,en,https://patents.google.com/patent/US20140089073A1/en,https://patentimages.storage.googleapis.com/e5/44/f5/84e16cca29639d/US20140089073A1.pdf,Tier 3,International Fulfillment,Amazon,international shipping fulfillment,international shipping fulfillment,None (fallback)
patent/US20140089078A1/en,System and method for managing carbon emission credits at a fuel dispensing …,Systems and methods are provided for managing carbon emission credits associated with a vehicle fueling at a fuel dispensing station. An exemplary method comprises: receiving a request via a communications network for a vehicle fueling transaction at a fuel dispensing station; determining a pump …,Qualcomm Incorporated,Robert L. Dessert,2014-03-27,2013-01-22,2012-09-21,,US20140089078A1,en,https://patents.google.com/patent/US20140089078A1/en,https://patentimages.storage.googleapis.com/33/4d/58/74b286efd1a63c/US20140089078A1.pdf,Tier 3,International Fulfillment,Amazon,international shipping fulfillment,international shipping fulfillment,None (fallback)
patent/US11283879B2/en,"System, apparatus and method for providing end to end solution for networks","A method, apparatus and system for assisted code provisioning of an end to end network includes automatically providing a first interface menu for enabling an initial user input of at least one of configuration information and application logic information for devices of the end to end network and …",Ciambella Ltd.,Trisala Chandaria,2022-03-22,2019-10-08,2018-10-08,2022-03-22,US11283879B2,en,https://patents.google.com/patent/US11283879B2/en,https://patentimages.storage.googleapis.com/5f/f8/e3/24cc1c732b2afc/US11283879.pdf,Tier 3,International Fulfillment,Amazon,international shipping fulfillment,international shipping fulfillment,None (fallback)
patent/WO2019067695A1/en,Flight control using computer vision,"A flight control operation of a reference air vehicle is performed. For example, an image captured by an image sensor of the reference air vehicle is received. A target is detected in the image. A three-dimensional relative location of the target relative to the reference air vehicle is determined …","Airspace Systems, Inc.",Guy Bar-Nahum,2019-04-04,2018-09-27,2017-10-01,,WO2019067695A1,en,https://patents.google.com/patent/WO2019067695A1/en,https://patentimages.storage.googleapis.com/ff/82/7d/c70f9a3200aec4/WO2019067695A1.pdf,Tier 3,International Fulfillment,Amazon,international shipping fulfillment,international shipping fulfillment,None (fallback)
patent/DE102022101555A1/en,IMAGE SYNTHESIS USING ONE OR MORE NEURAL NETWORKS,"Devices, systems and techniques are presented to synthesize representations. In at least one embodiment, one or more neural networks are used to generate one or more representations of one or more objects based at least in part on one or more structural features and one or more appearance features …",Nvidia Corporation,Ming-Yu Liu,2022-07-28,2022-01-24,2021-01-27,,DE102022101555A1,en,https://patents.google.com/patent/DE102022101555A1/en,https://patentimages.storage.googleapis.com/a2/36/fc/5510eedcc294ed/DE102022101555A1.pdf,Tier 3,International Fulfillment,Amazon,international shipping fulfillment,international shipping fulfillment,None (fallback)
patent/DE112022000559T5/en,VIEW GENERATION USING ONE OR MORE NEURONAL NETWORKS,"Facilities, systems and techniques for creating images are presented. In at least one embodiment, one or more neural networks are used to generate one or more first images that are based at least in part on one or more second images that have one or more different viewpoints.",Nvidia Corporation,Siddhant Pardeshi,2023-11-30,2022-01-04,2021-01-05,,DE112022000559T5,en,https://patents.google.com/patent/DE112022000559T5/en,https://patentimages.storage.googleapis.com/dc/c3/72/666569fb2e3b65/DE112022000559T5.pdf,Tier 3,International Fulfillment,Amazon,international shipping fulfillment,international shipping fulfillment,None (fallback)
patent/US12373297B2/en,Adaptive throttling in a universal backup host,"Systems and methods to throttle a universal backup host are described. The system executes a job, at a backup host, to back up a file set from a source host including fetching metadata from the source host. The system identifies a first operation set from operation sets, the operation set …","Rubrik, Inc.",HaiHong Wang,2025-07-29,2024-04-26,2020-05-20,2025-07-29,US12373297B2,en,https://patents.google.com/patent/US12373297B2/en,,Tier 3,International Fulfillment,Amazon,international shipping fulfillment,international shipping fulfillment,None (fallback)
patent/US20140278992A1/en,Ad blocking tools for interest-graph driven personalization,An input and processing system allows user input information such as user affinity to efficiently block content and request content as well as novel input of commands such as copy/paste on a small mobile device screen among other computing devices. A client/server is also made more efficient due …,"Nfluence Media, Inc.",Brian Roundtree,2014-09-18,2013-03-15,2013-03-15,,US20140278992A1,en,https://patents.google.com/patent/US20140278992A1/en,https://patentimages.storage.googleapis.com/6e/d8/6e/d3ef949a77bae8/US20140278992A1.pdf,Tier 3,International Fulfillment,Amazon,international shipping fulfillment,international shipping fulfillment,None (fallback)
patent/US12169442B2/en,Utilizing a tablespace to export to a native database recovery environment,Systems and methods to utilize a tablespace to export to a native database recovery environment are described. The system receives file information and script information at a source host that operates in a native database recovery environment. The file information and the script information are …,"Rubrik, Inc.",Snehal Arvind Khandkar,2024-12-17,2022-08-17,2020-01-30,2024-12-17,US12169442B2,en,https://patents.google.com/patent/US12169442B2/en,https://patentimages.storage.googleapis.com/8d/df/6a/6e8f73b032cb54/US12169442.pdf,Tier 3,International Fulfillment,Amazon,international shipping fulfillment,international shipping fulfillment,None (fallback)
patent/US20230069177A1/en,Data center self-healing,"Systems and methods for data center operational monitoring are disclosed. In at least one embodiment, a root cause for one or more data center component failures is determined based, at least in part, upon data from one or more sensors.",Nvidia Corporation,Ryan Albright,2023-03-02,2021-08-18,2021-08-18,,US20230069177A1,en,https://patents.google.com/patent/US20230069177A1/en,https://patentimages.storage.googleapis.com/6f/2d/20/376b9a6d2e9849/US20230069177A1.pdf,Tier 3,International Fulfillment,Amazon,international shipping fulfillment,international shipping fulfillment,None (fallback)
patent/US11954130B1/en,Alerting based on pod communication-based logical graph,"A logical graph is generated using at least a portion of log data received from a set of agents executing on one or more nodes in one or more data centers. The logical graph is augmented using data obtained from one or more agents executing in containerized environments, including by representing …",Lacework Inc.,Yijou Chen,2024-04-09,2021-11-19,2019-12-23,2024-04-09,US11954130B1,en,https://patents.google.com/patent/US11954130B1/en,https://patentimages.storage.googleapis.com/77/8b/2b/d969f0e4338183/US11954130.pdf,Tier 3,International Fulfillment,Amazon,international shipping fulfillment,international shipping fulfillment,None (fallback)
patent/US11593491B2/en,Identifying a software vulnerability,Systems and methods to identify a software vulnerability are described. The system receives a message identifying a software vulnerability. The system identifies snapshot images taken of a production machine and stored in a database. The snapshot images include a snapshot image including a virtual …,"Rubrik, Inc.",Di Wu,2023-02-28,2019-10-30,2019-10-30,2023-02-28,US11593491B2,en,https://patents.google.com/patent/US11593491B2/en,https://patentimages.storage.googleapis.com/f5/14/82/07191f5f527872/US11593491B2.pdf,Tier 3,International Fulfillment,Amazon,international shipping fulfillment,international shipping fulfillment,None (fallback)
patent/CN115039094A/en,Processor and system for automatic fusion of matrix multiplication and …,"Apparatus, systems, and techniques to perform matrix multiplication fused with reduction using a graphics processing unit. In at least one embodiment, one or more circuits are used to multiply two or more sub-portions in one or more matrices and generate two or more vectors from the multiplication …",Nvidia Corporation,S·G·巴斯卡拉查里亚,2022-09-09,2021-09-01,2020-09-04,,CN115039094A,en,https://patents.google.com/patent/CN115039094A/en,https://patentimages.storage.googleapis.com/b1/af/9a/6563283b549d20/CN115039094A.pdf,Tier 3,International Fulfillment,Amazon,international shipping fulfillment,international shipping fulfillment,None (fallback)
patent/EP4272379B1/en,Layer-2 networking using access control lists in a virtualized cloud …,"A method comprising the steps of: generating (1504), based on input of a customer, access control list, ACL, information for traffic flow in a Layer 2 virtual network of the customer, wherein the Layer 2 virtual network is hosted on a physical network and comprises a plurality of Layer 2 compute …",Oracle International Corporation,Jagwinder Singh Brar,2024-10-02,2021-11-24,2020-12-30,2024-10-02,EP4272379B1,en,https://patents.google.com/patent/EP4272379B1/en,https://patentimages.storage.googleapis.com/97/ed/51/f9e4c9d852ffd3/EP4272379B1.pdf,Tier 3,International Fulfillment,Amazon,international shipping fulfillment,international shipping fulfillment,None (fallback)
patent/KR20220080186A/en,Train one or more neural networks using synthetic data,"Apparatus, systems, and techniques for training one or more neural networks are presented. In at least one embodiment, the one or more neural networks are trained based, at least in part, on two or more versions of the image, each of the two or more versions of the image being independently …",Nvidia Corporation,로버트 포토르프,2022-06-14,2021-10-25,2020-10-26,,KR20220080186A,en,https://patents.google.com/patent/KR20220080186A/en,https://patentimages.storage.googleapis.com/b8/ae/17/c4d334249be81e/KR20220080186A.pdf,Tier 3,International Fulfillment,Amazon,international shipping fulfillment,international shipping fulfillment,None (fallback)
patent/DE102021206537A1/en,INTERFACE TRANSLATION USING ONE OR MORE NEURAL NETWORKS,"Devices, systems and techniques are presented to create one or more interfaces. In at least one embodiment, one or more neural networks are used to generate one or more second graphical user interfaces based at least in part on one or more functional features of one or more first graphical user …",Nvidia Corporation,Siddhant Pardeshi,2021-12-30,2021-06-24,2020-06-26,,DE102021206537A1,en,https://patents.google.com/patent/DE102021206537A1/en,https://patentimages.storage.googleapis.com/1c/31/40/5ed943109a7cc2/DE102021206537A1.pdf,Tier 3,International Fulfillment,Amazon,international shipping fulfillment,international shipping fulfillment,None (fallback)
patent/US20210232907A1/en,Cheating detection using one or more neural networks,"Apparatuses, systems, and techniques to detect cheating, manipulation, or unfair advantages. In at least one embodiment, cheating is determined using a reconstruction probability inferred, using one or more neural networks, for video data for a player of a game.",Nvidia Corporation,Siddhant Pardeshi,2021-07-29,2020-01-24,2020-01-24,,US20210232907A1,en,https://patents.google.com/patent/US20210232907A1/en,https://patentimages.storage.googleapis.com/92/b3/41/19e4bc5c4d58c4/US20210232907A1.pdf,Tier 3,International Fulfillment,Amazon,international shipping fulfillment,international shipping fulfillment,None (fallback)
patent/JP2018525729A/en,"Computationally efficient transfer processing, auditing and searching apparatus …","Embodiments can include a blockchain transaction data audit device. The apparatus has a blockchain recording component, a matrix transformation component, and a Bloom filter component to generate a list representation of a matrix, each input to the list being a source wallet address, a destination …",エフエムアール エルエルシー,シンシン・シェン,2018-09-06,2016-07-13,2015-07-14,,JP2018525729A,en,https://patents.google.com/patent/JP2018525729A/en,https://patentimages.storage.googleapis.com/9b/35/7e/ae5fab6efff3cd/JP2018525729A.pdf,Tier 3,International Fulfillment,Amazon,international shipping fulfillment,international shipping fulfillment,None (fallback)
patent/DE112020003165T5/en,Video interpolation using one or more neural networks,"Devices, systems and techniques for enhancing a video. In at least one embodiment, one or more neural networks are used to create a second video from a first video with a higher frame rate, higher resolution, or reduced number of missing or corrupted video frames.",Nvidia Corporation,Fitsum Reda,2022-03-31,2020-08-19,2019-09-03,,DE112020003165T5,en,https://patents.google.com/patent/DE112020003165T5/en,https://patentimages.storage.googleapis.com/a5/72/4f/3d2e035e504f12/DE112020003165T5.pdf,Tier 3,International Fulfillment,Amazon,international shipping fulfillment,international shipping fulfillment,None (fallback)
patent/US20240348541A1/en,Layer-2 networking information in a virtualized cloud environment,"Techniques are described for communications in an L2 virtual network of a customer. In an example, the L2 virtual network includes a plurality of L2 compute instances hosted on a set of host machines and a plurality of L2 virtual network interfaces and L2 virtual switches hosted on a set of …",Oracle International Corporation,Jagwinder Singh Brar,2024-10-17,2024-06-06,2020-12-30,,US20240348541A1,en,https://patents.google.com/patent/US20240348541A1/en,https://patentimages.storage.googleapis.com/6b/f3/df/37c3002ff50dba/US20240348541A1.pdf,Tier 3,International Fulfillment,Amazon,international shipping fulfillment,international shipping fulfillment,None (fallback)
patent/GB2603256A/en,Calculating data compression parameters,"One or more circuits calculates one or more data compression parameters based, at least in part, on at least on one or more values of the data to be compressed in relation to at least two codebook entry values. An arrangement is disclosed wherein input data values are numerically sorted and used …",Nvidia Corporation,Idelbayev Yerlan,2022-08-03,2021-11-17,2020-11-19,,GB2603256A,en,https://patents.google.com/patent/GB2603256A/en,https://patentimages.storage.googleapis.com/0e/6e/44/b8eb9c3c85244e/GB2603256A.pdf,Tier 3,International Fulfillment,Amazon,international shipping fulfillment,international shipping fulfillment,None (fallback)
patent/CN115297669B/en,Server unit with built-in stream distribution,"Disclosed are server units with built-in flow distribution, particularly configurations for cooling systems. In at least one embodiment, one or more distribution manifolds are formed within at least one panel of the server unit housing for receiving liquid and directing the liquid to one or more …",Nvidia Corporation,A·埃达里,2025-10-10,2022-04-24,2021-05-04,2025-10-10,CN115297669B,en,https://patents.google.com/patent/CN115297669B/en,,Tier 3,International Fulfillment,Amazon,international shipping fulfillment,international shipping fulfillment,None (fallback)
patent/EP4272402A1/en,Layer-2 networking span port in a virtualized cloud environment,"Techniques are described for communications in an L2 virtual network. In an example, the L2 virtual network includes a plurality of L2 compute instances hosted on a set of host machines and a plurality of L2 virtual network interfaces and L2 virtual switches hosted on a set of network …",Oracle International Corporation,Jagwinder Singh Brar,2023-11-08,2021-11-24,2020-12-30,,EP4272402A1,en,https://patents.google.com/patent/EP4272402A1/en,,Tier 3,International Fulfillment,Amazon,international shipping fulfillment,international shipping fulfillment,None (fallback)
patent/EP4272399A1/en,Layer-2 networking storm control in a virtualized cloud environment,"Techniques are described for communications in an L2 virtual network. In an example, the L2 virtual network includes a plurality of L2 compute instances hosted on a set of host machines and a plurality of L2 virtual network interfaces and L2 virtual switches hosted on a set of network …",Oracle International Corporation,Jagwinder Singh Brar,2023-11-08,2021-11-24,2020-12-30,,EP4272399A1,en,https://patents.google.com/patent/EP4272399A1/en,,Tier 3,International Fulfillment,Amazon,international shipping fulfillment,international shipping fulfillment,None (fallback)
patent/CN115066993B/en,Data center cooling fluid mass analysis and mitigation,"Systems and methods for cooling a computer environment are disclosed. In at least one embodiment, a cooling assembly can be used to monitor and control the quality of fluid associated with one or more servers.",Nvidia Corporation,A·埃达里,2025-07-29,2021-10-07,2020-10-08,2025-07-29,CN115066993B,en,https://patents.google.com/patent/CN115066993B/en,,Tier 3,International Fulfillment,Amazon,international shipping fulfillment,international shipping fulfillment,None (fallback)
patent/US11853813B2/en,Cloud based cross domain system—CDS with disaggregated parts,"In some aspects, a computing device of the disconnected network may generate an application programming interface (API) configured to present a set of filter types. A selection of one or more filters types from the set of filter types may be received via an API. A sequential order for the selected …",Oracle International Corporation,Eden Grail Adogla,2023-12-26,2021-11-23,2021-11-23,2023-12-26,US11853813B2,en,https://patents.google.com/patent/US11853813B2/en,https://patentimages.storage.googleapis.com/94/cd/0d/bdfc9518a510ad/US11853813.pdf,Tier 3,International Fulfillment,Amazon,international shipping fulfillment,international shipping fulfillment,None (fallback)
patent/WO2023018555A9/en,Object classification using one or more neural networks,"Apparatuses, systems, and techniques are presented to classify objects in images. In at least one embodiment, one or more neural networks are used to identify one or more objects in one or more full images based, at least in part, on the one or more neural networks having been trained using the …",Nvidia Corporation,Andriy MYRONENKO,2023-04-06,2022-07-28,2021-08-10,,WO2023018555A9,en,https://patents.google.com/patent/WO2023018555A9/en,https://patentimages.storage.googleapis.com/f0/34/e7/37becbd390d4d2/WO2023018555A9.pdf,Tier 3,International Fulfillment,Amazon,international shipping fulfillment,international shipping fulfillment,None (fallback)
patent/CN113689887A/en,Speech detection termination using one or more neural networks,"The invention discloses a speech detection termination using one or more neural networks. Apparatus, systems, and techniques for recognizing speech in an audio signal are disclosed. In particular, various embodiments may indicate an end of one or more speech segments based at least in part on one …",Nvidia Corporation,U·维迪雅,2021-11-23,2021-05-17,2020-05-18,,CN113689887A,en,https://patents.google.com/patent/CN113689887A/en,https://patentimages.storage.googleapis.com/9c/e4/ec/0e1c4d18beaf41/CN113689887A.pdf,Tier 3,International Fulfillment,Amazon,international shipping fulfillment,international shipping fulfillment,None (fallback)
patent/CN113856206A/en,Anomaly characterization using one or more neural networks,"The invention discloses anomaly characterization using one or more neural networks. Devices, systems, and techniques for identifying performance anomalies are provided herein. In at least one embodiment, one or more neural networks are used to characterize one or more game performance anomalies as …",Nvidia Corporation,N·肖拉克哈利加,2021-12-31,2021-06-23,2020-06-30,,CN113856206A,en,https://patents.google.com/patent/CN113856206A/en,https://patentimages.storage.googleapis.com/43/d2/42/431bc8b6b995b8/CN113856206A.pdf,Tier 3,International Fulfillment,Amazon,international shipping fulfillment,international shipping fulfillment,None (fallback)
patent/CN113642376A/en,Gaze estimation using one or more neural networks,"The invention discloses gaze estimation using one or more neural networks, and in particular, provides apparatuses, systems, and techniques for estimating a user's gaze. In at least one embodiment, one or more neural networks are used to determine coarse and fine gaze estimates for one or more …",Nvidia Corporation,M·施坦格尔,2021-11-12,2021-05-07,2020-05-11,,CN113642376A,en,https://patents.google.com/patent/CN113642376A/en,https://patentimages.storage.googleapis.com/7e/f4/4a/8b23e8ca02e9ed/CN113642376A.pdf,Tier 3,International Fulfillment,Amazon,international shipping fulfillment,international shipping fulfillment,None (fallback)
patent/KR20230022819A/en,Movement data for failure identification,"Disclosed are configurations for data center component monitoring. In at least one embodiment, movement of a server component is determined based on sensor data, and movement is used to diagnose a root cause for a server component fault. A processor of the present invention includes one or more …",Nvidia Corporation,윌리엄 앤드류 미첨,2023-02-16,2022-08-09,2021-08-09,,KR20230022819A,en,https://patents.google.com/patent/KR20230022819A/en,https://patentimages.storage.googleapis.com/76/22/fc/8aa540fff10a22/KR20230022819A.pdf,Tier 3,International Fulfillment,Amazon,international shipping fulfillment,international shipping fulfillment,None (fallback)
patent/CN113642696A/en,Highlight determination using one or more neural networks,"The invention discloses highlight segment determination using one or more neural networks, and particularly provides devices, systems, and techniques for selecting segments of content. In at least one embodiment, during presentation of one or more video segments, one or more neural networks are …",Nvidia Corporation,S·帕德什,2021-11-12,2021-05-11,2020-05-11,,CN113642696A,en,https://patents.google.com/patent/CN113642696A/en,https://patentimages.storage.googleapis.com/64/ab/b3/f7bcb4ed781a02/CN113642696A.pdf,Tier 3,International Fulfillment,Amazon,international shipping fulfillment,international shipping fulfillment,None (fallback)
patent/DE102022106795A1/en,TECHNIQUES FOR DETERMINING AN OPTICAL FLOW,"Devices, systems and methods for tracking objects represented in images or video data are presented. In at least one embodiment, motion information corresponding to one or more objects in one or more digital images is used to determine a representative set of motion information that corresponds to …",Nvidia Corporation,Aurobinda Maharana,2022-10-06,2022-03-23,2021-03-31,,DE102022106795A1,en,https://patents.google.com/patent/DE102022106795A1/en,https://patentimages.storage.googleapis.com/e9/9f/90/d685c527aec1d1/DE102022106795A1.pdf,Tier 3,International Fulfillment,Amazon,international shipping fulfillment,international shipping fulfillment,None (fallback)
patent/CN113763515A/en,Content animation using one or more neural networks,"The present invention discloses content animation using one or more neural networks, and specifically proposes an apparatus, system and technology for generating animation. In at least one embodiment, one or more neural networks are used to generate one or more animated representations of one or …",Nvidia Corporation,P·P·科塔里,2021-12-07,2021-05-28,2020-06-01,,CN113763515A,en,https://patents.google.com/patent/CN113763515A/en,https://patentimages.storage.googleapis.com/e5/c2/96/4f78e6a6650b01/CN113763515A.pdf,Tier 3,International Fulfillment,Amazon,international shipping fulfillment,international shipping fulfillment,None (fallback)
patent/DE112020004082T5/en,PROCESSOR AND SYSTEM FOR MANIPULATING FLOAT AND INTEGER VALUES IN CALCULATIONS,"Systems and techniques for converting data value types. In at least one embodiment, types of data values are converted by adjusting data floating point numbers to identify integer values and adjusting integer values to identify floating point numbers without applying mathematical operations …",Nvidia Corporation,Niall Dunan Emmart,2022-06-02,2020-08-25,2019-08-28,,DE112020004082T5,en,https://patents.google.com/patent/DE112020004082T5/en,https://patentimages.storage.googleapis.com/c5/5d/98/5d73e517d15ac4/DE112020004082T5.pdf,Tier 3,International Fulfillment,Amazon,international shipping fulfillment,international shipping fulfillment,None (fallback)
patent/CN113554662A/en,Image segmentation using one or more neural networks,"The present invention discloses image segmentation using one or more neural networks, and specifically proposes apparatus, systems and techniques for predicting segmentation for objects in an image. In at least one embodiment, a neural network is trained to determine, based at least in part on one …",Nvidia Corporation,杨栋,2021-10-26,2021-04-22,2020-04-23,,CN113554662A,en,https://patents.google.com/patent/CN113554662A/en,https://patentimages.storage.googleapis.com/93/4d/51/ccc03a79b56207/CN113554662A.pdf,Tier 3,International Fulfillment,Amazon,international shipping fulfillment,international shipping fulfillment,None (fallback)
patent/CN113643439A/en,Response prediction using one or more neural networks,"Apparatus, systems, and techniques are presented for determining responses to content from one or more users. In at least one embodiment, one or more neural networks can predict one or more reactions from one or more viewers of the content based at least in part on one or more images contained in …",Nvidia Corporation,S·帕德什,2021-11-12,2021-05-10,2020-05-11,,CN113643439A,en,https://patents.google.com/patent/CN113643439A/en,https://patentimages.storage.googleapis.com/95/4b/96/5907854d54575b/CN113643439A.pdf,Tier 3,International Fulfillment,Amazon,international shipping fulfillment,international shipping fulfillment,None (fallback)
patent/CN114828973A/en,Generating games using one or more neural networks,"Apparatuses, systems, and techniques for generating game content are presented. In at least one embodiment, one or more neural networks are used to generate one or more first games corresponding to one or more portions of one or more second games.",Nvidia Corporation,P·P·科塔里,2022-07-29,2021-07-12,2020-07-13,,CN114828973A,en,https://patents.google.com/patent/CN114828973A/en,https://patentimages.storage.googleapis.com/7b/01/5c/8831ed2af9cc51/CN114828973A.pdf,Tier 3,International Fulfillment,Amazon,international shipping fulfillment,international shipping fulfillment,None (fallback)
patent/CN114549298A/en,Upsample an image using one or more neural networks,"Apparatuses, systems, and techniques are disclosed for training one or more neural networks. In at least one embodiment, one or more neural networks are trained based at least in part on one or more image sequences, wherein back propagation is performed using one or more subsets of images from the …",Nvidia Corporation,刘诗秋,2022-05-27,2021-11-04,2020-11-04,,CN114549298A,en,https://patents.google.com/patent/CN114549298A/en,https://patentimages.storage.googleapis.com/7d/06/d8/396a2692bcfebf/CN114549298A.pdf,Tier 3,International Fulfillment,Amazon,international shipping fulfillment,international shipping fulfillment,None (fallback)
patent/GB2612493A/en,Coolant thermal buffer for datacenter cooling systems,"One or more flow controllers control a first flow rate of a first coolant from a first coolant distribution unit (CDU) 362 to a thermal buffer 370, and additionally control a second flow rate of a second coolant from a second CDU 364 to the thermal buffer. This enables thermal stability for a …",Nvidia Corporation,Heydari Ali,2023-05-03,2021-10-29,2020-10-29,,GB2612493A,en,https://patents.google.com/patent/GB2612493A/en,https://patentimages.storage.googleapis.com/04/63/6a/ee68def7a06a24/GB2612493A.pdf,Tier 3,International Fulfillment,Amazon,international shipping fulfillment,international shipping fulfillment,None (fallback)
patent/CN114140333A/en,Image enhancement using one or more neural networks,"The invention discloses image enhancement using one or more neural networks, and particularly provides devices, systems, and techniques for generating images to which one or more visual effects are applied. In at least one embodiment, one or more visual effects are applied to one or more images …",Nvidia Corporation,R·波托夫,2022-03-04,2021-09-02,2020-09-03,,CN114140333A,en,https://patents.google.com/patent/CN114140333A/en,https://patentimages.storage.googleapis.com/3d/6d/a8/6107d7b7d0804b/CN114140333A.pdf,Tier 3,International Fulfillment,Amazon,international shipping fulfillment,international shipping fulfillment,None (fallback)
patent/CN113781617A/en,Generate environments using one or more neural networks,"The present invention discloses generating environments using one or more neural networks, and in particular, proposes apparatus, systems and techniques for generating simulated environments. In at least one embodiment, one or more neural networks are used to generate a simulated environment based …",Nvidia Corporation,S·W·金,2021-12-10,2021-06-08,2020-06-10,,CN113781617A,en,https://patents.google.com/patent/CN113781617A/en,https://patentimages.storage.googleapis.com/fa/b7/13/6180fd610df24a/CN113781617A.pdf,Tier 3,International Fulfillment,Amazon,international shipping fulfillment,international shipping fulfillment,None (fallback)
patent/CN113893551A/en,Recommendation generation using one or more neural networks,"Recommendation generation using one or more neural networks is disclosed, in particular, apparatuses, systems, and techniques are presented for generating recommendations for players of a game. In at least one embodiment, one or more neural networks are used to generate one or more recommendations …",Nvidia Corporation,S·帕德什,2022-01-07,2021-06-17,2020-06-22,,CN113893551A,en,https://patents.google.com/patent/CN113893551A/en,https://patentimages.storage.googleapis.com/b1/6a/f6/726a97556ba4af/CN113893551A.pdf,Tier 3,International Fulfillment,Amazon,international shipping fulfillment,international shipping fulfillment,None (fallback)
patent/CN115004233A/en,Image generation using one or more neural networks,"Apparatus, systems, and techniques for generating image content are presented. In at least one embodiment, one or more first images are generated based at least in part on one or more changes from one or more second images determined for one or more fixed dither positions within one or more pixels …",Nvidia Corporation,B·斯卡尔雅克,2022-09-02,2021-07-15,2020-07-21,,CN115004233A,en,https://patents.google.com/patent/CN115004233A/en,https://patentimages.storage.googleapis.com/bd/e1/c2/f5b7c8c73d2358/CN115004233A.pdf,Tier 3,International Fulfillment,Amazon,international shipping fulfillment,international shipping fulfillment,None (fallback)
patent/CN116261746A/en,Image generation using one or more neural networks,"Apparatus, systems, and techniques are provided for generating one or more images including one or more objects based at least in part on one or more dynamically configurable attributes of the one or more objects. In at least one embodiment, one or more images including one or more objects may be …",Nvidia Corporation,聂维梨,2023-06-13,2022-07-01,2021-07-02,,CN116261746A,en,https://patents.google.com/patent/CN116261746A/en,https://patentimages.storage.googleapis.com/17/bb/73/84dc5cd626805b/CN116261746A.pdf,Tier 3,International Fulfillment,Amazon,international shipping fulfillment,international shipping fulfillment,None (fallback)
patent/DE102022126283A1/en,Non-volatile memory and interface,"Configurations for communication interfaces are disclosed. In at least one embodiment, a volatile memory bridge provides an interface between a server component and a control entity to receive and transmit a firmware configuration to the server component at boot time.",Nvidia Corporation,Aaron Richard Carkin,2023-04-27,2022-10-11,2021-10-25,,DE102022126283A1,en,https://patents.google.com/patent/DE102022126283A1/en,https://patentimages.storage.googleapis.com/ff/e0/d3/3a067526b9da25/DE102022126283A1.pdf,Tier 3,International Fulfillment,Amazon,international shipping fulfillment,international shipping fulfillment,None (fallback)
patent/DE102021100919A1/en,DETERMINING A 3D HAND POSE FROM A 2D IMAGE USING MACHINE LEARNING,"Devices, systems and techniques are described that determine the pose of a human hand from a 2D image. In at least one embodiment, the training of a neural network is expanded using weakly marked or unmarked pose data, which are supplemented with losses based on a model of a human hand.",Nvidia Corporation,Adrian Spurr,2021-07-29,2021-01-18,2020-01-24,,DE102021100919A1,en,https://patents.google.com/patent/DE102021100919A1/en,https://patentimages.storage.googleapis.com/af/20/21/d949e4bce10e37/DE102021100919A1.pdf,Tier 3,International Fulfillment,Amazon,international shipping fulfillment,international shipping fulfillment,None (fallback)
patent/DE102022109741A1/en,PHYSICAL SECURITY DEVICE FOR INTEGRATED CIRCUIT,"System that includes: a security module attached to an integrated circuit IC board mounted on the security module, the security module preventing access to the IC from at least three sides and having one or more contacts to allow data access allow onto the IC via the board. system after claim 1",Nvidia Corporation,Ryan Albright,2022-11-03,2022-04-22,2021-05-03,,DE102022109741A1,en,https://patents.google.com/patent/DE102022109741A1/en,https://patentimages.storage.googleapis.com/92/f1/a5/9e8128b48ec43c/DE102022109741A1.pdf,Tier 3,International Fulfillment,Amazon,international shipping fulfillment,international shipping fulfillment,None (fallback)
patent/GB2600245A/en,Predictive control using one or more neural networks,"Cooling a computer environment using one or more neural networks can be used to determine one or more temperature control settings associated with one or more servers 504, 512. The neural networks may predict a number of future temperature values at locations at future points in time 506, and the …",Nvidia Corporation,Heydari Ali,2022-04-27,2021-09-17,2020-09-17,,GB2600245A,en,https://patents.google.com/patent/GB2600245A/en,https://patentimages.storage.googleapis.com/6c/67/a9/74dd2c99b94d0e/GB2600245A.pdf,Tier 3,International Fulfillment,Amazon,international shipping fulfillment,international shipping fulfillment,None (fallback)
patent/CN114616574A/en,Neural Network Training Technology,"The present disclosure relates to devices, systems, and techniques for training one or more neural networks. In at least one embodiment, one or more neural networks are trained based at least in part on the inferential outputs from the one or more second neural networks.",Nvidia Corporation,禹之鼎,2022-06-10,2021-04-21,2020-04-27,,CN114616574A,en,https://patents.google.com/patent/CN114616574A/en,https://patentimages.storage.googleapis.com/25/26/38/295eec2ff1909e/CN114616574A.pdf,Tier 3,International Fulfillment,Amazon,international shipping fulfillment,international shipping fulfillment,None (fallback)
patent/WO2024097842A1/en,Routing in a gpu supercluster,Attorney Ref. No.: 088325-1396648 (361820PC) Client Ref. No.: ORC23136892-WO-PCT-3 (IaaS #595.C) ROUTING IN A GPU SUPERCLUSTER CROSS-REFERENCES TO RELATED APPLICATIONS [0001] The present application is a non-provisional of and claims the benefit of each of the following provisional applications.,Oracle International Corporation,Jagwinder Singh Brar,2024-05-10,2023-11-02,2022-11-04,,WO2024097842A1,en,https://patents.google.com/patent/WO2024097842A1/en,https://patentimages.storage.googleapis.com/a8/00/e7/11361445b7032c/WO2024097842A1.pdf,Tier 3,International Fulfillment,Amazon,international shipping fulfillment,international shipping fulfillment,None (fallback)
patent/CN114631097A/en,Generating images using one or more neural networks,"Apparatus, systems, and techniques for generating image or video content are described. In at least one embodiment, one or more neural networks are used to generate one or more time-lapse images of the second object based at least in part on the one or more images of the first object.",Nvidia Corporation,S·帕德什,2022-06-14,2021-07-07,2020-07-08,,CN114631097A,en,https://patents.google.com/patent/CN114631097A/en,https://patentimages.storage.googleapis.com/1c/96/24/9072a93a6239c9/CN114631097A.pdf,Tier 3,International Fulfillment,Amazon,international shipping fulfillment,international shipping fulfillment,None (fallback)
patent/WO2023244357A1/en,Implementing communications within a container environment,Techniques are described for implementing a container environment where each pod within the container environment is provided with a unique IP address and a virtual communication device such as an IPvlan device. Communications from source pods are directly routed to destination pods within the …,Oracle International Corporation,Trung Nguyen,2023-12-21,2023-05-10,2022-06-17,,WO2023244357A1,en,https://patents.google.com/patent/WO2023244357A1/en,https://patentimages.storage.googleapis.com/29/42/41/e9aff062899070/WO2023244357A1.pdf,Tier 3,International Fulfillment,Amazon,international shipping fulfillment,international shipping fulfillment,None (fallback)
patent/CN115552473A/en,Ray Traced Light Resampling Using Screen Space Visibility,"Apparatus, systems, and techniques for rendering images. In at least one embodiment, at least one visibility parameter determined for a first image region is reused for a different second image region that is adjacent (e.g., spatially and/or temporally) to the first image region.",Nvidia Corporation,A·Y·潘捷列耶夫,2022-12-30,2022-04-05,2021-04-12,,CN115552473A,en,https://patents.google.com/patent/CN115552473A/en,https://patentimages.storage.googleapis.com/b9/7f/71/097670b6ee7f5f/CN115552473A.pdf,Tier 3,International Fulfillment,Amazon,international shipping fulfillment,international shipping fulfillment,None (fallback)
patent/CN114258549A/en,Generate images using one or more neural networks,"Apparatus, systems and techniques for generating image or video content are presented. In at least one embodiment, one or more neural networks are used to add one or more first objects to an image including one or more second objects, wherein one or more of the first objects in the image One or …",Nvidia Corporation,S·帕德什,2022-03-29,2021-07-06,2020-07-07,,CN114258549A,en,https://patents.google.com/patent/CN114258549A/en,https://patentimages.storage.googleapis.com/74/12/18/369a099c15e2f9/CN114258549A.pdf,Tier 3,International Fulfillment,Amazon,international shipping fulfillment,international shipping fulfillment,None (fallback)
patent/DE102022130749A1/en,TEXT CLASSIFICATION USING ONE OR MORE NEURAL NETWORKS,"Devices, systems and techniques are presented to generate one or more images. In at least one embodiment, one or more neural networks are used to generate information about a computer program based at least in part on unannotated user feedback.",Nvidia Corporation,Neilesh Chorakhalikar,2023-05-25,2022-11-21,2021-11-24,,DE102022130749A1,en,https://patents.google.com/patent/DE102022130749A1/en,https://patentimages.storage.googleapis.com/cd/1b/79/3d9d80d4ce141b/DE102022130749A1.pdf,Tier 3,International Fulfillment,Amazon,international shipping fulfillment,international shipping fulfillment,None (fallback)
patent/DE102022132008A1/en,ASYNCHRONE MEMORY DEALLOCATION,"Apparatus, systems and techniques for allocating processor memory. In at least one embodiment, an application programming interface is used to execute instructions to asynchronously deallocate memory locations from processors.",Nvidia Corporation,Vivek Belve Kini,2023-06-15,2022-12-02,2021-12-09,,DE102022132008A1,en,https://patents.google.com/patent/DE102022132008A1/en,https://patentimages.storage.googleapis.com/17/09/7b/b34e6a88ba3b4d/DE102022132008A1.pdf,Tier 3,International Fulfillment,Amazon,international shipping fulfillment,international shipping fulfillment,None (fallback)
patent/DE112021005444T5/en,INTELLIGENT POWER AND COOLANT DISTRIBUTION UNIT FOR COOLING SYSTEMS IN DATA …,"Systems and methods for cooling a data center are disclosed. In at least one embodiment, an integrated power and coolant distribution unit (PCDU) includes control logic to cause at least one power controller to provide a power response or to cause at least one flow controller to provide a coolant …",Nvidia Corporation,Ali Heydari,2023-09-14,2021-10-12,2020-10-13,,DE112021005444T5,en,https://patents.google.com/patent/DE112021005444T5/en,https://patentimages.storage.googleapis.com/50/8d/88/be53323c304b67/DE112021005444T5.pdf,Tier 3,International Fulfillment,Amazon,international shipping fulfillment,international shipping fulfillment,None (fallback)
patent/DE102022129436A1/en,Image generation with one or more neural networks,"Devices, systems and methods are presented to generate one or more images. In at least one embodiment, one or more neural networks are used to generate one or more images based at least in part on one or more noise values.",Nvidia Corporation,Xun Huang,2023-05-17,2022-11-08,2021-11-12,,DE102022129436A1,en,https://patents.google.com/patent/DE102022129436A1/en,https://patentimages.storage.googleapis.com/9c/89/84/0e39742ae1d7e3/DE102022129436A1.pdf,Tier 3,International Fulfillment,Amazon,international shipping fulfillment,international shipping fulfillment,None (fallback)
patent/US20240015183A1/en,Deception-based firewall enhancement,"Apparatuses, systems, and techniques to deceive a sender of a communication and optionally use that deception to gather data associated with the sender and/or the communication.",Nvidia Corporation,Shirish Bahirat,2024-01-11,2022-07-11,2022-07-11,,US20240015183A1,en,https://patents.google.com/patent/US20240015183A1/en,https://patentimages.storage.googleapis.com/8f/c6/8e/11b846ee0ce8d3/US20240015183A1.pdf,Tier 3,International Fulfillment,Amazon,international shipping fulfillment,international shipping fulfillment,None (fallback)
patent/GB2609083A/en,Intelligent testing system using datacenter cooling systems,"A method for testing computing devices in a data centre with a cooling system applies different electronic and cooling stresses to the devices and measures their performance against predetermined benchmarks. The tests may be burn-in tests, run-in tests, on-going reliability tests, highly …",Nvidia Corporation,Heydari Ali,2023-01-25,2022-05-27,2021-05-28,,GB2609083A,en,https://patents.google.com/patent/GB2609083A/en,https://patentimages.storage.googleapis.com/20/72/fe/7883810fa8bf79/GB2609083A.pdf,Tier 3,International Fulfillment,Amazon,international shipping fulfillment,international shipping fulfillment,None (fallback)
patent/CN116194955A/en,Volumetric image segmentation using one or more neural networks,"Apparatus, systems and techniques for predicting annotations of objects in images. In at least one embodiment, one or more neural networks are used to help generate one or more segmentation boundaries of one or more objects within one or more digital images, wherein the one or more A neural …",Nvidia Corporation,A·哈塔米扎德,2023-05-30,2022-07-13,2021-07-13,,CN116194955A,en,https://patents.google.com/patent/CN116194955A/en,https://patentimages.storage.googleapis.com/96/fb/e3/060c3d3c4d5db9/CN116194955A.pdf,Tier 3,International Fulfillment,Amazon,international shipping fulfillment,international shipping fulfillment,None (fallback)
patent/GB2600248A/en,Heat recovery for datacenter cooling systems,A heat recovery system for datacenter cooling system comprises an absorption chiller 250. The chiller comprises a generator vessel 252 to remove heat from fluid used to cool at least one computing component of the datacenter. The generator vessel may be maintained at a pressure lower than …,Nvidia Corporation,Heydari Ali,2022-04-27,2021-09-24,2020-09-25,,GB2600248A,en,https://patents.google.com/patent/GB2600248A/en,https://patentimages.storage.googleapis.com/09/db/04/72904010d66d5c/GB2600248A.pdf,Tier 3,International Fulfillment,Amazon,international shipping fulfillment,international shipping fulfillment,None (fallback)
patent/DE102022114520A1/en,PIXEL BLENDING FOR IMAGE GENERATION BASED ON NEURAL NETWORKS,"Apparatus, systems, and techniques are presented for generating one or more images. In at least one embodiment, two or more pixels from two or more images are blended based at least in part on a distance of the two or more pixels from an area of the two or more images where the pixel colors are …",Nvidia Corporation,Robert Pottorff,2022-12-22,2022-06-09,2021-06-18,,DE102022114520A1,en,https://patents.google.com/patent/DE102022114520A1/en,https://patentimages.storage.googleapis.com/8f/0c/96/9058212f68f09b/DE102022114520A1.pdf,Tier 3,International Fulfillment,Amazon,international shipping fulfillment,international shipping fulfillment,None (fallback)
patent/CN116806340A/en,Determine one or more neural networks for object classification,"Apparatuses, systems, and techniques for selecting a neural network are presented. In at least one embodiment, one or more first neural networks may be used to select one or more second neural networks, as inferences to be generated by the one or more second neural networks may be based at least …",Nvidia Corporation,杨栋,2023-09-26,2022-08-24,2021-08-27,,CN116806340A,en,https://patents.google.com/patent/CN116806340A/en,https://patentimages.storage.googleapis.com/7c/f6/db/65234d9ef80c81/CN116806340A.pdf,Tier 3,International Fulfillment,Amazon,international shipping fulfillment,international shipping fulfillment,None (fallback)
patent/GB2612662A/en,Intelligent refrigerant distribution unit for datacenter cooling systems,"Systems cooling a datacenter in at least one embodiment, a refrigerant distribution unit (RDU) 424 distributes first refrigerant from a refrigerant reservoir 438 to one or more cold plates to extract heat from at least one computing device and also interfaces between a first refrigerant cooling …",Nvidia Corporation,Heydari Ali,2023-05-10,2022-05-12,2021-05-12,,GB2612662A,en,https://patents.google.com/patent/GB2612662A/en,https://patentimages.storage.googleapis.com/89/8a/00/f85088ace19fc2/GB2612662A.pdf,Tier 3,International Fulfillment,Amazon,international shipping fulfillment,international shipping fulfillment,None (fallback)
patent/WO2022225888A1/en,Energy efficient liquid-cooled datacenters,"Systems and methods for operating a datacenter are disclosed. In at least one embodiment, a power delivery system includes one or more fuel cells to provide a source of electrical power for a datacenter, where waste heat produced by a fuel cell is to be captured and provided to an absorption …",Nvidia Corporation,Ali Heydari,2022-10-27,2022-04-19,2021-04-22,,WO2022225888A1,en,https://patents.google.com/patent/WO2022225888A1/en,https://patentimages.storage.googleapis.com/fc/f7/42/986f3d81e408ef/WO2022225888A1.pdf,Tier 3,International Fulfillment,Amazon,international shipping fulfillment,international shipping fulfillment,None (fallback)
patent/CN116583875A/en,Object Tracking Using Optical Flow,"Apparatuses, systems and techniques are presented for tracking objects represented in image or video data. In at least one embodiment, motion of the one or more objects within the plurality of digital images is determined based at least in part on flow information corresponding to the one or more …",Nvidia Corporation,A·马哈拉纳,2023-08-11,2022-04-21,2021-04-30,,CN116583875A,en,https://patents.google.com/patent/CN116583875A/en,https://patentimages.storage.googleapis.com/f9/2f/b4/d26097c14ec4f0/CN116583875A.pdf,Tier 3,International Fulfillment,Amazon,international shipping fulfillment,international shipping fulfillment,None (fallback)
patent/DE102022101173A1/en,Intelligent rear door heat exchanger for local cooling loops in a data center …,"Systems and methods for cooling a data center are disclosed. In at least one embodiment, a liquid-to-liquid heat exchanger associated with a rear door of a rack exchanges heat between a primary coolant associated with a refrigeration system and a secondary coolant or liquid associated with a …",Nvidia Corporation,Ali Heydari,2022-07-28,2022-01-19,2021-01-22,,DE102022101173A1,en,https://patents.google.com/patent/DE102022101173A1/en,https://patentimages.storage.googleapis.com/64/8a/84/f002714c5099df/DE102022101173A1.pdf,Tier 3,International Fulfillment,Amazon,international shipping fulfillment,international shipping fulfillment,None (fallback)
patent/US20250240933A1/en,Parallel refrigerant cooling in datacenter cooling systems,Systems and methods for cooling a datacenter are disclosed. A datacenter cooling system includes one or more flow controllers to distribute equal ratios of a liquid phase of refrigerant relative to a vapor phase of refrigerant to cold plates along a plurality of parallel refrigerant paths.,Nvidia Corporation,Ali Heydari,2025-07-24,2025-04-14,2021-10-25,,US20250240933A1,en,https://patents.google.com/patent/US20250240933A1/en,,Tier 3,International Fulfillment,Amazon,international shipping fulfillment,international shipping fulfillment,None (fallback)
patent/DE102022131119A1/en,TEMPORAL BLEND USING ONE OR MORE NEURAL NETWORKS,"Devices, systems and techniques for reconstructing one or more images are presented. In at least one embodiment, one or more objects are caused to be generated in an image based at least in part on applying one or more offsets to movement of the one or more objects relative to one or more previous …",Nvidia Corporation,Gregory MASSAL,2023-06-07,2022-11-24,2021-12-03,,DE102022131119A1,en,https://patents.google.com/patent/DE102022131119A1/en,https://patentimages.storage.googleapis.com/ae/89/92/f60eed1ab6d420/DE102022131119A1.pdf,Tier 3,International Fulfillment,Amazon,international shipping fulfillment,international shipping fulfillment,None (fallback)
patent/CN114981777A/en,Techniques for Power Balancing Multiple Chips,"Apparatus, systems, and techniques to power balance multiple chips. In at least one embodiment, a system includes multiple processors having substantially the same performance capabilities and different power consumption capabilities, wherein if each processor is operating at substantially peak …",Nvidia Corporation,J·M·阿尔本,2022-08-30,2021-10-07,2020-10-12,,CN114981777A,en,https://patents.google.com/patent/CN114981777A/en,https://patentimages.storage.googleapis.com/84/d8/b4/37dea3a0bee6fc/CN114981777A.pdf,Tier 3,International Fulfillment,Amazon,international shipping fulfillment,international shipping fulfillment,None (fallback)
patent/DE102022120997A1/en,PREDICTIVE COLOR IMAGE PROCESSING,"Devices, systems and techniques for processing image data. In at least one embodiment, a neural network is trained to enable performance of two-dimensional image data obtained from an image sensor.",Nvidia Corporation,Gopal Triplicane Venkatesan,2023-03-02,2022-08-19,2021-08-31,,DE102022120997A1,en,https://patents.google.com/patent/DE102022120997A1/en,https://patentimages.storage.googleapis.com/4c/1b/2c/3b4f105adeeb37/DE102022120997A1.pdf,Tier 3,International Fulfillment,Amazon,international shipping fulfillment,international shipping fulfillment,None (fallback)
patent/DE102021128962A1/en,PICTURE MIXING USING ONE OR MORE NEURAL NETWORKS,"Devices, systems and techniques are presented for reconstructing one or more images. In at least one embodiment, one or more neural networks are used to determine one or more blend weights for the one or more images based at least in part on one or more pixel value masks for the one or more images …",Nvidia Corporation,Shiqiu Liu,2022-05-12,2021-11-08,2020-11-11,,DE102021128962A1,en,https://patents.google.com/patent/DE102021128962A1/en,https://patentimages.storage.googleapis.com/f9/55/91/1733a2bc25d1e0/DE102021128962A1.pdf,Tier 3,International Fulfillment,Amazon,international shipping fulfillment,international shipping fulfillment,None (fallback)
patent/CN115552453A/en,Image generation using one or more neural networks,"Devices, systems and techniques for generating images are presented. In at least one embodiment, at least a first optical flow network OFN and at least a first reconstruction network RN may be used to generate one or more images based at least in part on OFN and RN using a shared loss function.",Nvidia Corporation,B·沙克利特,2022-12-30,2021-09-30,2020-10-01,,CN115552453A,en,https://patents.google.com/patent/CN115552453A/en,https://patentimages.storage.googleapis.com/07/2d/5e/2d1c4687a0c992/CN115552453A.pdf,Tier 3,International Fulfillment,Amazon,international shipping fulfillment,international shipping fulfillment,None (fallback)
patent/GB2618215A/en,Intelligent and redundant liquid-cooled cooling loop for datacenter cooling …,"A datacentre cooling system 402 comprising a second cooling loop to cool one or more computing devices in response to a first cooling loop failing to provide adequate cooling. Optionally, the second cooling loop has its own fluid source 420, a liquid-to-liquid heat exchanger 430, a flow controller …",Nvidia Corporation,Heydari Ali,2023-11-01,2021-11-30,2020-11-30,,GB2618215A,en,https://patents.google.com/patent/GB2618215A/en,https://patentimages.storage.googleapis.com/94/cb/ec/65df74e853a32b/GB2618215A.pdf,Tier 3,International Fulfillment,Amazon,international shipping fulfillment,international shipping fulfillment,None (fallback)
patent/GB2603290A/en,Intelligent swappable modular unit for local cooling loops in a datacenter …,"A swappable or hot-swappable modular unit 340 for cooling a datacentre, having a liquid-to-air heat exchanger 344, a variable speed fan 342, and at least one flow controller 356A, 356B to pass fluid through microchannels 264, 270 of a cold plate 326. The fluid extracts heat from at least one …",Nvidia Corporation,Heydari Ali,2022-08-03,2021-12-22,2020-12-30,,GB2603290A,en,https://patents.google.com/patent/GB2603290A/en,https://patentimages.storage.googleapis.com/02/c4/cd/970b977c03b369/GB2603290A.pdf,Tier 3,International Fulfillment,Amazon,international shipping fulfillment,international shipping fulfillment,None (fallback)
patent/DE102022127047A1/en,VIEW GENERATION USING ONE OR MORE NEURAL NETWORKS,"Apparatus, systems and methods for generating one or more images are presented. In at least one embodiment, one or more neural networks are used to generate one or more images of one or more objects in two or more poses from two or more different viewpoints.",Nvidia Corporation,Orazio Gallo,2023-05-04,2022-10-17,2021-10-29,,DE102022127047A1,en,https://patents.google.com/patent/DE102022127047A1/en,https://patentimages.storage.googleapis.com/7b/3f/0b/8689b49c46da20/DE102022127047A1.pdf,Tier 3,International Fulfillment,Amazon,international shipping fulfillment,international shipping fulfillment,None (fallback)
patent/US20220413572A1/en,Hybrid cooling systems for datacenters,"Systems and methods for operating a datacenter are disclosed. In at least one embodiment, hybrid cooling unit is disclosed wherein an evaporative cooler is to provide a source of cooled air and a liquid heat exchanger is to provide a source of cooled liquid for cooling one or more electronic …",Nvidia Corporation,Ali Heydari,2022-12-29,2021-06-24,2021-06-24,,US20220413572A1,en,https://patents.google.com/patent/US20220413572A1/en,https://patentimages.storage.googleapis.com/50/80/c3/fc1383474f625b/US20220413572A1.pdf,Tier 3,International Fulfillment,Amazon,international shipping fulfillment,international shipping fulfillment,None (fallback)
patent/WO2022225709A1/en,Quick disconnect blind-mate manifold,"Configurations for cooling systems are disclosed. In at least one embodiment, a fluid manifold is positioned to couple directly to one or more liquid-cooled server connections to form a connection when the liquid-cooled server is in an installed position within a server rack.",Nvidia Corporation,Ali Heydari,2022-10-27,2022-04-06,2021-04-20,,WO2022225709A1,en,https://patents.google.com/patent/WO2022225709A1/en,https://patentimages.storage.googleapis.com/4c/f3/c1/c37f1f516922e9/WO2022225709A1.pdf,Tier 3,International Fulfillment,Amazon,international shipping fulfillment,international shipping fulfillment,None (fallback)
patent/GB2607443A/en,Intelligent leak sensor system for datacenter cooling systems,"Cooling for a datacenter, comprising a sensor string 374A, B associated with a first fluid line 346A having a first flow controller 362A and with a second fluid line having a second flow controller 362B, such that the sensor string is enabled to maintain electrical connectivity there through by a …",Nvidia Corporation,Heydari Ali,2022-12-07,2022-05-11,2021-05-12,,GB2607443A,en,https://patents.google.com/patent/GB2607443A/en,https://patentimages.storage.googleapis.com/7e/52/db/ca78e47564940f/GB2607443A.pdf,Tier 3,International Fulfillment,Amazon,international shipping fulfillment,international shipping fulfillment,None (fallback)
patent/US20230281069A1/en,Health monitoring in secure data centers,"Apparatuses, systems, and methods to perform diagnostic evaluation of data center data. In at least one embodiment, one or more processors determine one or more diagnostic results based, at least in part, on a trained application model to receive homomorphically encrypted log data and to execute …",Nvidia Corporation,Benjamin Goska,2023-09-07,2022-02-24,2022-02-24,,US20230281069A1,en,https://patents.google.com/patent/US20230281069A1/en,https://patentimages.storage.googleapis.com/13/63/25/eda87ecad57af7/US20230281069A1.pdf,Tier 3,International Fulfillment,Amazon,international shipping fulfillment,international shipping fulfillment,None (fallback)
patent/US20240061388A1/en,Training maintenance scenarios though environment simulation,"A virtual representation of a physical environment can be generated through simulation, which can include one or more virtual agents to represent robots, or at least semi-automated devices, that can operate and perform various tasks in the physical environment. Various component failures, or other …",Nvidia Corporation,Siddha Ganju,2024-02-22,2022-08-16,2022-08-16,,US20240061388A1,en,https://patents.google.com/patent/US20240061388A1/en,https://patentimages.storage.googleapis.com/d6/b2/06/036a52de45184c/US20240061388A1.pdf,Tier 3,International Fulfillment,Amazon,international shipping fulfillment,international shipping fulfillment,None (fallback)
patent/DE102022118682A1/en,CABLE IDENTIFICATION AND GUIDED CONNECTIONS,"Configurations for rack connection systems are disclosed. In at least one embodiment, installation locations for one or more cables are determined and one or more indicators corresponding to installation locations are activated.",Nvidia Corporation,Ryan Albright,2023-02-16,2022-07-26,2021-08-10,,DE102022118682A1,en,https://patents.google.com/patent/DE102022118682A1/en,https://patentimages.storage.googleapis.com/f4/4c/e3/155cab16d3dffb/DE102022118682A1.pdf,Tier 3,International Fulfillment,Amazon,international shipping fulfillment,international shipping fulfillment,None (fallback)
patent/GB2609074A/en,Intelligent refrigerant-to-refrigerant heat exchanger for datacenter cooling …,"Systems for cooling a datacenter, in at least one embodiment, a refrigerant-to-refrigerant heat exchanger (R2RHX) 432 interfaces between a first refrigerant cooling loop and a second refrigerant cooling loop 434 to enable transfer of heat from a cold plate (within racks 404) of a first refrigerant …",Nvidia Corporation,Heydari Ali,2023-01-25,2022-05-11,2021-05-12,,GB2609074A,en,https://patents.google.com/patent/GB2609074A/en,https://patentimages.storage.googleapis.com/37/1e/49/f110073c7bec16/GB2609074A.pdf,Tier 3,International Fulfillment,Amazon,international shipping fulfillment,international shipping fulfillment,None (fallback)
patent/DE102022129439A1/en,Generating images of an object movement using one or more neural networks,"Devices, systems and methods are presented in order to reconstruct one or more images. In at least one embodiment, one or more neural networks are used to generate one or more images of one or more objects based at least in part on input indicative of movement of the one or more objects.",Nvidia Corporation,Ting-Chun Wang,2023-05-11,2022-11-08,2021-11-09,,DE102022129439A1,en,https://patents.google.com/patent/DE102022129439A1/en,https://patentimages.storage.googleapis.com/c7/61/14/7fcd172402cd99/DE102022129439A1.pdf,Tier 3,International Fulfillment,Amazon,international shipping fulfillment,international shipping fulfillment,None (fallback)
patent/WO2022225767A1/en,Intelligent thermosyphon system for datacenter cooling systems,"Systems and methods for cooling a datacenter are disclosed. In at least one embodiment, one or more flow controllers is associated with a cold plate and with a thermosyphon condenser that is elevated with respect to a cold plate so that two-phase fluid is enabled for gravity-assisted downflow in a …",Nvidia Corporation,Ali Heydari,2022-10-27,2022-04-13,2021-04-23,,WO2022225767A1,en,https://patents.google.com/patent/WO2022225767A1/en,https://patentimages.storage.googleapis.com/cc/28/d9/1da8e6af27ea8a/WO2022225767A1.pdf,Tier 3,International Fulfillment,Amazon,international shipping fulfillment,international shipping fulfillment,None (fallback)
patent/US20240094796A1/en,Techniques to modify processor performance,"Apparatuses, systems, and techniques to optimize performance of a processor group. In at least one embodiment, a method increases a processor's clock frequency based, at least in part, on performance of other processors in a group.",Nvidia Corporation,Sreedhar Narayanaswamy,2024-03-21,2022-06-10,2022-06-10,,US20240094796A1,en,https://patents.google.com/patent/US20240094796A1/en,https://patentimages.storage.googleapis.com/84/4f/2c/641b25a3ec9624/US20240094796A1.pdf,Tier 3,International Fulfillment,Amazon,international shipping fulfillment,international shipping fulfillment,None (fallback)
patent/DE112022002852T5/en,IMAGE ANNOUNCEMENT USING ONE OR MORE NEURONAL NETWORKS,"Apparatus, systems and methods for predicting annotations for objects in images are presented. In at least one embodiment, boundaries of an object within an image may be identified based at least in part on a user-generated sketch of only a portion of that object or user-provided information about …",Nvidia Corporation,Ziyue Xu,2024-03-28,2022-07-13,2021-07-13,,DE112022002852T5,en,https://patents.google.com/patent/DE112022002852T5/en,https://patentimages.storage.googleapis.com/b9/10/a7/e86c99ee0fcf34/DE112022002852T5.pdf,Tier 3,International Fulfillment,Amazon,international shipping fulfillment,international shipping fulfillment,None (fallback)
patent/CN118077002A/en,Synthesize video from audio using one or more neural networks,"Apparatuses, systems, and techniques for generating media content are presented. In at least one embodiment, the first neural network is to generate first video information based at least in part on speech information corresponding to one or more users, and the second neural network is to generate …",Nvidia Corporation,刘洺堉,2024-05-24,2022-07-21,2021-07-21,,CN118077002A,en,https://patents.google.com/patent/CN118077002A/en,https://patentimages.storage.googleapis.com/8f/34/35/f882d849bb3a9d/CN118077002A.pdf,Tier 3,International Fulfillment,Amazon,international shipping fulfillment,international shipping fulfillment,None (fallback)
patent/CN116091296A/en,Image upsampling using one or more neural networks,"The present disclosure relates to image upsampling using one or more neural networks. The present disclosure provides apparatus, systems, and techniques for reconstructing one or more images. In at least one embodiment, one or more neural networks are used to upsample one or more images based at …",Nvidia Corporation,L·科恩,2023-05-09,2022-10-28,2021-10-29,,CN116091296A,en,https://patents.google.com/patent/CN116091296A/en,https://patentimages.storage.googleapis.com/43/93/e2/fbc2dedc1cc803/CN116091296A.pdf,Tier 3,International Fulfillment,Amazon,international shipping fulfillment,international shipping fulfillment,None (fallback)
patent/GB2606822A/en,Intelligent two-phase refrigerant-to-air heat exchanger for datacenter cooling …,A datacenter cooling system comprises: a refrigerant-to-air (R2A) heat exchanger 364 interfaced with at least one cold plate 326 to absorb heat from at least one computing device 324 using a two-phase fluid and is interfaced with a compressor 362 or condensing unit that causes dissipation of at …,Nvidia Corporation,Heydari Ali,2022-11-23,2022-02-18,2021-02-18,,GB2606822A,en,https://patents.google.com/patent/GB2606822A/en,https://patentimages.storage.googleapis.com/7d/91/3c/ad3adacc0fd09b/GB2606822A.pdf,Tier 3,International Fulfillment,Amazon,international shipping fulfillment,international shipping fulfillment,None (fallback)
patent/US20220346285A1/en,Intelligent in-rack pump or compressor unit for datacenter cooling systems,"Systems and methods for cooling a datacenter are disclosed. In at least one embodiment, a control unit within a rack has a pump or compressor unit to cause two-phase fluid to circulate through a cold plate associated with a computing device and to circulate through a heat exchanger associated with …",Nvidia Corporation,Ali Heydari,2022-10-27,2021-04-23,2021-04-23,,US20220346285A1,en,https://patents.google.com/patent/US20220346285A1/en,https://patentimages.storage.googleapis.com/f3/fe/3a/fb5b33b4ff8c84/US20220346285A1.pdf,Tier 3,International Fulfillment,Amazon,international shipping fulfillment,international shipping fulfillment,None (fallback)
patent/US11194761B2/en,Optimizing utilization of a tablespace for exporting from a foreign database …,"Systems and methods to optimize utilization of a tablespace for export from a native database recovery environment are described. The system receives a database from a source host, operating in a native database recovery environment, at a backup host operating in a foreign database recovery …","Rubrik, Inc.",Snehal Arvind Khandkar,2021-12-07,2020-01-30,2020-01-30,2021-12-07,US11194761B2,en,https://patents.google.com/patent/US11194761B2/en,https://patentimages.storage.googleapis.com/9a/45/84/02c6b91680b705/US11194761.pdf,Tier 3,International Fulfillment,Amazon,international shipping fulfillment,international shipping fulfillment,None (fallback)
patent/US12229909B2/en,Method and system for display of an electronic representation of physical …,"A method is provided for displaying an augmented reality (AR) representation of physical effects and property damage resulting from a parametric earthquake event. The method includes scanning, using one or more sensors of a user device, a scene in proximity to a user. The method also includes …","Normanmax Insurance Holdings, Inc.",Bradley I. Meier,2025-02-18,2023-11-17,2021-02-23,2025-02-18,US12229909B2,en,https://patents.google.com/patent/US12229909B2/en,https://patentimages.storage.googleapis.com/2b/dd/30/70d86ef44b080d/US12229909.pdf,Tier 3,International Fulfillment,Amazon,international shipping fulfillment,international shipping fulfillment,None (fallback)
patent/DE102022112581A1/en,SYNTHETICIZATION OF VIDEO FROM AUDIO USING ONE OR MORE NEURAL NETWORKS,"Devices, systems and techniques are presented for reducing an amount of data to be transmitted for media content. In at least one embodiment, one or more neural networks are used to generate video and audio information corresponding to one or more individuals based at least in part on at least one …",Nvidia Corporation,Ming-Yu Liu,2022-11-24,2022-05-19,2021-05-20,,DE102022112581A1,en,https://patents.google.com/patent/DE102022112581A1/en,https://patentimages.storage.googleapis.com/12/a4/8a/b98007a5a53a93/DE102022112581A1.pdf,Tier 3,International Fulfillment,Amazon,international shipping fulfillment,international shipping fulfillment,None (fallback)
patent/US20240268085A1/en,Intelligent and dynamic cold plate for datacenter cooling systems,"Systems and methods for cooling a datacenter are disclosed. In at least one embodiment, fins are provided within a cold plate and are adjustable to control an amount of surface area of the fins to be exposed to a fluid and to be cooled by the fluid based, at least in part, upon a temperature …",Nvidia Corporation,Ali Heydari,2024-08-08,2024-04-08,2021-02-18,,US20240268085A1,en,https://patents.google.com/patent/US20240268085A1/en,https://patentimages.storage.googleapis.com/d9/ac/0b/43e49ace36e328/US20240268085A1.pdf,Tier 3,International Fulfillment,Amazon,international shipping fulfillment,international shipping fulfillment,None (fallback)
patent/US20210240660A1/en,Utilizing a tablespace to export from a foreign database recovery environment,Systems and methods for utilizing tablespace to export from a foreign database recovery environment are described. The system includes a backup host that operates in a foreign database recovery environment and receives a database from a source host operating in a native database recovery …,"Rubrik, Inc.",Snehal Arvind Khandkar,2021-08-05,2020-01-30,2020-01-30,,US20210240660A1,en,https://patents.google.com/patent/US20210240660A1/en,https://patentimages.storage.googleapis.com/3c/7d/5c/403d7af02f531e/US20210240660A1.pdf,Tier 3,International Fulfillment,Amazon,international shipping fulfillment,international shipping fulfillment,None (fallback)
patent/US20230380116A1/en,Intelligent dual purpose heat exchanger and fan wall for a datacenter cooling …,"Systems and methods for cooling a datacenter are disclosed. In at least one embodiment, system includes one or more processors to use one or more neural networks to control a direction of air flow caused by one or more fans to cool a coolant circulating within a liquid-to-air heat exchanger or to …",Nvidia Corporation,Ali Heydari,2023-11-23,2023-08-02,2021-01-14,,US20230380116A1,en,https://patents.google.com/patent/US20230380116A1/en,https://patentimages.storage.googleapis.com/f7/2c/dd/3068af00243f6f/US20230380116A1.pdf,Tier 3,International Fulfillment,Amazon,international shipping fulfillment,international shipping fulfillment,None (fallback)
patent/KR20250078847A/en,Generating image blending weights,"Devices, systems, and techniques for reconstructing one or more images are presented. In at least one embodiment, one or more anisotropic filters are used to determine one or more pixel mixing weights.",Nvidia Corporation,페카 자니스,2025-06-04,2025-05-19,2021-12-29,,KR20250078847A,en,https://patents.google.com/patent/KR20250078847A/en,https://patentimages.storage.googleapis.com/97/c0/12/6e20d344588b78/KR20250078847A.pdf,Tier 3,International Fulfillment,Amazon,international shipping fulfillment,international shipping fulfillment,None (fallback)
patent/CN116309208A/en,Image blending using one or more neural networks,"The present disclosure relates to image blending using one or more neural networks. Apparatuses, systems and techniques for reconstructing one or more images are presented. In at least one embodiment, one or more circuits are used to adjust one or more pixel blending weights using one or more …",Nvidia Corporation,P·卡斯凯拉,2023-06-23,2022-11-23,2021-12-20,,CN116309208A,en,https://patents.google.com/patent/CN116309208A/en,https://patentimages.storage.googleapis.com/1f/b7/1b/601ff0bc23073c/CN116309208A.pdf,Tier 3,International Fulfillment,Amazon,international shipping fulfillment,international shipping fulfillment,None (fallback)
patent/GB2605867A/en,Intelligent refrigerant-assisted liquid-to-air heat exchanger for datacenter …,A datacentre cooling system having: a liquid-to-air heat exchanger 340 mounted with a fan wall 338 and also provided with a refrigeration section 368 which is connected to a refrigerant-based cooling system. The heat exchanger using air cooling and refrigerant-liquid cooling to cool a secondary …,Nvidia Corporation,Heydari Ali,2022-10-19,2022-01-27,2021-01-27,,GB2605867A,en,https://patents.google.com/patent/GB2605867A/en,https://patentimages.storage.googleapis.com/6a/b9/d4/cf6bc1c4fedc9b/GB2605867A.pdf,Tier 3,International Fulfillment,Amazon,international shipping fulfillment,international shipping fulfillment,None (fallback)
patent/CN118043773A/en,Operating on matrix operands without restriction of storage locations of the …,"Devices, systems, and techniques for transforming data in memory for deep learning operations. In at least one embodiment, a compiler inserts one or more data transformations into a software program to transform one or more data elements arbitrarily arranged in memory and improve the performance …",Nvidia Corporation,R·阿加沃尔,2024-05-14,2023-01-13,2022-01-14,,CN118043773A,en,https://patents.google.com/patent/CN118043773A/en,https://patentimages.storage.googleapis.com/a6/ad/09/d92a70c03cd8af/CN118043773A.pdf,Tier 3,International Fulfillment,Amazon,international shipping fulfillment,international shipping fulfillment,None (fallback)
patent/US20160001187A1/en,Multi-platform system and methods,"Examples disclosed herein relate to a system, device, and/or method that utilize a first gaming platform, a second gaming platform, and an interface module which allows for an implementation of a game via the first gaming platform and the second gaming platform.",Trendy Entertainment,Brys Sepulveda,2016-01-07,2015-06-26,2014-07-04,,US20160001187A1,en,https://patents.google.com/patent/US20160001187A1/en,https://patentimages.storage.googleapis.com/d0/ea/b3/7dc184469ea441/US20160001187A1.pdf,Tier 3,International Fulfillment,Amazon,international shipping fulfillment,international shipping fulfillment,None (fallback)
patent/CN115244583A/en,Generating a three-dimensional model of motion using motion migration,"Apparatus, systems, and techniques for generating an image of a first object positioned in a pose demonstrated by an image of a second object. In at least one embodiment, the image of the first object can be generated from various viewpoints.",Nvidia Corporation,刘洺堉,2022-10-25,2020-12-24,2020-12-24,,CN115244583A,en,https://patents.google.com/patent/CN115244583A/en,https://patentimages.storage.googleapis.com/a2/76/ab/0d280acb5a298e/CN115244583A.pdf,Tier 3,International Fulfillment,Amazon,international shipping fulfillment,international shipping fulfillment,None (fallback)
patent/US12001480B2/en,System and method of creating different relationships between various entities …,A system and method for determining the extent of beneficial ownership of a target business by populating a database structure wherein businesses and ownership relationships between the business are represented by nodes and links. Steps include querying the database to establish the related …,The Dun And Bradstreet Corporation,Stuart SWINDELL,2024-06-04,2021-12-06,2017-02-03,2024-06-04,US12001480B2,en,https://patents.google.com/patent/US12001480B2/en,https://patentimages.storage.googleapis.com/a7/aa/ee/0bd201113c5e69/US12001480.pdf,Tier 3,International Fulfillment,Amazon,international shipping fulfillment,international shipping fulfillment,None (fallback)
patent/US20230169183A1/en,Facilitating analysis of software vulnerabilities,Systems and methods for facilitating an analysis of software vulnerabilities are described. The system receives a first request to present software vulnerabilities of a virtual machine on a production machine. The system receives a first request to present software vulnerabilities of a virtual …,"Rubrik, Inc.",Di Wu,2023-06-01,2023-01-25,2019-10-30,,US20230169183A1,en,https://patents.google.com/patent/US20230169183A1/en,https://patentimages.storage.googleapis.com/83/f5/34/645418fb4862de/US20230169183A1.pdf,Tier 3,International Fulfillment,Amazon,international shipping fulfillment,international shipping fulfillment,None (fallback)
patent/US20250039067A1/en,System and method for enterprise - wide data utilization tracking and risk …,A system and method for comprehensive data utilization and tracking comprising an ontological engine which in some embodiments is configured to create and curate various industry-specific ontologies which can be used to provide deeper context to an enterprise's network traffic and data …,Qomplx Llc,Jason Crabtree,2025-01-30,2023-07-27,2023-07-27,,US20250039067A1,en,https://patents.google.com/patent/US20250039067A1/en,https://patentimages.storage.googleapis.com/14/cf/1f/4204e72e02cc18/US20250039067A1.pdf,Tier 3,International Fulfillment,Amazon,international shipping fulfillment,international shipping fulfillment,None (fallback)
patent/EP1410011B1/en,Diagnosis and prognosis of breast cancer patients,"The present invention relates to genetic markers whose expression is correlated with breast cancer. Specifically, the invention provides sets of markers whose expression patterns can be used to differentiate clinical conditions associated with breast cancer, such as the presence or absence of the …",Rosetta Inpharmatics LLC,Hongyue Dai,2011-03-23,2002-06-14,2001-06-18,2011-03-23,EP1410011B1,en,https://patents.google.com/patent/EP1410011B1/en,https://patentimages.storage.googleapis.com/cd/c8/8a/e2a917153e6f55/EP1410011B1.pdf,Tier 3,International Fulfillment,Shein,international shipping fulfillment,international shipping fulfillment,None (fallback)
patent/US20040058340A1/en,Diagnosis and prognosis of breast cancer patients,"The present invention relates to genetic markers whose expression is correlated with breast cancer. Specifically, the invention provides sets of markers whose expression patterns can be used to differentiate clinical conditions associated with breast cancer, such as the presence or absence of the …",Hongyue Dai,Hongyue Dai,2004-03-25,2003-01-15,2001-06-18,,US20040058340A1,en,https://patents.google.com/patent/US20040058340A1/en,https://patentimages.storage.googleapis.com/32/14/f9/de3b30141ecd83/US20040058340A1.pdf,Tier 3,International Fulfillment,Shein,international shipping fulfillment,international shipping fulfillment,None (fallback)
patent/US20250114498A1/en,Gene Editing and Delivery of Myeloid Cells To Promote Wound Healing,"The present disclosure provides compositions and methods for enhanced healing of wounds, e.g. cutaneous wounds, by application of a scaffold or matrix, e.g. a hydrogel, comprising an effective dose of edited dendritic cells (DCs). As used herein, edited dendritic cells refers to mammalian, usually …",The Board Of Trustees Of The Leland Stanford Junior University,Geoffrey C. GURTNER,2025-04-10,2023-01-24,2022-01-25,,US20250114498A1,en,https://patents.google.com/patent/US20250114498A1/en,https://patentimages.storage.googleapis.com/ba/e9/b3/61282696ed8b19/US20250114498A1.pdf,Tier 3,International Fulfillment,Shein,international shipping fulfillment,international shipping fulfillment,None (fallback)
patent/JP6194252B2/en,Process control system,"A process control system (100) comprising: Field devices (132, 136) which are sources of diagnostic information (hereinafter referred to as diagnostic information sources); A controller (110) connected to the field device; A workstation (102) connected to the controller and including a user …",フィッシャー−ローズマウント システムズ，インコーポレイテッド,ルーカス，マイク,2017-09-06,2014-01-17,1997-02-14,2017-09-06,JP6194252B2,en,https://patents.google.com/patent/JP6194252B2/en,https://patentimages.storage.googleapis.com/3e/e0/ac/1122a3ddb4515c/JP6194252B2.pdf,Tier 3,International Fulfillment,Temu,international shipping fulfillment,international shipping fulfillment,None (fallback)
patent/JP2014116027A5/en,Patent JP2014116027A5,"A process control system (100) for controlling a plurality of field devices of a number of different field device types, including a smart type field device (6) and a non-smart type field device (12) comprising: The process control system includes: a plurality of distributed controllers (110) …",Unknown,,2015-11-05,2014-01-17,,,JP2014116027A5,en,https://patents.google.com/patent/JP2014116027A5/en,https://patentimages.storage.googleapis.com/53/8e/55/5c0f83489b37a1/JP2014116027A5.pdf,Tier 3,International Fulfillment,Temu,international shipping fulfillment,international shipping fulfillment,None (fallback)
patent/US8832406B2/en,Systems and methods for classifying and transferring information in a storage …,"Systems and methods for data classification to facilitate and improve data management within an enterprise are described. The disclosed systems and methods evaluate and define data management operations based on data characteristics rather than data location, among other things. Also provided are …","Commvault Systems, Inc.",Anand Prahlad,2014-09-09,2013-12-11,2005-11-28,2014-09-09,US8832406B2,en,https://patents.google.com/patent/US8832406B2/en,https://patentimages.storage.googleapis.com/b0/2c/1a/92648af48c2aee/US8832406.pdf,General,Logistics Context,ALL,parcel customs clearance,parcel customs clearance,
patent/US20250315454A1/en,User interface for technology add-on content,"Determining a set of extraction rules include clustering event segments into at least a first group of event segments, and determining, using first field data in the first group of event segments, a first set of extraction rules for extracting the first field data from each event segment of the …",Splunk Llc,Li Li,2025-10-09,2025-06-20,2016-03-31,,US20250315454A1,en,https://patents.google.com/patent/US20250315454A1/en,,General,Logistics Context,ALL,parcel customs clearance,parcel customs clearance,
patent/US20210328853A1/en,Device programming with system generation,A secure programming system and method for provisioning and programming a target payload into a programmable device mounted in a programmer. The programmable device can be authenticated before programming to verify the device is a valid device produced by a silicon vendor. The authentication …,Data I/O Corporation,Rajeev Gulati,2021-10-21,2021-06-28,2016-08-01,,US20210328853A1,en,https://patents.google.com/patent/US20210328853A1/en,https://patentimages.storage.googleapis.com/82/62/db/cd2d0a05d1ade6/US20210328853A1.pdf,General,Logistics Context,ALL,parcel customs clearance,parcel customs clearance,
patent/AU2012278963B2/en,"Electronic wallet checkout platform apparatuses, methods and systems","The electronic wallet checkout platform apparatuses, methods and systems (EWCP) transform customer purchase requests triggering electronic wallet applications via EWCP components into electronic purchase confirmation and receipts. In one implementation, the EWCP receives a merchant payment request …",Visa International Service Association,Avinash Kalgi,2017-02-23,2012-07-05,2011-07-05,2017-02-23,AU2012278963B2,en,https://patents.google.com/patent/AU2012278963B2/en,https://patentimages.storage.googleapis.com/e2/55/8f/4dd81810942674/AU2012278963B2.pdf,General,Logistics Context,ALL,parcel customs clearance,parcel customs clearance,
patent/US20220215338A1/en,Systems and methods for facilitating e-commerce product returns using orders …,"A merchant can use an e-commerce platform to sell products to customers, and customers can use the e-commerce platform to return items that they are unsatisfied with back to the merchant. These product returns have an associated cost. Embodiments of the present disclosure relate to computer- …",Shopify Inc.,Anthony Nicholas Kentris,2022-07-07,2022-03-22,2019-11-18,,US20220215338A1,en,https://patents.google.com/patent/US20220215338A1/en,https://patentimages.storage.googleapis.com/22/e8/ac/c59f3fba69349c/US20220215338A1.pdf,General,Logistics Context,ALL,parcel customs clearance,parcel customs clearance,
patent/US20220076165A1/en,Systems and methods for automating data science machine learning analytical …,Systems and methods for automating data science machine learning using analytical workflows are disclosed that provide for user interaction and iterative analysis including automated suggestions based on at least one analysis of a dataset.,"U2 Science Labs, Inc.",Andrew M. Minkin,2022-03-10,2021-09-20,2016-12-09,,US20220076165A1,en,https://patents.google.com/patent/US20220076165A1/en,https://patentimages.storage.googleapis.com/44/c2/b4/bf88ce263f3d99/US20220076165A1.pdf,General,Logistics Context,ALL,parcel customs clearance,parcel customs clearance,
patent/JP7744131B2/en,Processing data to predict pipe breaks,"1. A method for improving utility company piping data relating to a network of underground piping for transporting fluids to consumers by a computer system including a processor , comprising: receiving, by the computer system, pipe data for one or more of the networks of underground pipes, the …",フラクタ,ダイチ ヨシカワ，,2025-09-25,2019-03-26,2018-03-28,2025-09-25,JP7744131B2,en,https://patents.google.com/patent/JP7744131B2/en,,General,Logistics Context,ALL,parcel customs clearance,parcel customs clearance,
patent/US11287407B2/en,Dynamic reverse gas stack model for portable chemical detection devices to …,"The present invention includes an apparatus and method for detecting the location of one or more sources of one or more target molecule, the apparatus comprising: a molecule detector; and a processor connected to the molecule detector and to a global position system, wherein the processor …",University Of North Texas,"Guido Fridolin Verbeck, IV",2022-03-29,2016-10-12,2015-10-19,2022-03-29,US11287407B2,en,https://patents.google.com/patent/US11287407B2/en,https://patentimages.storage.googleapis.com/be/d4/66/c987988f7a71c3/US11287407.pdf,General,Logistics Context,ALL,parcel customs clearance,parcel customs clearance,
patent/US20180361547A1/en,Electronic Torque Wrench,"1 . A surgical tool comprising: a. a body; b. an electronics unit insertable within the body, the electronics unit capable of: i. measuring an operating parameter of the tool and ii. having its stored information queried by the user; the tool capable of being used for multiple surgical procedures.","Gauthier Biomedical, Inc.",Michael T. Gauthier,2018-12-20,2018-08-14,2010-05-18,,US20180361547A1,en,https://patents.google.com/patent/US20180361547A1/en,https://patentimages.storage.googleapis.com/4b/f3/60/d95bb0982561fe/US20180361547A1.pdf,General,Logistics Context,ALL,parcel customs clearance,parcel customs clearance,
patent/US10131042B2/en,Adapter for power tool devices,"An adapter for a power tool includes a housing, a tool-side connector, and a battery-side connector in electrical communication with each other. The tool-side connector is configured to couple to a power tool, and the battery-side connector is configured to couple to a battery pack. The adapter …",Milwaukee Electric Tool Corporation,Matthew J. Mergener,2018-11-20,2014-10-21,2013-10-21,2018-11-20,US10131042B2,en,https://patents.google.com/patent/US10131042B2/en,https://patentimages.storage.googleapis.com/cf/71/e5/6b10a32f0869c5/US10131042.pdf,General,Logistics Context,ALL,parcel customs clearance,parcel customs clearance,
patent/US20190007776A1/en,Switching Binaural Sound,"A method provides binaural sound to a person through electronic earphones. The binaural sound localizes to a sound localization point (SLP) in empty space that is away from but proximate to the person. When an event occurs, the binaural sound switches or changes to stereo sound, to mono sound, or …",Philip Scott Lyren,Philip Scott Lyren,2019-01-03,2018-08-21,2015-12-27,,US20190007776A1,en,https://patents.google.com/patent/US20190007776A1/en,https://patentimages.storage.googleapis.com/2e/c4/2f/1cccb9f23b8faa/US20190007776A1.pdf,General,Logistics Context,ALL,parcel customs clearance,parcel customs clearance,
patent/JP6111394B2/en,System and method for controlling access to aspects of an electronic message …,"A computerized method for controlling corporate access to recipient information, And generating a master subscriber list in the database, the master subscriber list comprises a plurality of recipients, thus the accessible der shall enterprise level accounts for business level device, Generating a …",セールスフォース ドット コム インコーポレイティッド,チアンチオ−バンチ，ジェームズ・マイケル,2017-04-12,2015-08-24,2009-03-06,2017-04-12,JP6111394B2,en,https://patents.google.com/patent/JP6111394B2/en,https://patentimages.storage.googleapis.com/67/24/42/a7fd78d62488b4/JP6111394B2.pdf,General,Logistics Context,ALL,parcel customs clearance,parcel customs clearance,
patent/CN109947773B/en,Deploy changes to key schema in a multi-tenant database system,"The present disclosure relates to systems, software, and computer-implemented methods for deploying changes to key patterns in database systems. One example method includes receiving a new shared container that includes a new key pattern for a logical partition table and a read-only portion of a …",Sap Se,U.施拉布,2023-09-12,2018-09-11,2017-10-26,2023-09-12,CN109947773B,en,https://patents.google.com/patent/CN109947773B/en,https://patentimages.storage.googleapis.com/a3/a3/68/e139148987ab47/CN109947773B.pdf,General,Logistics Context,ALL,parcel customs clearance,parcel customs clearance,
patent/CN110147369B/en,Data separation and write redirection in multi-tenancy database systems,"The present disclosure relates to systems, software, and computer-implemented methods for data separation and write redirection in multi-tenancy database systems. One example method includes providing at least one application access to a database system. Receive queries from applications. A …",Sap Se,U.奥尔,2023-09-12,2017-12-05,2017-10-26,2023-09-12,CN110147369B,en,https://patents.google.com/patent/CN110147369B/en,https://patentimages.storage.googleapis.com/89/f9/b4/6b78b026f51d1b/CN110147369B.pdf,General,Logistics Context,ALL,parcel customs clearance,parcel customs clearance,
patent/CN110019215B/en,Key pattern management in a multi-tenancy database system,"The present disclosure relates to systems, software, and computer-implemented methods for key mode management. One example method includes receiving a query from an application for a logical database table. A determination is made as to whether the query is a write query. In response to …",Sap Se,U.奥尔,2023-10-20,2017-12-05,2017-10-26,2023-10-20,CN110019215B,en,https://patents.google.com/patent/CN110019215B/en,https://patentimages.storage.googleapis.com/f7/a3/08/8d31c0bd76f26d/CN110019215B.pdf,General,Logistics Context,ALL,parcel customs clearance,parcel customs clearance,
patent/CN109947767B/en,System share types in multi-tenancy database systems,"The present disclosure relates to systems, software, and computer-implemented methods that enable multiple systems in a multi-tenancy database system to share a type. One example method includes determining a system sharing type configuration for a database system. The system sharing type …",Sap Se,I-G.伯恩,2024-03-08,2017-12-05,2017-10-26,2024-03-08,CN109947767B,en,https://patents.google.com/patent/CN109947767B/en,https://patentimages.storage.googleapis.com/41/67/73/31f06378576080/CN109947767B.pdf,General,Logistics Context,ALL,parcel customs clearance,parcel customs clearance,
patent/US11520559B2/en,Entertainment server and associated social networking services,"Certain exemplary embodiments relate to entertainment systems that interact with users so as to provide for social networking and/or other services. In certain exemplary embodiments, an entertainment system is configured to provide jukebox-related and entertainment system mediated services that …","Touchtunes Music Company, Llc",Dominique Dion,2022-12-06,2021-08-16,2009-03-18,2022-12-06,US11520559B2,en,https://patents.google.com/patent/US11520559B2/en,https://patentimages.storage.googleapis.com/78/9e/eb/6b89d77e0ee006/US11520559B2.pdf,General,Logistics Context,ALL,parcel customs clearance,parcel customs clearance,
patent/US9323781B2/en,"System and method for the collaborative collection, assignment, visualization, …","System, methods, apparatus and media for the geo-spatial capture and transcription of family trees, vital records, census records, land transfer records, cemetery records, and organizational membership records; for assigning deterministic and probabilistic relationships between people in …","Ancestralhunt Partners, Llc",Carl M. Dzubay,2016-04-26,2014-07-11,2009-06-10,2016-04-26,US9323781B2,en,https://patents.google.com/patent/US9323781B2/en,https://patentimages.storage.googleapis.com/49/30/a2/7646a5864fc04a/US9323781.pdf,General,Logistics Context,ALL,parcel customs clearance,parcel customs clearance,
patent/US11055478B1/en,Systems and user interfaces for dynamic and interactive report generation and …,Various systems and methods are provided for accessing and traversing one or more complex data structures and generating a functional user interface that can enable non-technical users to quickly and dynamically edit and generate detailed reports. The user interfaces are interactive such that a …,"Addepar, Inc.",Christopher Thomas Bisignani,2021-07-06,2020-01-06,2014-09-05,2021-07-06,US11055478B1,en,https://patents.google.com/patent/US11055478B1/en,https://patentimages.storage.googleapis.com/34/ee/68/612ba090aaf5aa/US11055478.pdf,General,Logistics Context,ALL,parcel customs clearance,parcel customs clearance,
patent/CN110447017B/en,Rule-based modification in a data storage equipment monitor,A method of adjusting monitoring parameters in a pool of data storage equipment may include receiving event notifications from a process scheduler of a monitoring system. The event notification may include an indication that the process of monitoring the pool of data storage equipment has …,Oracle International Corporation,P·B·蒙达,2023-08-22,2018-03-21,2017-03-26,2023-08-22,CN110447017B,en,https://patents.google.com/patent/CN110447017B/en,https://patentimages.storage.googleapis.com/94/6f/99/bafdcc431beaf8/CN110447017B.pdf,General,Logistics Context,ALL,parcel customs clearance,parcel customs clearance,
patent/US20190391709A1/en,Interactive geospatial map,"Various systems and methods are provided that display various interactive user interfaces containing interactive maps. The user may use the interactive map to perform searches for data objects, toggle different layers associated with different types of objects for display, generate heatmaps based …",Palantir Technologies Inc.,Daniel CERVELLI,2019-12-26,2019-09-04,2015-08-17,,US20190391709A1,en,https://patents.google.com/patent/US20190391709A1/en,https://patentimages.storage.googleapis.com/60/76/a8/345c2664dbf696/US20190391709A1.pdf,General,Logistics Context,ALL,parcel customs clearance,parcel customs clearance,
patent/US9723381B2/en,Athletic monitoring system having automatic pausing of media content,"Systems and methods configured to be worn on a body of user for athletic performance monitoring, and having a sensor for capturing data associated with an athletic activity being carried out by the user. The captured sensor data may be used to identify a break in an athletic training session being …","Nike, Inc.",Evan Swanson,2017-08-01,2014-06-19,2013-12-23,2017-08-01,US9723381B2,en,https://patents.google.com/patent/US9723381B2/en,https://patentimages.storage.googleapis.com/cc/14/01/89386f05b63f2c/US9723381.pdf,General,Logistics Context,ALL,parcel customs clearance,parcel customs clearance,
patent/US20210149638A1/en,Dynamic scalable vector graphics (svg) system and methods for implementing the …,A dynamic Scalable Vector Graphics (SVG) system and associated methods are provided for rendering an interactive software-product demonstration presentation for an envisioned software product within a webpage. A script can be executed to digest an exported SVG file by: querying for target objects …,"Salesforce.Com, Inc.",Christopher Daniel McCulloh,2021-05-20,2020-05-28,2019-11-19,,US20210149638A1,en,https://patents.google.com/patent/US20210149638A1/en,https://patentimages.storage.googleapis.com/a1/ff/4c/ba25d999b57d9f/US20210149638A1.pdf,General,Logistics Context,ALL,parcel customs clearance,parcel customs clearance,
patent/US20190028338A1/en,Systems and Methods for Commissioning a Smart Hub Device,This application discloses a method for commissioning an electronic device in a smart home environment. The electronic device receives from a client device signals that are encoded with communication data. The client device executes a client-side application associated with a user account that …,Google Llc,John Kozura,2019-01-24,2018-08-23,2012-04-11,,US20190028338A1,en,https://patents.google.com/patent/US20190028338A1/en,https://patentimages.storage.googleapis.com/2f/87/46/d633ebce650ddf/US20190028338A1.pdf,General,Logistics Context,ALL,parcel customs clearance,parcel customs clearance,
patent/US11847882B2/en,Digital downloading jukebox with enhanced communication features,"Systems and/or methods for use in connection with digital downloading jukeboxes are provided. Such systems and/or methods may be used to provide enhanced communications capabilities, e.g., to registered users of jukeboxes. In certain exemplary embodiments, users may become registered users …","Touchtunes Music Company, Llc",Dominique Dion,2023-12-19,2020-09-17,2002-09-16,2023-12-19,US11847882B2,en,https://patents.google.com/patent/US11847882B2/en,https://patentimages.storage.googleapis.com/b3/e6/3c/ba72214e64c982/US11847882.pdf,General,Logistics Context,ALL,parcel customs clearance,parcel customs clearance,
patent/US10142122B1/en,"User interfaces, systems and methods for configuring smart devices for …","This application discloses a method implemented at an electronic device for adding a smart device in a smart home environment. The electronic device receives from a client device a request to add a new smart device to the smart home environment over a first communication network, and the request …",Google Llc,Edward Hill,2018-11-27,2015-11-12,2012-04-11,2018-11-27,US10142122B1,en,https://patents.google.com/patent/US10142122B1/en,https://patentimages.storage.googleapis.com/38/9d/04/fe1fa8125f1e3b/US10142122.pdf,General,Logistics Context,ALL,parcel customs clearance,parcel customs clearance,
patent/US10397013B1/en,"User interfaces, systems and methods for configuring smart devices for …","This application discloses a method implemented at a client device for adding a smart device in a smart home environment. The client device executes a client-side application associated with a user account, and the client-side application is associated with an electronic device that is coupled to …",Google Llc,Edward Hill,2019-08-27,2015-11-12,2012-04-11,2019-08-27,US10397013B1,en,https://patents.google.com/patent/US10397013B1/en,https://patentimages.storage.googleapis.com/39/a7/e3/0d2d3431f98031/US10397013.pdf,General,Logistics Context,ALL,parcel customs clearance,parcel customs clearance,
patent/US12412652B2/en,"Federated, centralized, and collaborative medical data management and …",A computer-implemented system is provided that includes a plurality of endpoint databases employed to store medical images and metadata that describes attributes of the respective medical images. A management and orchestration platform periodically scans the endpoint databases to determine an …,GE Precision Healthcare LLC,Travis R. Frosch,2025-09-09,2024-02-14,2019-11-27,2025-09-09,US12412652B2,en,https://patents.google.com/patent/US12412652B2/en,,General,Logistics Context,ALL,parcel customs clearance,parcel customs clearance,
patent/US10430498B2/en,Controlled creation of reports from table views,A method comprising creating and storing a graph having nodes and edges that represent financial assets and accounts in which the assets are held; individuals who own the assets; or legal entities who own the assets; receiving and storing bucketing factors and column factors; traversing the graph …,"Addepar, Inc.",Jason Mirra,2019-10-01,2017-07-28,2012-06-06,2019-10-01,US10430498B2,en,https://patents.google.com/patent/US10430498B2/en,https://patentimages.storage.googleapis.com/27/14/f3/11c41ee5d6f327/US10430498.pdf,General,Logistics Context,ALL,parcel customs clearance,parcel customs clearance,
patent/US9087361B2/en,Graph traversal for generating table views,A method comprising creating and storing a graph having nodes and edges that represent financial assets and accounts in which the assets are held; individuals who own the assets; or legal entities who own the assets; receiving and storing bucketing factors and column factors; traversing the graph …,"Addepar, Inc.",Jason Mirra,2015-07-21,2012-06-06,2012-06-06,2015-07-21,US9087361B2,en,https://patents.google.com/patent/US9087361B2/en,https://patentimages.storage.googleapis.com/d0/c8/9d/cb9dbfa7274483/US9087361.pdf,General,Logistics Context,ALL,parcel customs clearance,parcel customs clearance,
patent/AU2021202886A1/en,Systems and methods of hierarchical smart asset control application development …,"Systems and methods of a Hierarchical Smart Asset Control Application development and Integrated Smart Asset Control System optimization are disclosed. In various embodiments, the system may develop a Hierarchical Asset Control Application and corresponding control hardware requirements. This can …","Invensys Systems, Inc.",Donald C. Clark,2021-06-03,2021-05-06,2015-10-13,,AU2021202886A1,en,https://patents.google.com/patent/AU2021202886A1/en,https://patentimages.storage.googleapis.com/35/7d/9f/2565e82e9f4432/AU2021202886A1.pdf,General,Logistics Context,ALL,parcel customs clearance,parcel customs clearance,
patent/US11953890B2/en,Centralized management of a software defined automation system,Embodiments of system and methods for providing centralized management of a software defined automation (“SDA”) system are disclosed. The SDA system comprises of a collection of controller nodes and logically centralized and yet physically distributed collection of compute nodes by monitoring …,Schneider Electric Industries Sas,Antonio Chauvet,2024-04-09,2021-07-30,2015-10-13,2024-04-09,US11953890B2,en,https://patents.google.com/patent/US11953890B2/en,https://patentimages.storage.googleapis.com/88/e5/e3/71049cb1b361d2/US11953890.pdf,General,Logistics Context,ALL,parcel customs clearance,parcel customs clearance,
patent/US8918485B2/en,"Digital downloading jukebox system with user-tailored music management, …","A digital downloading jukebox system including a mechanism for delivering custom services to a recognized user, including services for creating playlists, communicating with others, accessing other features, etc. is provided. In some exemplary embodiments, after a user is recognized, the jukebox …",Touchtunes Music Corporation,Guy Nathan,2014-12-23,2014-03-24,2002-09-16,2014-12-23,US8918485B2,en,https://patents.google.com/patent/US8918485B2/en,https://patentimages.storage.googleapis.com/24/67/10/be826cfd8d7501/US8918485.pdf,General,Logistics Context,ALL,parcel customs clearance,parcel customs clearance,
patent/US10547417B2/en,Method and apparatus for transmitting and receiving signal in communication …,A 5 th generation (5G) or pre-5G communication system supporting higher data rate after a 4 th generation (4G) communication system such as a long-term evolution (LTE) is disclosed. The system includes a scalable frame structure to integrally support various services in a cellular wireless …,"Samsung Electronics Co., Ltd.",Chanhong KIM,2020-01-28,2017-09-27,2016-09-27,2020-01-28,US10547417B2,en,https://patents.google.com/patent/US10547417B2/en,https://patentimages.storage.googleapis.com/a7/a6/74/d89fe2cc5e22d4/US10547417.pdf,General,Logistics Context,ALL,parcel customs clearance,parcel customs clearance,
patent/US8984594B2/en,Security architecture for a process control platform executing applications,"A security component within a supervisory process control and manufacturing information system comprising a set of user roles corresponding to different types of users within the information system, a set of security groups defining a set of security permissions with regard to a set of objects, …","Invensys Systems, Inc.",James P. McIntyre,2015-03-17,2014-03-07,2001-06-22,2015-03-17,US8984594B2,en,https://patents.google.com/patent/US8984594B2/en,https://patentimages.storage.googleapis.com/53/06/c2/e4750d5eb70eaa/US8984594.pdf,General,Logistics Context,ALL,parcel customs clearance,parcel customs clearance,
patent/US20220273139A1/en,System and Method for Optimal Food Cooking or Heating Operations,"A system and method for optimal cooking operations and pre-hazard monitoring using continuous and adaptive machine learning enabling user specific and customizable optimizable, specific, and customizable cooking operations, and identification of pre-hazardous and user specific non-optimal …",Samarth Mahapatra,Samarth Mahapatra,2022-09-01,2022-05-23,2019-05-17,,US20220273139A1,en,https://patents.google.com/patent/US20220273139A1/en,https://patentimages.storage.googleapis.com/4b/8b/74/234ab02a7afcf6/US20220273139A1.pdf,General,Logistics Context,ALL,parcel customs clearance,parcel customs clearance,
patent/US20210176184A1/en,Blocking/unblocking algorithms for signaling optimization in a wireless network …,A method of optimizing traffic on a mobile device includes determining that an application is inactive based on historical behavior of the application and blocking traffic originating from or directed towards the application that is determined to be inactive based on historical behavior. A related …,"Seven Networks, Llc",Sungwook Yoon,2021-06-10,2021-02-16,2013-06-03,,US20210176184A1,en,https://patents.google.com/patent/US20210176184A1/en,https://patentimages.storage.googleapis.com/25/18/c7/6898f428c32ba1/US20210176184A1.pdf,General,Logistics Context,ALL,parcel customs clearance,parcel customs clearance,
patent/US20200012399A1/en,Jukebox with customizable avatar,"A digital downloading jukebox system including a mechanism for delivering custom services to a recognized user is provided. For example, information specific to a recognized user may be stored and optionally may include a recognized user avatar representative of the recognized user. The user …",Touchtunes Music Corporation,Francois Brillon,2020-01-09,2019-09-10,2002-09-16,,US20200012399A1,en,https://patents.google.com/patent/US20200012399A1/en,https://patentimages.storage.googleapis.com/fa/6d/4d/1b0a8dc2936a2f/US20200012399A1.pdf,General,Logistics Context,ALL,parcel customs clearance,parcel customs clearance,
patent/US20190324614A1/en,Jukebox with customizable avatar,"A digital downloading jukebox system including a mechanism for delivering custom services to a recognized user is provided. For example, information specific to a recognized user may be stored and optionally may include a recognized user avatar representative of the recognized user. The user …",Touchtunes Music Corporation,Francois Brillon,2019-10-24,2019-06-25,2002-09-16,,US20190324614A1,en,https://patents.google.com/patent/US20190324614A1/en,https://patentimages.storage.googleapis.com/e8/26/01/3fc697f7794764/US20190324614A1.pdf,General,Logistics Context,ALL,parcel customs clearance,parcel customs clearance,
patent/US10746561B2/en,Methods for predicting destinations from partial trajectories employing open- …,"The claimed subject matter provides systems and/or methods that facilitate inferring probability distributions over the destinations and/or routes of a user, from observations about context and partial trajectories of a trip. Destinations of a trip are based on at least one of a prior and a …","Microsoft Technology Licensing, Llc",John C. Krumm,2020-08-18,2011-07-25,2005-09-29,2020-08-18,US10746561B2,en,https://patents.google.com/patent/US10746561B2/en,https://patentimages.storage.googleapis.com/22/36/7e/7659c80ac753f1/US10746561.pdf,General,Logistics Context,ALL,parcel customs clearance,parcel customs clearance,
patent/US8782093B2/en,System and method for managing construction projects,"A system for managing construction projects includes a database, a component interface, a state interface, and a database interface. The component interface is operative to receive component identifiers identifying components of a construction project. The state interface is operative to receive …","Gcc, Inc.",Gary L. Greer,2014-07-15,2008-08-05,2002-08-16,2014-07-15,US8782093B2,en,https://patents.google.com/patent/US8782093B2/en,https://patentimages.storage.googleapis.com/1e/31/08/f9250c9eb4e985/US8782093.pdf,General,Logistics Context,ALL,parcel customs clearance,parcel customs clearance,
patent/US8453159B2/en,Workspace system and method for monitoring information events,A system and method for monitoring information events partitions sets of information and processing steps into one or more workspaces. The workspaces include sharable portable specifications for implementing event monitoring by a plurality of users or computer systems. Workspaces may be bindable …,Informatica Corporation,Michael S. Appelbaum,2013-05-28,2008-05-30,2007-05-31,2013-05-28,US8453159B2,en,https://patents.google.com/patent/US8453159B2/en,https://patentimages.storage.googleapis.com/af/6c/42/13ff80341620ca/US8453159.pdf,General,Logistics Context,ALL,parcel customs clearance,parcel customs clearance,
patent/US7831410B2/en,Remotely monitoring/diagnosing distributed components of a supervisory process …,A centralized diagnostics management tool is disclosed that facilitates centralized monitoring of distributed components of a supervisory process control and manufacturing information application. The centralized diagnostics management tool includes a diagnostics management console shell that is …,"Invensys Systems, Inc.",James P. McIntyre,2010-11-09,2006-05-24,2001-06-22,2010-11-09,US7831410B2,en,https://patents.google.com/patent/US7831410B2/en,https://patentimages.storage.googleapis.com/9d/cc/3b/84ecd58a07533e/US7831410.pdf,General,Logistics Context,ALL,parcel customs clearance,parcel customs clearance,
patent/US8838428B2/en,Methods and systems to volumetrically conceptualize hydrocarbon plays,Methods for identifying hydrocarbon plays include applying predictive models to sediment fill volume(s) to provide play-element volume(s) representing at least one play element. Each play-element volume represents at least 1) qualities of the at least one play element and 2) a probability that the …,Exxonmobil Upstream Research Company,Christopher Tapscott,2014-09-16,2009-10-23,2009-01-13,2014-09-16,US8838428B2,en,https://patents.google.com/patent/US8838428B2/en,https://patentimages.storage.googleapis.com/b4/3c/06/362ead05423e06/US8838428.pdf,General,Logistics Context,ALL,parcel customs clearance,parcel customs clearance,
patent/US7822749B2/en,Systems and methods for classifying and transferring information in a storage …,"Systems and methods for data classification to facilitate and improve data management within an enterprise are described. The disclosed systems and methods evaluate and define data management operations based on data characteristics rather than data location, among other things. Also provided are …","Commvault Systems, Inc.",Anand Prahlad,2010-10-26,2006-11-28,2005-11-28,2010-10-26,US7822749B2,en,https://patents.google.com/patent/US7822749B2/en,https://patentimages.storage.googleapis.com/44/e6/38/876f811ba76a39/US7822749.pdf,General,Logistics Context,ALL,parcel customs clearance,parcel customs clearance,
patent/US8171125B2/en,Scalable distributed storage and delivery,"Embodiments describe scalable distributed storage delivery method that can utilize commodity storage devices, thus there is little, if any, modification of the existing storage hardware or storage clients. According to an aspect is a system that can include a plurality of primary servers and …","Xstor Systems, Inc.",Shivakumar Gopalakrishnan,2012-05-01,2010-11-29,2004-12-30,2012-05-01,US8171125B2,en,https://patents.google.com/patent/US8171125B2/en,https://patentimages.storage.googleapis.com/4e/6d/89/a1f259d417bbdf/US8171125.pdf,General,Logistics Context,ALL,parcel customs clearance,parcel customs clearance,
patent/ES2402741T3/en,Digital transmission beam shaper for an ultrasonic transducer system with …,"A digital transmission beam shaper (16 A digital transmission beam shaper (1605) for a system (1600) for obtaining images05) for a system (1600) for obtaining porultrasound images with distribution, comprising: s porultrasound with distribution , comprising: one or more programmable door …","Visualsonics, Inc.",James Mehi,2013-05-08,2006-11-02,2005-11-02,2013-05-08,ES2402741T3,en,https://patents.google.com/patent/ES2402741T3/en,https://patentimages.storage.googleapis.com/dd/f1/92/a5e1023f97e710/ES2402741T3.pdf,General,Logistics Context,ALL,parcel customs clearance,parcel customs clearance,
patent/CA2949366C/en,"Apparatus, method, and computer program product for settlement to a merchant's …","Registration information is obtained for a plurality of businesses, including the business name and a payment card account number for a payment card account in which the given business can receive payments from customers via a special payment transaction over a payment card network. An electronic …",Mastercard International Incorporated,M. Deborah Kimberg,2020-03-10,2015-05-15,2014-05-19,2020-03-10,CA2949366C,en,https://patents.google.com/patent/CA2949366C/en,https://patentimages.storage.googleapis.com/1c/14/30/10ab35246a6a6b/CA2949366C.pdf,General,Logistics Context,ALL,parcel customs clearance,parcel customs clearance,
patent/US20180039507A1/en,System and method for management of a virtual machine environment,"A system and method for operating an agent. A policy may be generated based on an analysis of a code segment of an agent, analysis of the execution and/or installation of an agent. An interaction with the agent may be intercepted. The interaction may be analyzed according to the policy. A machine …","Intigua, Inc.",Tomer LEVY,2018-02-08,2017-08-23,2010-09-12,,US20180039507A1,en,https://patents.google.com/patent/US20180039507A1/en,https://patentimages.storage.googleapis.com/9d/48/8a/0dcfd70366dc76/US20180039507A1.pdf,General,Logistics Context,ALL,parcel customs clearance,parcel customs clearance,
patent/US20120265770A1/en,"Computer implemented system and method for automated job search, recruitment …",A computer system operation method for electronically screening job applicants for an electronic job posting which includes granting the job applicant access to an application process to the job when an eligibility score exceeds an eligibility threshold is described. Also described is a computer …,9212-9733 Québec Inc.,Rhéal Desjardins,2012-10-18,2010-08-06,2009-10-09,,US20120265770A1,en,https://patents.google.com/patent/US20120265770A1/en,https://patentimages.storage.googleapis.com/b1/0d/3b/4be358b5ee8daf/US20120265770A1.pdf,General,Logistics Context,ALL,parcel customs clearance,parcel customs clearance,
patent/AU2019201877B2/en,Electronic torque wrench,": The present invention relates to tools, and more specifically to tools including electronic measuring and display device for providing indication of the forces being applied by the tools. According to one aspect of the present invention, an electronic torque wrench is provided for engaging a …","Gauthier Biomedical, Inc.",Austin R.S. Braganza,2020-11-19,2019-03-18,2012-11-26,2020-11-19,AU2019201877B2,en,https://patents.google.com/patent/AU2019201877B2/en,https://patentimages.storage.googleapis.com/bf/42/d8/acdb7081f640e7/AU2019201877B2.pdf,General,Logistics Context,ALL,parcel customs clearance,parcel customs clearance,
patent/US20060116578A1/en,User interface for handheld imaging devices,"CROSS REFERENCES TO RELATED APPLICATIONS This is a continuation application of U.S. patent application Ser. No. 10/697,148 filed Oct. 29, 2003, now U.S. Pat. No. ______, and entitled “User Interface for Handheld Imaging Devices” which is a continuation application of U.S. patent application Ser.",Sorin Grunwald,Sorin Grunwald,2006-06-01,2006-01-20,1999-08-20,,US20060116578A1,en,https://patents.google.com/patent/US20060116578A1/en,https://patentimages.storage.googleapis.com/12/64/c4/f25442f6d8ea76/US20060116578A1.pdf,General,Logistics Context,ALL,parcel customs clearance,parcel customs clearance,
patent/US20120323804A1/en,Method and system for providing information related to docket,"Information relating to intellectual property, across one or more intellectual property applications having various types of intellectual property data, can be provided and/or accessed in an integrated manner. Commonality(ies) are determined between disparate intellectual property applications, …",Lee Eugene M,Eugene M. Lee,2012-12-20,2012-08-30,1999-09-30,,US20120323804A1,en,https://patents.google.com/patent/US20120323804A1/en,https://patentimages.storage.googleapis.com/16/05/f9/b69b7fe788dc98/US20120323804A1.pdf,General,Logistics Context,ALL,parcel customs clearance,parcel customs clearance,
patent/US20130060689A1/en,Electronic money transfer service,Techniques for efficient transfer of funds between parties using personal communication devices are presented. A first user can use a first communication device to transfer funds from an account associated with the first user to a second user via a communication address associated with the second …,Rawllin International Inc.,Ilya Oskolkov,2013-03-07,2011-09-06,2011-09-06,,US20130060689A1,en,https://patents.google.com/patent/US20130060689A1/en,https://patentimages.storage.googleapis.com/f3/b4/96/a989a1c363104d/US20130060689A1.pdf,General,Logistics Context,ALL,parcel customs clearance,parcel customs clearance,
patent/JP2020515162A/en,Millimeter wave regeneration and retransmission for building penetration,"A system for enabling signal penetration into a building, for receiving a signal at a first frequency which suffers losses when penetrating inside the building, and penetrating inside the building on a wireless communication link A first circuit located outside the building for converting the …",ネックスジェン・パートナーズ・アイピー・リミテッド・ライアビリティ・カンパニーＮｘＧｅｎ Ｐａｒｔｎｅｒｓ ＩＰ， ＬＬＣ,アシュラフィ、ソリーマン,2020-05-21,2018-03-21,2017-03-22,,JP2020515162A,en,https://patents.google.com/patent/JP2020515162A/en,https://patentimages.storage.googleapis.com/8e/e8/61/acf194a2231ef7/JP2020515162A.pdf,General,Logistics Context,ALL,parcel customs clearance,parcel customs clearance,
patent/US20240355064A1/en,Overlaying visual content using model adaptation,"Described is a system for overlaying visual content onto a real-world object by identifying a prompt of a user indicating a user's intent, accessing an image template, wherein the image template includes placement of features within the image template, and processing a combination of data …",Snap Inc.,Daria Skrypnyk,2024-10-24,2023-10-30,2023-04-18,,US20240355064A1,en,https://patents.google.com/patent/US20240355064A1/en,https://patentimages.storage.googleapis.com/8e/ae/47/9144584e4a206a/US20240355064A1.pdf,General,Logistics Context,ALL,parcel customs clearance,parcel customs clearance,
patent/EP3133510A1/en,Interactive geospatial map,"Various systems and methods are provided that display various interactive user interfaces containing interactive maps. The user may use the interactive map to perform searches for data objects, toggle different layers associated with different types of objects for display, generate heatmaps based …","Palantir Technologies, Inc.",Daniel Cervelli,2017-02-22,2016-08-16,2015-08-17,,EP3133510A1,en,https://patents.google.com/patent/EP3133510A1/en,https://patentimages.storage.googleapis.com/56/54/63/102f2338115e56/EP3133510A1.pdf,General,Logistics Context,ALL,parcel customs clearance,parcel customs clearance,
patent/US20130228063A1/en,System and method for pacing repetitive motion activities,"A repetitive motion pacing system for pacing a user that comprises a user profile database that contains a plurality of user-defined parameters that include at least a pre-selected interval type, a pre-selected interval profile, and a target tempo value for a repetitive motion activity. A data …",William D. Turner,William D. Turner,2013-09-05,2013-03-12,2005-10-06,,US20130228063A1,en,https://patents.google.com/patent/US20130228063A1/en,https://patentimages.storage.googleapis.com/54/a9/f0/b83db834fa93b4/US20130228063A1.pdf,General,Logistics Context,ALL,parcel customs clearance,parcel customs clearance,
patent/US20100324927A1/en,Senior care navigation systems and methods for using the same,"Senior care navigation systems and methods for using the same. In at least one exemplary system for utilizing and analyzing information to provide a desired outcome of the present disclosure, the system comprises an evidence repository comprising at least one item of evidence from each of at least …",Tinsley Eric C,Eric C. Tinsley,2010-12-23,2010-06-17,2009-06-17,,US20100324927A1,en,https://patents.google.com/patent/US20100324927A1/en,https://patentimages.storage.googleapis.com/98/4b/5e/eb64e7dc71443f/US20100324927A1.pdf,General,Logistics Context,ALL,parcel customs clearance,parcel customs clearance,
patent/CN101196897B/en,Image processing apparatus and image processing method,The present invention relates to an image process apparatus and an image process method. An apparatus (e.g. MFP) calculates the feature amount of a query image. The similarity between the feature amount of each image stored in a storage device and the feature amount of the query image is …,Canon Kabushiki Kaisha,高桥克幸,2011-04-13,2007-07-06,2006-12-07,2011-04-13,CN101196897B,en,https://patents.google.com/patent/CN101196897B/en,https://patentimages.storage.googleapis.com/fe/86/56/e89a54556b8190/CN101196897B.pdf,General,Logistics Context,ALL,parcel customs clearance,parcel customs clearance,
patent/US12038819B2/en,Hardware software communication channel to support direct programming interface …,Described herein is a generic hardware/software communication (HSC) channel that facilitates the re-use of pre-silicon DPI methods to enable FPGA-based post-silicon validation. The HSC channel translates a DPI interface into a hardware FIFO based mechanism. This translation allows the reuse of the …,Intel Corporation,Renu Patle,2024-07-16,2022-06-14,2022-06-14,2024-07-16,US12038819B2,en,https://patents.google.com/patent/US12038819B2/en,https://patentimages.storage.googleapis.com/a8/63/37/b35ea9c9503599/US12038819.pdf,General,Logistics Context,ALL,parcel customs clearance,parcel customs clearance,
patent/US20070233674A1/en,"Systems, methods and apparatus to determine relevance of search results in …","Systems, methods and apparatus are provided through which, in one aspect, one or more wholes and parts of wholes are searched in a database, presented to a user, sold and/or distributed.",Barbara De Lury,Barbara De Lury,2007-10-04,2007-05-26,2004-02-06,,US20070233674A1,en,https://patents.google.com/patent/US20070233674A1/en,https://patentimages.storage.googleapis.com/35/f2/99/943943a07abfc1/US20070233674A1.pdf,General,Logistics Context,ALL,parcel customs clearance,parcel customs clearance,
patent/CN109960665A/en,Releasing for reversing page to prevent during paging prevents instruction,"This application provides the releasings for reversing page to prevent during paging to prevent instruction.Enclave page cache mapping of the Secure Enclave circuit storage for the content of the Secure Enclave in tracking system memory, the Secure Enclave store secure data, which includes the …",Intel Corporation,C·V·罗扎斯,2019-07-02,2018-11-28,2017-12-26,,CN109960665A,en,https://patents.google.com/patent/CN109960665A/en,https://patentimages.storage.googleapis.com/00/65/61/fdc4d6a23739a1/CN109960665A.pdf,General,Logistics Context,ALL,parcel customs clearance,parcel customs clearance,
patent/CN109673174A/en,Methods to support session continuity on a session-by-session basis,A method and system for providing session continuity in a 5G system is disclosed. A Wireless Transmit Receive Unit (WTRU) may receive a first non-access stratum (NAS) message from a Session Management Function (SMF) indicating a Packet Data Unit (PDU) session re-establishment. Upon receiving the …,Idac控股公司,王关州,2019-04-23,2017-06-30,2016-07-01,,CN109673174A,en,https://patents.google.com/patent/CN109673174A/en,https://patentimages.storage.googleapis.com/e2/70/41/2b8da7fc11374a/CN109673174A.pdf,General,Logistics Context,ALL,parcel customs clearance,parcel customs clearance,
patent/US20200402001A1/en,Systems and methods for facilitating e-commerce product returns using an online …,"A merchant can use an e-commerce platform to sell products to customers, and customers can use the e-commerce platform to return items that they are unsatisfied with back to the merchant. These product returns have an associated cost. Embodiments of the present disclosure relate to computer- …",Shopify Inc.,Anthony Nicholas Kentris,2020-12-24,2019-06-24,2019-06-24,,US20200402001A1,en,https://patents.google.com/patent/US20200402001A1/en,https://patentimages.storage.googleapis.com/29/72/a6/3b3d3b4cfcc69a/US20200402001A1.pdf,General,Logistics Context,ALL,parcel customs clearance,parcel customs clearance,
patent/CN114329801B/en,Unifying multiple simulation models,The present invention provides a unified multiple simulation model. The design and test simulation scales the industrial simulation across multiple different processing nodes and generates a unified view of the distributed industrial simulation based on the simulation and graphical data collected …,Rockwell Automation Technologies Inc.,伊恩·麦格雷戈,2025-07-11,2021-07-27,2020-09-28,2025-07-11,CN114329801B,en,https://patents.google.com/patent/CN114329801B/en,https://patentimages.storage.googleapis.com/48/d5/8d/a1fb4e4e0967a3/CN114329801B.pdf,General,Logistics Context,ALL,parcel customs clearance,parcel customs clearance,
patent/CN114265329B/en,Industrial network simulation,The invention provides an industrial network simulation. The industrial simulation system simulates an industrial automation system using a virtual model or digital twinning of the automation system and simulated execution of an industrial control program. The simulation system also simulates a …,Rockwell Automation Technologies Inc.,伯纳德·布鲁克斯,2024-06-04,2021-07-01,2020-09-16,2024-06-04,CN114265329B,en,https://patents.google.com/patent/CN114265329B/en,https://patentimages.storage.googleapis.com/08/e9/c1/091540c645856d/CN114265329B.pdf,General,Logistics Context,ALL,parcel customs clearance,parcel customs clearance,
patent/US20230401130A1/en,Fpga based platform for post-silicon validation of chiplets,"One embodiment provides an apparatus comprising a circuit board; an active interposer coupled with the circuit board via a debug package, and a graphics processor die coupled with the active interposer via the debug package. The graphics processor die includes graphics processor resources …",Intel Corporation,Rakesh Mehta,2023-12-14,2022-06-14,2022-06-14,,US20230401130A1,en,https://patents.google.com/patent/US20230401130A1/en,https://patentimages.storage.googleapis.com/87/3b/07/5d57361e236f72/US20230401130A1.pdf,General,Logistics Context,ALL,parcel customs clearance,parcel customs clearance,
patent/CN112215533A/en,System and method for facilitating e-commerce product returns using orders for …,"The merchant may sell products to the customer using the e-commerce platform, and the customer may return items to the merchant that they are dissatisfied with using the e-commerce platform. These product returns have associated costs. Embodiments of the present disclosure relate to computer- …",秀铺菲公司,A.N.肯特里斯,2021-01-12,2020-06-24,2019-06-24,,CN112215533A,en,https://patents.google.com/patent/CN112215533A/en,https://patentimages.storage.googleapis.com/4b/d4/c6/a78e16934b16bb/CN112215533A.pdf,General,Logistics Context,ALL,parcel customs clearance,parcel customs clearance,
patent/CN109890299A/en,Sampling systems and related materials and methods,"Sampling system and relevant material and method are disclosed, which includes absorber material, protective agent such as analyte protective agent.",普罗根尼蒂公司,M.L.琼斯,2019-06-14,2017-08-18,2016-08-18,,CN109890299A,en,https://patents.google.com/patent/CN109890299A/en,https://patentimages.storage.googleapis.com/5f/bf/c5/b666010f809ecb/CN109890299A.pdf,General,Logistics Context,ALL,parcel customs clearance,parcel customs clearance,
patent/TW201802492A/en,Method and system for monitoring land deformation,"A system for determining a relative position associated to a first receiver and a second receiver includes a code module 402 configured to receive location data associated to the first receiver, receive location data associated to the second receiver, and determine a first estimate relative …",維多利亞聯結有限公司,瑞梅許 K. 拉雅度,2018-01-16,2017-04-24,2016-04-22,,TW201802492A,en,https://patents.google.com/patent/TW201802492A/en,https://patentimages.storage.googleapis.com/e0/81/2e/590dc79d4d9b9a/TW201802492A.pdf,General,Logistics Context,ALL,parcel customs clearance,parcel customs clearance,
patent/WO2018164474A1/en,Method and apparatus for control and data information resource mapping in …,"Disclosed are: a communication technique for merging, with IoT technology, a 5G communication system for supporting a data transmission rate higher than that of a 4G system; and a system therefor. The present disclosure can be applied to intelligent services (for example, smart home, smart …",삼성전자 주식회사,박성진,2018-09-13,2018-03-07,2017-03-08,,WO2018164474A1,en,https://patents.google.com/patent/WO2018164474A1/en,https://patentimages.storage.googleapis.com/43/8a/da/90093d68698436/WO2018164474A1.pdf,General,Logistics Context,ALL,parcel customs clearance,parcel customs clearance,
patent/US11289179B1/en,Automated medication compliance assurance system,Provided is a system providing a solution for improving prescription drug compliance monitoring and compliance. Prescription drug compliance monitoring may be achieved by using patient's electronic device to initiate secure digital imaging. Medications may be dispensed in containers with pre- …,"Compliance Strategies, LLC",Steven Brown,2022-03-29,2017-02-09,2016-02-10,2022-03-29,US11289179B1,en,https://patents.google.com/patent/US11289179B1/en,https://patentimages.storage.googleapis.com/dc/30/75/6ba2696deae368/US11289179.pdf,General,Logistics Context,ALL,parcel customs clearance,parcel customs clearance,
patent/US11783284B2/en,Systems and methods for facilitating e-commerce product returns using an online …,"A merchant can use an e-commerce platform to sell products to customers, and customers can use the e-commerce platform to return items that they are unsatisfied with back to the merchant. These product returns have an associated cost. Embodiments of the present disclosure relate to computer- …",Shopify Inc.,Anthony Nicholas Kentris,2023-10-10,2019-06-24,2019-06-24,2023-10-10,US11783284B2,en,https://patents.google.com/patent/US11783284B2/en,https://patentimages.storage.googleapis.com/e9/ab/06/6ef666099f352a/US11783284.pdf,General,Logistics Context,ALL,parcel customs clearance,parcel customs clearance,
patent/CN114929490B/en,Imposing and using unique unclonable physical identifiers,"In a general aspect, a unique non-clonable physical identifier is applied and used. A method of applying a unique marker may include receiving an object having a surface feature and forming a unique marker on the surface feature of the object. The unique marker includes an element distribution and …",达斯特一致有限责任公司,O·高尔顿,2025-01-10,2020-11-05,2019-11-05,2025-01-10,CN114929490B,en,https://patents.google.com/patent/CN114929490B/en,https://patentimages.storage.googleapis.com/c1/10/96/1c1af487584975/CN114929490B.pdf,General,Logistics Context,ALL,parcel customs clearance,parcel customs clearance,
patent/US11669533B1/en,Inferring sourcetype based on match rates for rule packages,"Embodiments of the present invention are directed to validating extraction rules. In embodiments, a set of events for which field extraction is desired is obtained. Thereafter, an extraction rule is applied to the set of events to extract fields of the events. The application of the extraction …",Splunk Inc.,Li Li,2023-06-06,2021-07-14,2019-01-31,2023-06-06,US11669533B1,en,https://patents.google.com/patent/US11669533B1/en,https://patentimages.storage.googleapis.com/29/c2/60/abc653ce83d051/US11669533.pdf,General,Logistics Context,ALL,parcel customs clearance,parcel customs clearance,
patent/KR20240101940A/en,"Automatic product unloading, handling, and distribution","A robotic system comprising a (2D) telescoping transport conveyor with attached automatic unloaders (500, 502). The automatic unloader (500, 502) includes a loading conveyor (304, 306) with at least two articulated robots (302) attached (2D) to a first loading conveyor end (502, 504). Automated …",랩0 인코포레이션,주니어 데이비드 브루스 맥칼립,2024-07-02,2022-11-10,2021-11-10,,KR20240101940A,en,https://patents.google.com/patent/KR20240101940A/en,https://patentimages.storage.googleapis.com/b9/e8/b6/f9d7359f22235d/KR20240101940A.pdf,General,Logistics Context,ALL,parcel customs clearance,parcel customs clearance,
patent/US20140236644A1/en,Mealtime commerce and publishing in a geo-spatial environment,"A method, apparatus and system of mealtime commerce and publishing in a geo-spatial environment are disclosed. In one embodiment, a method includes generating a community network of user profiles, each user profile of the user profiles associated with a specific geographic location, generating …",Raj Abhyanker,Raj Abhyanker,2014-08-21,2014-04-28,2006-11-22,,US20140236644A1,en,https://patents.google.com/patent/US20140236644A1/en,https://patentimages.storage.googleapis.com/c5/c0/7c/38f80491053764/US20140236644A1.pdf,General,Logistics Context,ALL,parcel customs clearance,parcel customs clearance,
patent/US20150170213A1/en,System and method for sequencing messages and events within a campaign,"A system and method for sequencing events and messages within a campaign is provided. The system includes a network communication system for identifying a plurality of messages within a message pool assigned to the campaign, where the campaign has an associated campaign goal. The system includes a …",Matthew Carl O'Malley,Matthew Carl O'Malley,2015-06-18,2015-03-02,2011-05-06,,US20150170213A1,en,https://patents.google.com/patent/US20150170213A1/en,https://patentimages.storage.googleapis.com/f0/23/71/6aab84ae7017b5/US20150170213A1.pdf,General,Logistics Context,ALL,parcel customs clearance,parcel customs clearance,
patent/GB2443959A/en,Electronic programme guide (EPG) and content user access systems,"An electronic programme guide (EPG) comprises means for outputting a selection of available audio/visual content to a user within a display area, plural user selectable indicia, each corresponding to a content item characteristic, and means for filtering the content items displayed according to …",British Broadcasting Corp,Richard Bradbury,2008-05-21,2007-11-15,2006-11-15,,GB2443959A,en,https://patents.google.com/patent/GB2443959A/en,https://patentimages.storage.googleapis.com/3c/54/77/5d281f6c5f3107/GB2443959A.pdf,General,Logistics Context,ALL,parcel customs clearance,parcel customs clearance,
patent/JP2010507176A/en,System and method for comparing and utilizing dynamic information and …,This is a method of collecting and using medical device data from remote institutions. The system and method electronically receives confirmed medical device data at a central computer system; Each of the determined medical device data is received from a separate drug delivery system; Each of the …,ホスピラ・インコーポレイテツド,バトラー，ステイーブン・アイ,2010-03-04,2007-10-16,2006-10-16,,JP2010507176A,en,https://patents.google.com/patent/JP2010507176A/en,https://patentimages.storage.googleapis.com/c9/3f/97/400ed7a1e3a152/JP2010507176A.pdf,General,Logistics Context,ALL,parcel customs clearance,parcel customs clearance,
patent/US20220061919A1/en,Method And Integrated System For Assisting In Setting Up A Personalized …,A surgical support method including obtaining raw medical imaging data corresponding to a user from a remote computing architecture and reconstructing a digital model from the obtained raw medical imaging data. The digital model is two-dimensional or three-dimensional. The method includes …,Abys Medical,Arnaud Destainville,2022-03-03,2021-08-23,2020-09-02,,US20220061919A1,en,https://patents.google.com/patent/US20220061919A1/en,https://patentimages.storage.googleapis.com/54/dd/29/70cba6a503dd90/US20220061919A1.pdf,General,Logistics Context,ALL,parcel customs clearance,parcel customs clearance,
patent/WO2014019093A1/en,System and method for managing versions of program assets,"A method and system for managing versions of program assets of a library is disclosed, to be used for example with IBM Infosphere Datastage ™. Each program asset has source code which is protected. A selection of one or more program asset to be exported into the utility application is selected.",Sherpa Technologies Inc.,Éric-Pierre MÉNARD,2014-02-06,2013-08-01,2012-08-01,,WO2014019093A1,en,https://patents.google.com/patent/WO2014019093A1/en,https://patentimages.storage.googleapis.com/ad/41/fe/7b30ab2ce8f1f1/WO2014019093A1.pdf,General,Logistics Context,ALL,parcel customs clearance,parcel customs clearance,
patent/CN101681446A/en,Human behavioral modeling and simulation framework,"A computer implemented method, apparatus and computer usable program code for simulating human behavior. Source code written in a language for predicting human behavior is placed in a storage system in a network data processing system. The interpreter executed on hardware has a language …",波音公司,克劳德·科梅尔,2010-03-24,2008-02-29,2007-03-01,,CN101681446A,en,https://patents.google.com/patent/CN101681446A/en,https://patentimages.storage.googleapis.com/e2/63/7a/6ca881e6218d7e/CN101681446A.pdf,General,Logistics Context,ALL,parcel customs clearance,parcel customs clearance,
patent/US11604761B2/en,Utilizing a tablespace to export from a foreign database recovery environment,Systems and methods for utilizing tablespace to export from a foreign database recovery environment are described. The system includes a backup host that operates in a foreign database recovery environment and receives a database from a source host operating in a native database recovery …,"Rubrik, Inc.",Snehal Arvind Khandkar,2023-03-14,2020-01-30,2020-01-30,2023-03-14,US11604761B2,en,https://patents.google.com/patent/US11604761B2/en,https://patentimages.storage.googleapis.com/fd/12/1a/0bbc8ae603ae50/US11604761.pdf,General,Logistics Context,ALL,parcel customs clearance,parcel customs clearance,
patent/CN113164532A/en,H5 functional Bifidobacterium longum subspecies infantis compositions and …,"Bifidobacterium longum subsp. infantis comprising a functional H5 cluster, including bifidobacterium longum subsp. infantis EVC001 deposited under ATCC accession No. PTA-125180, may be used in compositions for improving intestinal health in infants and adults.",进化生物系统股份有限公司,S·福雷斯,2021-07-23,2019-05-30,2018-05-30,,CN113164532A,en,https://patents.google.com/patent/CN113164532A/en,https://patentimages.storage.googleapis.com/29/e0/46/7f88b3131dc56e/CN113164532A.pdf,General,Logistics Context,ALL,parcel customs clearance,parcel customs clearance,
patent/JP2015503132A/en,Dynamic layout technique for presentation tiles on a grid,Describe the technique of the electronic montage system. The apparatus can include a logical device configured to execute a montage application that includes a presentation component. The presentation component can operate to detect when the display size or resolution has changed from the display …,マイクロソフト コーポレーション,ダグラス，マリア,2015-01-29,2012-09-23,2011-09-23,,JP2015503132A,en,https://patents.google.com/patent/JP2015503132A/en,https://patentimages.storage.googleapis.com/66/37/e9/825fe5ebf0a020/JP2015503132A.pdf,General,Logistics Context,ALL,parcel customs clearance,parcel customs clearance,
patent/CN102262557A/en,Method for constructing virtual machine monitor by bus architecture and …,"The invention discloses a bus architecture for constructing a virtual machine monitor. The bus architecture comprises a bus, a kernel-based virtual machine (KVM) component, a client space component, a user space component and a para-virtualization component, wherein the bus is realized by a KVM of …",运软网络科技(上海)有限公司,王彦新,2011-11-30,2010-05-25,2010-05-25,,CN102262557A,en,https://patents.google.com/patent/CN102262557A/en,https://patentimages.storage.googleapis.com/15/a5/38/989eddabc201ea/CN102262557A.pdf,General,Logistics Context,ALL,parcel customs clearance,parcel customs clearance,
patent/US20130339134A1/en,Method and System for Auditing Advertising Agency Performance,Computerized techniques are disclosed for automatically converting buy data from advertising agencies into a common format for storage in a database. The commonly formatted buy data can be automatically analyzed to assess advertising agency performance in executing advertising plans on behalf of …,"Media Management, Incorporated",Thomas E. Bridge,2013-12-19,2013-08-15,2004-03-26,,US20130339134A1,en,https://patents.google.com/patent/US20130339134A1/en,https://patentimages.storage.googleapis.com/ee/c4/d6/8f2c3a735a9fe4/US20130339134A1.pdf,General,Logistics Context,ALL,parcel customs clearance,parcel customs clearance,
patent/CN108301874A/en,"Engine, rotating device, generator, generator system and its method of …","The invention discloses a kind of engines, rotating device, generator system and production and preparation method thereof.The engine includes a quick-fried and/or combustion chamber of shake, it is configured to shake detonation material, it is rotated with around a centre rotational axis, the …",李伟德,李伟德,2018-07-20,2017-07-24,2016-07-22,,CN108301874A,en,https://patents.google.com/patent/CN108301874A/en,https://patentimages.storage.googleapis.com/d3/ce/87/6df4cd290c99a0/CN108301874A.pdf,General,Logistics Context,ALL,parcel customs clearance,parcel customs clearance,
patent/CN112237662A/en,Drug delivery system and method of use,A drug delivery system includes a drug delivery device having a reservoir and a delivery cannula having a proximal end in fluid communication with the reservoir and a distal end to be received within a patient. The drug delivery system may further include one or more sensors coupled to the drug …,安姆根有限公司,费里·丹姆特罗,2021-01-19,2015-06-03,2014-06-03,,CN112237662A,en,https://patents.google.com/patent/CN112237662A/en,https://patentimages.storage.googleapis.com/55/d5/f4/2b30957dd3f110/CN112237662A.pdf,General,Logistics Context,ALL,parcel customs clearance,parcel customs clearance,
patent/CN103051468A/en,Operating system management of network interface devices,"Operating system management of network interface devices is described. In one or more implementations, a determination is made by an operating system that network traffic associated with one or more applications of the computing device has completed. Responsive to the determination, a network …",Microsoft Corporation,S.R.加塔,2013-04-17,2012-09-07,2011-09-09,,CN103051468A,en,https://patents.google.com/patent/CN103051468A/en,https://patentimages.storage.googleapis.com/ba/03/63/12a877cef98a56/CN103051468A.pdf,General,Logistics Context,ALL,parcel customs clearance,parcel customs clearance,
patent/CN102970155A/en,Keep alive management,"Keep alive management techniques are described. In one or more implementations, a keep alive interval is calculated by an operating system of the computing device. The keep alive interval is used to maintain one or more notification channels between one or more applications of the computing device …",Microsoft Corporation,S.R.加塔,2013-03-13,2012-09-07,2011-09-09,,CN102970155A,en,https://patents.google.com/patent/CN102970155A/en,https://patentimages.storage.googleapis.com/51/9e/e5/61a869e739929a/CN102970155A.pdf,General,Logistics Context,ALL,parcel customs clearance,parcel customs clearance,
patent/US12088666B2/en,Method and system for delivery of digital content,"A method, system, and computer-program product for identification of digital content using a meta-content identifier construct are disclosed. The method includes obtaining a meta-content identifier construct (where the meta-content identifier construct comprises information), identifying one or …","Providence IP, LLC",Frank Liu,2024-09-10,2021-05-07,2015-05-11,2024-09-10,US12088666B2,en,https://patents.google.com/patent/US12088666B2/en,https://patentimages.storage.googleapis.com/fa/3f/88/44513c708901bc/US12088666.pdf,General,Logistics Context,ALL,parcel customs clearance,parcel customs clearance,
patent/US20250174351A1/en,Senior living engagement and care support platforms with chatbot and list …,"Provided herein is an engagement and care support platform (“ECSP”) computer system including at least one processor in communication with at least one memory device for facilitating senior user engagement. The processor is programmed to: (i) register a user through an application, (ii) register a …",State Farm Mutual Automobile Insurance Company,Michael Dibenedetto,2025-05-29,2025-01-29,2021-01-29,,US20250174351A1,en,https://patents.google.com/patent/US20250174351A1/en,https://patentimages.storage.googleapis.com/5c/31/d0/713d9433f69430/US20250174351A1.pdf,General,Logistics Context,ALL,parcel customs clearance,parcel customs clearance,
patent/CN105074385A/en,"Interactive telemetry, mapping and trip planning system for recreational …","Interactive telemetry, mapping and trip planning system for recreational vehicles Background technology and content of the invention Recreational vehicles, such as motorcycles, or off-road vehicles, such as all-terrain vehicles (ATVs) and snowmobiles, are widely used for recreational purposes.",北极星工业有限公司,约瑟夫·D·萨拉德森,2015-11-18,2014-02-26,2013-02-26,,CN105074385A,en,https://patents.google.com/patent/CN105074385A/en,https://patentimages.storage.googleapis.com/17/81/a5/1bbd33f02bf753/CN105074385A.pdf,General,Logistics Context,ALL,parcel customs clearance,parcel customs clearance,
patent/WO2015171799A1/en,"Physically-based, geographical, oil, gas, water, and other fluids analysis …","Systems, apparatus, and methods for geographically analyzing physically-based, probabilistic, oil, gas, water, etc. data. Systems of some embodiments comprise interfaces, memories, displays, and processors. The processors perform methods further comprising accessing a plurality of physically-based …","Betazi, Llc",Heidi A. KUZMA,2015-11-12,2015-05-06,2014-05-06,,WO2015171799A1,en,https://patents.google.com/patent/WO2015171799A1/en,https://patentimages.storage.googleapis.com/df/d3/4e/e8279c3ef8e268/WO2015171799A1.pdf,General,Logistics Context,ALL,parcel customs clearance,parcel customs clearance,
patent/CN103841849A/en,Footwear with interchangeable bootie system,An interchangeable bootie system includes an article of footwear and a plurality of interchangeable booties. Each bootie includes a support system configured to provide targeted support to different regions of the foot. This allows a user to select a bootie that provides the desired type of …,耐克国际有限公司,T.L.哈特菲尔德,2014-06-04,2012-07-31,2011-08-04,,CN103841849A,en,https://patents.google.com/patent/CN103841849A/en,https://patentimages.storage.googleapis.com/28/4e/bb/572ed61686aa5a/CN103841849A.pdf,General,Logistics Context,ALL,parcel customs clearance,parcel customs clearance,
patent/US20240005027A1/en,"Data privacy architecture, systems, and methods","Systems, apparatuses, and methods for managing privacy of data are provided. The method includes providing at least one database containing user data, at least one processor in communication with the at least one database, a memory device including readable instructions, and at least one user …",Truist Bank,Chris McClennen,2024-01-04,2022-09-29,2022-06-30,,US20240005027A1,en,https://patents.google.com/patent/US20240005027A1/en,https://patentimages.storage.googleapis.com/d9/a3/76/21af3dbba26268/US20240005027A1.pdf,General,Logistics Context,ALL,parcel customs clearance,parcel customs clearance,
patent/CN102422552A/en,Inter-device wireless communication management scheme,"A scheme for managing two-way wireless communication between a controller and a plurality of controllable devices, wherein each controllable device is capable of providing to the controller an operable indication of a particular function on how to be controlled by the controller, and wherein a …",Xped控股股份有限公司,J.舒尔茨,2012-04-18,2010-03-26,2009-03-26,,CN102422552A,en,https://patents.google.com/patent/CN102422552A/en,https://patentimages.storage.googleapis.com/e3/8d/49/24add6d9451226/CN102422552A.pdf,General,Logistics Context,ALL,parcel customs clearance,parcel customs clearance,
patent/US12430222B2/en,Dedicated cloud regions at customer premises,Techniques are disclosed for managing aspects of a dedicated region cloud at a customer location (a “DRCC”). A DRCC may comprise cloud infrastructure components provided by a cloud provider and hosted by computing devices located at the customer's (a “cloud owner's”) location. Services of the …,Oracle International Corporation,James Walter Wichelman,2025-09-30,2023-08-14,2022-08-15,2025-09-30,US12430222B2,en,https://patents.google.com/patent/US12430222B2/en,,General,Logistics Context,ALL,parcel customs clearance,parcel customs clearance,
patent/CN117474108A/en,Quantum system selection via coupling graph comparison,"Systems/techniques are provided that facilitate quantum system selection via coupling diagram comparison. In various embodiments, the system may access a Quantum Machine Learning (QML) model. In various aspects, the system may identify a quantum computing system for the QML model from a set of …",国际商业机器公司,J·S·韦纳,2024-01-30,2023-07-26,2022-07-27,,CN117474108A,en,https://patents.google.com/patent/CN117474108A/en,https://patentimages.storage.googleapis.com/35/39/33/3e1d8baeeecaa5/CN117474108A.pdf,General,Logistics Context,ALL,parcel customs clearance,parcel customs clearance,
patent/CN109564636B/en,Training one neural network using another neural network,"The present disclosure presents methods, systems, and non-transitory machine-readable storage media for using one neural network to train another neural network. In an exemplary embodiment, the first DCNN is trained to output values of the first metric by inputting a plurality of sample documents …",Microsoft Technology Licensing Llc,U·梅尔哈夫,2023-05-02,2017-05-30,2016-05-31,2023-05-02,CN109564636B,en,https://patents.google.com/patent/CN109564636B/en,https://patentimages.storage.googleapis.com/9c/37/9c/631dd060323300/CN109564636B.pdf,General,Logistics Context,ALL,parcel customs clearance,parcel customs clearance,
patent/US11118936B1/en,System and method for performing operations on flight sensor data,"FIELD OF THE DISCLOSURE The present disclosure is generally related to performing operations on flight sensor data. BACKGROUND Improvements in technology have led to an increasing number of sensors on board vehicles, such as aircraft, automobiles, ships, drones, rockets, spacecraft, and so forth.",The Boeing Company,Changzhou Wang,2021-09-14,2019-01-15,2019-01-15,2021-09-14,US11118936B1,en,https://patents.google.com/patent/US11118936B1/en,https://patentimages.storage.googleapis.com/1d/34/92/2f54d9cb1f5589/US11118936.pdf,General,Logistics Context,ALL,parcel customs clearance,parcel customs clearance,
patent/WO2013049329A1/en,"Electronic offer optimization and redemption apparatuses, methods and systems","The ELECTRONIC OFFER OPTIMIZATION AND REDEMPTION SYSTEMS (""EOOR"") transform payment card information, user payment card selection preference, and purchase inputs via EOOR components into card addition completion. In one implementation the EOOR performs a method, comprising: receiving a purchase …",Visa International Service Association,Prakash Hariramani,2013-04-04,2012-09-27,2011-09-27,,WO2013049329A1,en,https://patents.google.com/patent/WO2013049329A1/en,https://patentimages.storage.googleapis.com/95/04/a2/2f5d06fec65ef9/WO2013049329A1.pdf,General,Logistics Context,ALL,parcel customs clearance,parcel customs clearance,
patent/KR20240121798A/en,3D models for augmented reality (AR),"The present disclosure provides a method for generating a 3D model of a reference surface. The method includes capturing a plurality of data points on a reference surface using a capture device, determining a position and an orientation of the capture device relative to the capturing of the …",스냅 인코포레이티드,마완 알주베,2024-08-09,2022-12-06,2021-12-06,,KR20240121798A,en,https://patents.google.com/patent/KR20240121798A/en,https://patentimages.storage.googleapis.com/d3/ba/27/03d621632d79f8/KR20240121798A.pdf,General,Logistics Context,ALL,parcel customs clearance,parcel customs clearance,
patent/CA3162510A1/en,Software-aided consistent analysis of documents,"The present technology pertains to a system for automatic analysis and segregation of documents. The system provides a graphical user interface for receiving inputs pertaining to a first document of a plurality of documents in a document analysis project. For example, the graphical user interfaces …",Joseph F. Dearing,Joseph F. Dearing,2022-12-11,2022-06-10,2021-06-11,,CA3162510A1,en,https://patents.google.com/patent/CA3162510A1/en,,General,Logistics Context,ALL,parcel customs clearance,parcel customs clearance,
patent/US20170236140A1/en,"Messaging system related to the management, analysis, tracking, and evaluation …",A technology platform presented as a software-as-a-service (SaaS) platform is discussed herein. The SaaS platform automatically encourages and rewards legitimate referrals and exchanges between potential and existing business partners. The example technology solution includes a number of custom …,Evauk Corporation,"Thomas Joseph Feduk, JR.",2017-08-17,2017-03-13,2015-06-01,,US20170236140A1,en,https://patents.google.com/patent/US20170236140A1/en,https://patentimages.storage.googleapis.com/d4/7c/6b/b50d319601d4fe/US20170236140A1.pdf,General,Logistics Context,ALL,parcel customs clearance,parcel customs clearance,
patent/CN1854953A/en,"Apparatus and method for controlling electric appliances using broadcast wave, …",An apparatus and a method for controlling an electric appliance using a broadcast wave are disclosed. Various electric appliances widely used in each household are so configured as to be equipped with a broadcast receiving module and receive a product-related additional data packet through the …,Lg电子株式会社,郑文镐,2006-11-01,2006-04-18,2005-04-18,,CN1854953A,en,https://patents.google.com/patent/CN1854953A/en,https://patentimages.storage.googleapis.com/a6/0b/52/cd8d8a8367f8b1/CN1854953A.pdf,General,Logistics Context,ALL,parcel customs clearance,parcel customs clearance,
patent/US11816321B1/en,Enhancing extraction rules based on user feedback,"Embodiments of the present invention are directed to enhancing extraction rules utilizing user feedback. In embodiments, a set of extraction rules relevant to an event set are provided for display. Thereafter, a selection of an extraction rule is received and, in response, a set of events matching …",Splunk Inc.,Li Li,2023-11-14,2019-01-31,2019-01-31,2023-11-14,US11816321B1,en,https://patents.google.com/patent/US11816321B1/en,https://patentimages.storage.googleapis.com/b9/94/9b/5b4e9100522b3a/US11816321.pdf,General,Logistics Context,ALL,parcel customs clearance,parcel customs clearance,
patent/US20210117574A1/en,Data privacy in online and physical world environments,"Systems, methods, and articles of manufacture for protecting personal data in digital and physical worlds in which the personal data of a networked computing system is used for physical world communications. Preauthorized permissions or rules of a computing system specify how personal data of a …","e2Post, Inc.",Kenton Abel,2021-04-22,2020-12-02,2010-03-16,,US20210117574A1,en,https://patents.google.com/patent/US20210117574A1/en,https://patentimages.storage.googleapis.com/66/74/53/49fbd84de22476/US20210117574A1.pdf,General,Logistics Context,ALL,parcel customs clearance,parcel customs clearance,
patent/CN116261757A/en,Method and integrated system for helping to establish personalized treatment …,"The present invention discloses a cloud-type computing architecture (200) for surgical support having modules for reconstructing two-dimensional and/or three-dimensional digital models from raw volumetric medical imaging data of a patient recorded in the architecture , a graphical display …",安贝斯医疗,A·德斯坦维尔,2023-06-13,2021-08-24,2020-09-02,,CN116261757A,en,https://patents.google.com/patent/CN116261757A/en,https://patentimages.storage.googleapis.com/e4/52/80/1710d032b1090b/CN116261757A.pdf,General,Logistics Context,ALL,parcel customs clearance,parcel customs clearance,
patent/CN114122118A/en,Different poly spacing for advanced integrated circuit structure fabrication,"Embodiments of the present disclosure pertain to the field of advanced integrated circuit structure fabrication, and in particular, to the fabrication of integrated circuit structures at the 10 nanometer node and smaller and the resulting structures. In an example, an integrated circuit structure …",Intel Corporation,A·图拉,2022-03-01,2021-07-29,2020-08-31,,CN114122118A,en,https://patents.google.com/patent/CN114122118A/en,https://patentimages.storage.googleapis.com/6d/60/84/14c1b981f0be0e/CN114122118A.pdf,General,Logistics Context,ALL,parcel customs clearance,parcel customs clearance,
patent/US20240264799A1/en,Entertainment Server And Associated Social Networking Services,"Certain exemplary embodiments relate to entertainment systems that interact with users so as to provide for social networking and/or other services. In certain exemplary embodiments, an entertainment system is configured to provide jukebox-related and entertainment system mediated services that …",Touchtunes Music Corporation,Dominique Dion,2024-08-08,2024-04-18,2009-03-18,,US20240264799A1,en,https://patents.google.com/patent/US20240264799A1/en,https://patentimages.storage.googleapis.com/48/79/1f/ad1d42297804af/US20240264799A1.pdf,General,Logistics Context,ALL,parcel customs clearance,parcel customs clearance,
patent/CN116955310A/en,Propagation of extensions to data workpieces,"Extended dissemination of data artifacts Technical Field The present disclosure generally relates to data artifacts, for example, database artifacts such as tables, views, or OLAP cubes, or artifacts that can be mapped to these database artifacts, such as artifacts in a virtual data model.",Sap Se,D·巴克曼,2023-10-27,2023-04-04,2022-04-05,,CN116955310A,en,https://patents.google.com/patent/CN116955310A/en,https://patentimages.storage.googleapis.com/2e/c0/e0/63e57841df3855/CN116955310A.pdf,General,Logistics Context,ALL,parcel customs clearance,parcel customs clearance,
patent/CN117941197A/en,"Renewable energy supply system, floating offshore solar power station and …","The renewable energy system 10 generates hydrogen using the electric energy generated by the floating offshore power station 100, synthesizes energy carriers using hydrogen as a raw material, stores the energy carriers, and converts the energy carriers into a predetermined energy form to supply to …",小林浩,小林浩,2024-04-26,2021-07-09,2021-07-09,,CN117941197A,en,https://patents.google.com/patent/CN117941197A/en,https://patentimages.storage.googleapis.com/e0/35/57/4c941b3124bbc3/CN117941197A.pdf,General,Logistics Context,ALL,parcel customs clearance,parcel customs clearance,
patent/JP2023010700A/en,Carbon-free energy supply system and carbon-free energy supply method,"PROBLEM TO BE SOLVED: To provide a system capable of producing, from a renewable energy resource, a sufficient amount of energy that may replace substantially the whole primary energy required on a nation scale and further on the global scale, and supplying the produced energy to a supply …",浩 小林,浩 小林,2023-01-20,2022-08-17,2021-07-09,,JP2023010700A,en,https://patents.google.com/patent/JP2023010700A/en,https://patentimages.storage.googleapis.com/f0/75/1d/573efe319a2391/JP2023010700A.pdf,General,Logistics Context,ALL,parcel customs clearance,parcel customs clearance,
patent/US20220076194A1/en,System and method for monitoring logistical locations and transit entities,"A system and method utilizing a canonical model for monitoring fixed entities, transit entities, and/or moveable objects include a circuit having one or more data collectors and a configuration database in communication with the circuit. The configuration database has a plurality of location asset …","FreightVerify, Inc.",Lorne Darnell,2022-03-10,2021-11-12,2018-12-21,,US20220076194A1,en,https://patents.google.com/patent/US20220076194A1/en,https://patentimages.storage.googleapis.com/bf/07/ee/3fb857b3f60e9a/US20220076194A1.pdf,General,Logistics Context,ALL,parcel customs clearance,parcel customs clearance,
patent/US20190318567A1/en,Digital downloading jukebox with enhanced communication features,"Systems and/or methods for use in connection with digital downloading jukeboxes are provided. Such systems and/or methods may be used to provide enhanced communications capabilities, e.g., to registered users of jukeboxes. In certain exemplary embodiments, users may become registered users …",Touchtunes Music Corporation,Dominique Dion,2019-10-17,2019-06-25,2002-09-16,,US20190318567A1,en,https://patents.google.com/patent/US20190318567A1/en,https://patentimages.storage.googleapis.com/d7/7b/a0/34a11807e654d3/US20190318567A1.pdf,General,Logistics Context,ALL,parcel customs clearance,parcel customs clearance,
patent/CN101489187A/en,Method and system for optimizing delivery of mobile content using differential …,"The invention relates to a method of and a system of optimizing content delivery within a content delivery channel at a processing element in a dynamic content delivery architecture, the content delivery channel having a plurality of logical or physical content types or a plurality of sub-channels …",捷讯研究有限公司,麦克尔·申菲尔德,2009-07-22,2008-11-05,2007-11-05,,CN101489187A,en,https://patents.google.com/patent/CN101489187A/en,https://patentimages.storage.googleapis.com/99/87/3b/002b0bc0a27693/CN101489187A.pdf,General,Logistics Context,ALL,parcel customs clearance,parcel customs clearance,
patent/CN108266566B/en,A kind of heat control valve,"The invention discloses a kind of heat control valves, including valve body, the first elastic element, the second elastic element, valve component, spool, thermostatic element, heat control valve includes six interfaces and respectively forms four valve port portions of a valve port: the first …",浙江三花汽车零部件有限公司,裘浩明,2019-08-23,2017-01-03,2017-01-03,2019-08-23,CN108266566B,en,https://patents.google.com/patent/CN108266566B/en,https://patentimages.storage.googleapis.com/00/3e/88/5ad81833ab70ba/CN108266566B.pdf,General,Logistics Context,ALL,parcel customs clearance,parcel customs clearance,
patent/WO2017059523A1/en,Collaborative networked transaction-building tool,"Systems, devices, and stored, machine-interpretable instruction sets for the secure, collaborative, efficient, and convenient processing of transaction data, and methods of using them. The invention may be particularly useful for building data sets useful in the purchase, sale, leasing, or other …",Snowstorm Technologies Inc.,Riaz PISANI,2017-04-13,2016-10-07,2015-10-07,,WO2017059523A1,en,https://patents.google.com/patent/WO2017059523A1/en,https://patentimages.storage.googleapis.com/89/82/e0/4f0b44f3efa9e7/WO2017059523A1.pdf,General,Logistics Context,ALL,parcel customs clearance,parcel customs clearance,
patent/US20220098640A1/en,Methods and Systems for Multiplex Gene Amplification from Ultra-Low DNA Input …,"Systems and methods of performing multiplex PCR on low and ultra-low quantities of starting template using custom primer sequences having a homotag. In some embodiments, these primers are capable of amplifying over 100 targets simultaneously and/or are capable of amplifying targets from low …",The Board Of Trustees Of The Leland Stanford Junior University,Curt Scharfe,2022-03-31,2019-09-11,2018-09-11,,US20220098640A1,en,https://patents.google.com/patent/US20220098640A1/en,https://patentimages.storage.googleapis.com/20/4a/d2/036c2b61b52e64/US20220098640A1.pdf,General,Logistics Context,ALL,parcel customs clearance,parcel customs clearance,
patent/US20140330597A1/en,Ticket transaction and pricing system,A ticket transfer system includes a ticket analyzer system includes logic adapted to receive an image of a ticket to an event. The ticket analyzer system includes logic adapted to extract information about the ticket from the image. The ticket analyzer includes logic adapted to apply the extracted …,Gametime,Brad Griffith,2014-11-06,2014-02-12,2013-02-12,,US20140330597A1,en,https://patents.google.com/patent/US20140330597A1/en,https://patentimages.storage.googleapis.com/44/d0/04/818782aced551a/US20140330597A1.pdf,General,Logistics Context,ALL,parcel customs clearance,parcel customs clearance,
patent/WO2008051414A2/en,Method and apparatus for viral presence adoption model,"A telecommunication system according to embodiments of the present invention includes a network (125); and a peer-to-peer registry service (106) coupled to the network, the peer-to-peer registry service (106) configured to pre-populate user lists of newly added subscribers by importing messaging …","Siemens Communications, Inc.",Victor Chan,2008-05-02,2007-10-17,2006-10-20,,WO2008051414A2,en,https://patents.google.com/patent/WO2008051414A2/en,https://patentimages.storage.googleapis.com/6a/38/44/be3e8ee7f52388/WO2008051414A2.pdf,General,Logistics Context,ALL,parcel customs clearance,parcel customs clearance,
patent/US7130885B2/en,Methods and apparatus providing electronic messages that are linked and …,A method for associating related electronic messages in computer storage. A first transportable application is created and stored. User input requesting creation of a link from the first transportable application to another transportable application is received. User input that selects a second …,"Zaplet, Inc.",Mala Chandra,2006-10-31,2001-09-05,2000-09-05,2006-10-31,US7130885B2,en,https://patents.google.com/patent/US7130885B2/en,https://patentimages.storage.googleapis.com/30/6a/cd/5917a557e37f55/US7130885.pdf,General,Logistics Context,ALL,parcel customs clearance,parcel customs clearance,
patent/US5774876A/en,Managing assets with active electronic tags,An object in a storage area or moving vehicle is monitored by attaching an electronic tag to the object. An electronic device detects the presence of the object by communicating with the tag while the object is in storage or is being moved by the vehicle. The tags may also determine the location …,Par Government Systems Corporation,Louis A. Woolley,1998-06-30,1996-06-26,1996-06-26,1998-06-30,US5774876A,en,https://patents.google.com/patent/US5774876A/en,https://patentimages.storage.googleapis.com/8f/12/69/80fa17c9a70fdd/US5774876.pdf,General,Logistics Context,ALL,parcel customs clearance,parcel customs clearance,
patent/US5959568A/en,Measuring distance,An object in a storage area or moving vehicle is monitored by attaching an electronic tag to the object. An electronic device detects the presence of the object by communicating with the tag while the object is in storage or is being moved by the vehicle. The tags may also determine the location …,Par Goverment Systems Corporation,Louis A. Woolley,1999-09-28,1996-06-26,1996-06-26,1999-09-28,US5959568A,en,https://patents.google.com/patent/US5959568A/en,https://patentimages.storage.googleapis.com/a4/14/7d/9fd4b1fb362859/US5959568.pdf,General,Logistics Context,ALL,parcel customs clearance,parcel customs clearance,
patent/US5892441A/en,Sensing with active electronic tags,An object in a storage area or moving vehicle is monitored by attaching an electronic tag to the object. An electronic device detects the presence of the object by communicating with the tag while the object is in storage or is being moved by the vehicle. The tags may also determine the location …,Par Government Systems Corporation,Louis A. Woolley,1999-04-06,1996-06-26,1996-06-26,1999-04-06,US5892441A,en,https://patents.google.com/patent/US5892441A/en,https://patentimages.storage.googleapis.com/43/66/87/a6f58d5754bf1b/US5892441.pdf,General,Logistics Context,ALL,parcel customs clearance,parcel customs clearance,
patent/US5804810A/en,Communicating with electronic tags,An object in a storage area or moving vehicle is monitored by attaching an electronic tag to the object. An electronic device detects the presence of the object by communicating with the tag while the object is in storage or is being moved by the vehicle. The tags may also determine the location …,Par Government Systems Corporation,Louis A. Woolley,1998-09-08,1996-06-26,1996-06-26,1998-09-08,US5804810A,en,https://patents.google.com/patent/US5804810A/en,https://patentimages.storage.googleapis.com/4a/9b/d2/9b7d8f6e2e910f/US5804810.pdf,General,Logistics Context,ALL,parcel customs clearance,parcel customs clearance,
patent/US5555201A/en,Method and system for creating and validating low level description of …,"A technique for hierarchical display of control and dataflow graphs allowing a user to view hierarchically filtered control and dataflow information related to a design. The technique employs information inherent in the design description and information derived from design synthesis to identify "" …",Lsi Logic Corporation,Carlos Dangelo,1996-09-10,1994-02-10,1990-04-06,1996-09-10,US5555201A,en,https://patents.google.com/patent/US5555201A/en,https://patentimages.storage.googleapis.com/fe/8a/55/9384e734fe645c/US5555201.pdf,General,Logistics Context,ALL,parcel customs clearance,parcel customs clearance,
patent/US6609108B1/en,Communication schema of online system and method of ordering consumer product …,"An online communication schema for communicating online vehicle orders is provided. The communication schema includes a customer request message, which includes an order message having order information, contact information and vehicle configuration. The order message includes a fleet order …",Ford Motor Company,Timothy E. Pulliam,2003-08-19,2000-04-04,1999-11-05,2003-08-19,US6609108B1,en,https://patents.google.com/patent/US6609108B1/en,https://patentimages.storage.googleapis.com/c4/e4/4c/7934bc11f90cd8/US6609108.pdf,General,Logistics Context,ALL,parcel customs clearance,parcel customs clearance,
patent/US6728685B1/en,Communication schema of online reporting system and method related to online …,"An online communication schema for reporting related to online ordering and tracking is provided. The communication schema comprises an order message having order information, order status, and dealer action information. The order message further includes a retail order message, and a tagged order …",Ford Motor Company,Gurpreet Ahluwalia,2004-04-27,2000-04-05,1999-11-05,2004-04-27,US6728685B1,en,https://patents.google.com/patent/US6728685B1/en,https://patentimages.storage.googleapis.com/49/a3/4b/804e34d8ef8724/US6728685.pdf,General,Logistics Context,ALL,parcel customs clearance,parcel customs clearance,
patent/US6654726B1/en,Communication schema of online system and method of status inquiry and tracking …,"An online communication schema for inquiring and tracking status of an online order for a product is provided. The communication schema comprises a consumer status request message, which includes a source identifier identifying a web site from which the consumer status request message originated, …",Ford Motor Company,Joe J. Hanzek,2003-11-25,2000-03-29,1999-11-05,2003-11-25,US6654726B1,en,https://patents.google.com/patent/US6654726B1/en,https://patentimages.storage.googleapis.com/9c/ea/bf/111636ea7d8828/US6654726.pdf,General,Logistics Context,ALL,parcel customs clearance,parcel customs clearance,
patent/US6980963B1/en,Online system and method of status inquiry and tracking related to orders for …,"An online system and method of inquiring and tracking the status of an online order for a product are provided. The system includes a consumer status query message, which includes a consumer identifier of a user who previously placed the online order for the product. A status translator is …",Ford Motor Company,Joe J. Hanzek,2005-12-27,2000-03-29,1999-11-05,2005-12-27,US6980963B1,en,https://patents.google.com/patent/US6980963B1/en,https://patentimages.storage.googleapis.com/e2/3c/10/1d1a5eef539080/US6980963.pdf,General,Logistics Context,ALL,parcel customs clearance,parcel customs clearance,
patent/US6901430B1/en,Online system and method of locating consumer product having specific …,An online system of locating consumer product having specific configuration in an enterprise production pipeline and inventory is provided. The system includes a locate client process operable to receive product configuration data and generate a search request message incorporating the product …,Ford Motor Company,Stephen Smith,2005-05-31,2000-03-31,1999-11-05,2005-05-31,US6901430B1,en,https://patents.google.com/patent/US6901430B1/en,https://patentimages.storage.googleapis.com/53/28/34/995e07d6c8b02b/US6901430.pdf,General,Logistics Context,ALL,parcel customs clearance,parcel customs clearance,
patent/US7496911B2/en,Installing supervisory process control and manufacturing software from a remote …,"A method is disclosed, in a supervisory process control system environment, for installing supervisory process control software from a central software deployment server. The software distribution method includes the step of first specifying a software component for a supervisory process control …","Invensys Systems, Inc.",Kevin Rowley,2009-02-24,2002-06-24,2001-06-22,2009-02-24,US7496911B2,en,https://patents.google.com/patent/US7496911B2/en,https://patentimages.storage.googleapis.com/c2/f7/ad/65c2e2af5a5d90/US7496911.pdf,General,Logistics Context,ALL,parcel customs clearance,parcel customs clearance,
patent/CN1123855C/en,Video information intelligent management system,A flexible video information storage and analysis apparatus stores a video information data base and a plurality of moving image content analysis algorithms for analyzing the video information in the data base. A user can manipulate a mouse to select one of the analysis algorithms. The selected …,传感电子公司,戴维·R·马克迈克,2003-10-08,1999-10-25,1996-10-31,2003-10-08,CN1123855C,en,https://patents.google.com/patent/CN1123855C/en,https://patentimages.storage.googleapis.com/89/36/b7/31c3a654f4eaf4/CN1123855C.pdf,General,Logistics Context,ALL,parcel customs clearance,parcel customs clearance,
patent/US7627503B1/en,Online system of ordering and specifying consumer product having specific …,"An online method of ordering and purchasing customized products is provided. The method includes receiving a custom order message incorporating order data and product configuration data submitted by an online user, and storing the order data and product configuration into a buyer database. The …",Ford Motor Company,Daryl L. Champagne,2009-12-01,2000-04-05,1999-11-05,2009-12-01,US7627503B1,en,https://patents.google.com/patent/US7627503B1/en,https://patentimages.storage.googleapis.com/f9/c5/59/9303b86e54a08d/US7627503.pdf,General,Logistics Context,ALL,parcel customs clearance,parcel customs clearance,
patent/US7171646B2/en,Generating source code for object oriented elements with language neutral …,"Methods and systems consistent with the present invention provide an improved software development tool that allows a programmer to develop source code by receiving an indication to form a link, receiving an indication of a first of the plurality of elements, receiving an indication of a second of …",Borland Software Corporation,Dietrich Charisius,2007-01-30,2001-04-20,1999-10-05,2007-01-30,US7171646B2,en,https://patents.google.com/patent/US7171646B2/en,https://patentimages.storage.googleapis.com/20/a6/45/28b3f5182d41ff/US7171646.pdf,General,Logistics Context,ALL,parcel customs clearance,parcel customs clearance,
patent/US6980935B2/en,"Method, apparatus and system for constructing and maintaining scenegraphs for …","A method, computer system or computer program is provided for interactively constructing, editing, rendering and manipulating geoscience models, including aggregating the functionality of a geometry system and a graphics system, enforcing consistency between the geometry system and the graphics …",Schlumberger Technology Corp.,HongQian Karen Lu,2005-12-27,2001-11-08,2001-07-31,2005-12-27,US6980935B2,en,https://patents.google.com/patent/US6980935B2/en,https://patentimages.storage.googleapis.com/4f/42/a0/1bd4ddb1ca8637/US6980935.pdf,General,Logistics Context,ALL,parcel customs clearance,parcel customs clearance,
patent/US6895388B1/en,Communication schema of online system and method of locating consumer product …,"An online communication schema for an online vehicle ordering and tracking system is provided. The communication schema includes a search request message and a search reply message. The search request message includes at least one search criteria, including make and model of a vehicle, and a …",Ford Motor Company,Stephen Smith,2005-05-17,2000-04-05,1999-11-05,2005-05-17,US6895388B1,en,https://patents.google.com/patent/US6895388B1/en,https://patentimages.storage.googleapis.com/c1/d4/2f/6d6f95752af91e/US6895388.pdf,General,Logistics Context,ALL,parcel customs clearance,parcel customs clearance,
patent/CN1192620C/en,Smart card for receiver of encrypted broadcast signal and receiver,"A smart card for use in a receiver of encrypted broadcast signals, comprising a microprocessor for controlling decryption of said signals. A memory coupled to the microprocessor. The microprocessor is adapted to control the individual decryption of a plurality of such signals from respective …",Canal+ Technologies Societe Anonyme,M·梅拉德,2005-03-09,1997-04-25,1997-03-21,2005-03-09,CN1192620C,en,https://patents.google.com/patent/CN1192620C/en,https://patentimages.storage.googleapis.com/b8/6f/b8/e5596ca73f4abe/CN1192620C.pdf,General,Logistics Context,ALL,parcel customs clearance,parcel customs clearance,
patent/CN1416352B/en,Outer membrane vesicle (OMV) vaccine containing Neisseria meningitidis …,A composition comprising (a) Neisseria meningitidis serogroup B (NmB) outer membrane vesicles (OMVs) and (b) an immunogenic component selected from other Neisseria proteins or immunogenic fragments thereof. Component (b) preferably comprises proteins from a different NmB strain than the OMVs from …,启龙股份公司,M·皮扎,2011-05-25,2001-01-17,2000-01-17,2011-05-25,CN1416352B,en,https://patents.google.com/patent/CN1416352B/en,https://patentimages.storage.googleapis.com/47/d5/50/4a727a8eee0d9e/CN1416352B.pdf,General,Logistics Context,ALL,parcel customs clearance,parcel customs clearance,
patent/CN1653819B/en,System and method of providing media content,"A system for providing content to a user, comprising a transmitter 502 for transmitting to a user's receiver/decoder 2000 guide data relating to a plurality of items of content, and each of said itemsof content to which said guide data relates, prior to commencement of a period of availability of …",汤姆森许可贸易公司,弗兰克·巴谢,2010-04-28,2003-05-09,2002-05-10,2010-04-28,CN1653819B,en,https://patents.google.com/patent/CN1653819B/en,https://patentimages.storage.googleapis.com/a7/8d/46/85da84f9281606/CN1653819B.pdf,General,Logistics Context,ALL,parcel customs clearance,parcel customs clearance,
patent/CN1274152C/en,Signal generation and broadcasting,"The invention includes a mostly conventional digital television system (2000) to transmit compressed digital signals. A multiplexer (2004) receives a plurality of further input signals, assembles one or more transport streams and transmits compressed digital signals to a transmitter (2008) of the …",Canal+ Technologies Societe Anonyme,l·菲谢,2006-09-06,1997-04-25,1997-03-21,2006-09-06,CN1274152C,en,https://patents.google.com/patent/CN1274152C/en,https://patentimages.storage.googleapis.com/57/62/11/d4eb38d9785407/CN1274152C.pdf,General,Logistics Context,ALL,parcel customs clearance,parcel customs clearance,
patent/CN100333918C/en,"Printing information processing appts.and method, printing appts.and printing …","In a printing process, an image quality identifier is referred to in a packet header of image data. It is determined whether the image quality identifier is '1' or '0', and when the image quality identifier is '1' indicating a high-quality image, six color printing is set. When the image quality …",Canon Kabushiki Kaisha,石本高一,2007-08-29,2005-02-25,2004-02-27,2007-08-29,CN100333918C,en,https://patents.google.com/patent/CN100333918C/en,https://patentimages.storage.googleapis.com/29/fd/4a/b1c5c0921377cd/CN100333918C.pdf,General,Logistics Context,ALL,parcel customs clearance,parcel customs clearance,
patent/US5557606A/en,Routing of voice communication at a cell site in a land mobile radio system,"A land mobile radio communication system has a plurality of cell sites, each of which typically has a plurality of repeaters. The over-the-air radio communications between the cell site repeaters and the mobile radios in the system include both a voice component and a data component. The data …",Uniden America Corporation,Billy G. Moon,1996-09-17,1994-06-10,1994-06-10,1996-09-17,US5557606A,en,https://patents.google.com/patent/US5557606A/en,https://patentimages.storage.googleapis.com/95/f5/ed/2e9aa805748309/US5557606.pdf,General,Logistics Context,ALL,parcel customs clearance,parcel customs clearance,
patent/US20030014266A1/en,Automated transactions of the funeral process,Methods and an associated apparatus for automating the funeral planning process are disclosed. Some methods involve providing a virtual funeral related transaction site to enable consumers to make selections electronically to plan a funeral without the need to visit a funeral home or interact …,"Funeral.Com, Inc.",Christopher Brown,2003-01-16,2001-01-26,2001-01-26,,US20030014266A1,en,https://patents.google.com/patent/US20030014266A1/en,https://patentimages.storage.googleapis.com/73/5e/1d/2f9e599bb455f3/US20030014266A1.pdf,General,Logistics Context,ALL,parcel customs clearance,parcel customs clearance,
patent/US20060204214A1/en,Picture line audio augmentation,"The subject invention provides a system and/or a method that facilitates creating an authored video with audio applied to at least one image/video segment within the authored video. An audio enhancement component can apply audio to at least one image/video segment, wherein an audio segment begins …",Microsoft Corporation,Mehul Shah,2006-09-14,2005-03-14,2005-03-14,,US20060204214A1,en,https://patents.google.com/patent/US20060204214A1/en,https://patentimages.storage.googleapis.com/5e/70/a2/69b83060b90ce9/US20060204214A1.pdf,General,Logistics Context,ALL,parcel customs clearance,parcel customs clearance,
patent/US20030013959A1/en,User interface for handheld imaging devices,"A Graphical User Interface (GUI) for an ultrasound system. The ultrasound system has operational modes, and the GUI has corresponding icons, tabs, and menu items Image and information fields. The User Interface (UI) provides several types of graphical elements with intelligent behavior, such as …",Sorin Grunwald,Sorin Grunwald,2003-01-16,2002-02-20,1999-08-20,,US20030013959A1,en,https://patents.google.com/patent/US20030013959A1/en,https://patentimages.storage.googleapis.com/da/19/e8/879f5a63c8dfe2/US20030013959A1.pdf,General,Logistics Context,ALL,parcel customs clearance,parcel customs clearance,
patent/US20040139001A1/en,Network based business to business portal for the retail convenience …,"Broadly, the invention provides an Electronic Marketplace Solution (EMS) which may be embodied, in part or in whole, as a method, system or computer readable medium of instructions. The invention provides a business to business Internet portal serving companies operating within the convenience …",Peter Henriques,Peter Henriques,2004-07-15,2002-03-01,2001-03-02,,US20040139001A1,en,https://patents.google.com/patent/US20040139001A1/en,https://patentimages.storage.googleapis.com/2d/80/c0/c1730725f09ce3/US20040139001A1.pdf,General,Logistics Context,ALL,parcel customs clearance,parcel customs clearance,
patent/JP3563127B2/en,Traffic control method,"In a traffic control method of executing a replenishment process of communication remaining amount data corresponding to a plurality of data links in frame relay communication at a predetermined set cycle, Time-division allocating means for distributing and allocating the plurality of data links …",富士通株式会社,尚 古賀,2004-09-08,1994-11-09,1994-11-09,2004-09-08,JP3563127B2,en,https://patents.google.com/patent/JP3563127B2/en,https://patentimages.storage.googleapis.com/f7/67/02/c88f567bf80c5f/JP3563127B2.pdf,General,Logistics Context,ALL,parcel customs clearance,parcel customs clearance,
patent/WO2025074889A1/en,"Information processing device, terminal device, information processing system, …",An information processing device according to the present disclosure comprises: a combination unit that combines two or more artificial intelligence (AI) models with added management information for managing each of the two or more AI models and generates a combined AI model; and a transmission …,ソニーセミコンダクタソリューションズ株式会社,雅也 加太,2025-04-10,2024-09-24,2023-10-05,,WO2025074889A1,en,https://patents.google.com/patent/WO2025074889A1/en,https://patentimages.storage.googleapis.com/b1/eb/aa/821867aa2c8fda/WO2025074889A1.pdf,General,Logistics Context,ALL,parcel customs clearance,parcel customs clearance,
patent/KR20250006713A/en,"Data management device, data management method and a computer-readable storage …","One embodiment of the present invention provides a data management method, including a step of controlling a kernel module to be driven when an operating system starts; and a step of modifying a system call table of the operating system when the kernel module is driven.",인스피언 주식회사,신동하,2025-01-13,2024-04-05,2023-07-04,,KR20250006713A,en,https://patents.google.com/patent/KR20250006713A/en,https://patentimages.storage.googleapis.com/8e/10/2d/02fff5cf1ee194/KR20250006713A.pdf,General,Logistics Context,ALL,parcel customs clearance,parcel customs clearance,
patent/CN1515087A/en,Signal Processing System in CDMA Receiver,"The present invention describes a multi-code spread spectrum receiver structure and method for reducing interference, especially observed at the user terminal of a W-CDMA 3G mobile communication system. By estimating the transmitted signal stream, or multiple signal streams in the presence of …",��ʽ���綫֥,���˶���P���ƶ�,2004-07-21,2003-01-24,2002-01-25,,CN1515087A,en,https://patents.google.com/patent/CN1515087A/en,https://patentimages.storage.googleapis.com/e2/73/98/a610aa6abc253e/CN1515087A.pdf,General,Logistics Context,ALL,parcel customs clearance,parcel customs clearance,
patent/KR20250135428A/en,"Data management device, data management method and a computer-readable …","One embodiment of the present invention provides a data management method, comprising: receiving log data in a data management platform that controls at least one engine or module included in a data management software package; compressing the log data in bucket units; and decompressing the log …",인스피언 주식회사,송균상,2025-09-15,2024-03-06,2024-03-06,,KR20250135428A,en,https://patents.google.com/patent/KR20250135428A/en,,General,Logistics Context,ALL,parcel customs clearance,parcel customs clearance,
patent/KR20250143167A/en,"Data management device, data management method and a computer-readable …","One embodiment of the present invention provides a data management method, comprising: a step of searching for an event in a data management platform that controls at least one engine or module included in a data management software package; a step of generating an incident for the event during a …",인스피언 주식회사,송균상,2025-09-30,2024-03-21,2024-03-21,,KR20250143167A,en,https://patents.google.com/patent/KR20250143167A/en,,General,Logistics Context,ALL,parcel customs clearance,parcel customs clearance,
patent/KR20250147482A/en,"Data management device, data management method and a computer-readable …","One embodiment of the present invention provides a data management method, comprising: extracting personal information from collected data; encrypting the personal information and storing it as first data; checking whether a field included in the stored first data is encrypted; storing detailed …",인스피언 주식회사,이승현,2025-10-13,2024-04-04,,,KR20250147482A,en,https://patents.google.com/patent/KR20250147482A/en,,General,Logistics Context,ALL,parcel customs clearance,parcel customs clearance,
patent/KR20250146386A/en,"Data management device, data management method and a computer-readable …","One embodiment of the present invention provides a data management method, comprising: collecting data from at least one agent; and setting a channel type that distinguishes how the agent collects the data through an agent setting pop-up; wherein the agent is installed on a host server and …",인스피언 주식회사,송균상,2025-10-13,2024-04-01,,,KR20250146386A,en,https://patents.google.com/patent/KR20250146386A/en,,General,Logistics Context,ALL,parcel customs clearance,parcel customs clearance,
patent/KR20250143567A/en,"Data management device, data management method and a computer-readable …","One embodiment of the present invention provides a data management method, comprising: a step of obtaining a search condition by user input in a data management platform that controls at least one engine or module included in a data management software package; a step of searching log data based …",인스피언 주식회사,신동하,2025-10-02,2024-03-25,,,KR20250143567A,en,https://patents.google.com/patent/KR20250143567A/en,,General,Logistics Context,ALL,parcel customs clearance,parcel customs clearance,
patent/KR20250145318A/en,"Data management device, data management method and a computer-readable …","One embodiment of the present invention provides a data management method, comprising: a step of monitoring version information of at least one agent that collects data; a step of generating a command required for the update based on a request for updating the version information; and a step of …",인스피언 주식회사,송균상,2025-10-13,2024-03-28,,,KR20250145318A,en,https://patents.google.com/patent/KR20250145318A/en,,General,Logistics Context,ALL,parcel customs clearance,parcel customs clearance,
patent/KR20250140716A/en,"Data management device, data management method and a computer-readable …","One embodiment of the present invention provides a data management method, comprising the steps of: obtaining user input specifying a query type for a query generation user interface (UI) in a data management platform that controls at least one engine or module included in a data management …",인스피언 주식회사,송균상,2025-09-26,2024-03-19,2024-03-19,,KR20250140716A,en,https://patents.google.com/patent/KR20250140716A/en,,General,Logistics Context,ALL,parcel customs clearance,parcel customs clearance,
patent/KR20230110526A/en,Snap Fit Linkable Golf Bag Assembly,"A golf bag having a stand assembly and a subassembly that together form a carry bag are disclosed herein. The subassembly may include a divider top, a base, a flat extending between the divider top and the base, and an outer ring. The outer ring defines a recess configured to receive an upper …",카스턴 매뉴팩츄어링 코오포레이숀,제임스 디 마르텔,2023-07-24,2021-11-04,2020-11-04,,KR20230110526A,en,https://patents.google.com/patent/KR20230110526A/en,https://patentimages.storage.googleapis.com/d4/37/7f/6f6634fb7f8503/KR20230110526A.pdf,General,Logistics Context,ALL,parcel customs clearance,parcel customs clearance,
patent/WO2025216405A1/en,"Data management device, data management method, and computer-readable recording …","The present invention relates to a data management method comprising the steps of: collecting packets; analyzing the collected packets; and monitoring the analyzed packets. According to one embodiment of the present invention, innovative technology for data management in an ERP system, data …",인스피언 주식회사,신동하,2025-10-16,2025-01-22,2024-04-08,,WO2025216405A1,en,https://patents.google.com/patent/WO2025216405A1/en,,General,Logistics Context,ALL,parcel customs clearance,parcel customs clearance,
patent/KR20250149022A/en,"Data management device, data management method and a computer-readable …","One embodiment of the present invention provides a data management method, comprising: receiving data; analyzing a TCP packet of the received data; analyzing the data based on a protocol of the data to generate XML data for at least one of a request screen and a response screen and storing the XML …",인스피언 주식회사,신동하,2025-10-15,2024-04-08,,,KR20250149022A,en,https://patents.google.com/patent/KR20250149022A/en,,General,Logistics Context,ALL,parcel customs clearance,parcel customs clearance,
patent/KR20250135427A/en,"Data management device, data management method and a computer-readable …","One embodiment of the present invention provides a data management method, comprising: a step of detecting a user's access to a computing system in a data management platform that controls at least one engine or module included in a data management software package; and a step of transmitting an …",인스피언 주식회사,송균상,2025-09-15,2024-03-06,2024-03-06,,KR20250135427A,en,https://patents.google.com/patent/KR20250135427A/en,,General,Logistics Context,ALL,parcel customs clearance,parcel customs clearance,
patent/US11810060B2/en,Systems and methods for facilitating e-commerce product returns using orders …,"A merchant can use an e-commerce platform to sell products to customers, and customers can use the e-commerce platform to return items that they are unsatisfied with back to the merchant. These product returns have an associated cost. Embodiments of the present disclosure relate to computer- …",Shopify Inc.,Anthony Nicholas Kentris,2023-11-07,2022-03-22,2019-11-18,2023-11-07,US11810060B2,en,https://patents.google.com/patent/US11810060B2/en,https://patentimages.storage.googleapis.com/87/0d/69/a64ebc461bcb73/US11810060.pdf,General,Logistics Context,ALL,package customs automation,package customs automation,
patent/JP7100106B2/en,Drug delivery system and usage,"It ’s a drug delivery device, A housing with an outer surface and An opening formed on the outer surface of the housing and With a storage unit at least partially located in the housing, A delivery member having a proximal end and a distal end that are fluidly connected to or configured to connect …",アムジエン・インコーポレーテツド,フェリー・タムトロ,2022-07-12,2020-12-08,2014-06-03,2022-07-12,JP7100106B2,en,https://patents.google.com/patent/JP7100106B2/en,https://patentimages.storage.googleapis.com/c4/4c/df/b1a8e9a855b055/JP7100106B2.pdf,General,Logistics Context,ALL,package customs automation,package customs automation,
patent/US20250113152A1/en,Switching Binaural Sound,"A method provides binaural sound to a person through electronic earphones. The binaural sound localizes to a sound localization point (SLP) in empty space that is away from but proximate to the person. When an event occurs, the binaural sound switches or changes to stereo sound, to mono sound, or …",Philip Scott Lyren,Philip Scott Lyren,2025-04-03,2024-12-13,2015-12-27,,US20250113152A1,en,https://patents.google.com/patent/US20250113152A1/en,https://patentimages.storage.googleapis.com/cf/78/69/0463c7d247034f/US20250113152A1.pdf,General,Logistics Context,ALL,package customs automation,package customs automation,
patent/US8413131B2/en,Method and system for computer based testing using an amalgamated resource file,"A system for computer-based testing for producing a test and delivering the test to an examinee includes a storage device that has a first storage location, which stores a first segment of a test definition language, and a second storage location, which stores a second segment of the test …",Prometric Inc.,Clarke D. Bowers,2013-04-02,2010-07-15,2001-11-13,2013-04-02,US8413131B2,en,https://patents.google.com/patent/US8413131B2/en,https://patentimages.storage.googleapis.com/88/42/22/1cfbed688a1956/US8413131.pdf,General,Logistics Context,ALL,package customs automation,package customs automation,
patent/US8798520B2/en,System and method for computer based testing using cache and cacheable objects …,"A system and method for computer-based testing includes a test driver that controls delivery of a computer-based test to one or more test candidates and that controls caching of test components during delivery of the test. The system includes various monitoring components, including monitoring of …",Prometric Inc.,Christopher Crowhurst,2014-08-05,2011-08-03,2003-06-20,2014-08-05,US8798520B2,en,https://patents.google.com/patent/US8798520B2/en,https://patentimages.storage.googleapis.com/9c/4f/92/69f2c7507aa802/US8798520.pdf,General,Logistics Context,ALL,package customs automation,package customs automation,
patent/US20100300163A1/en,A Combination Lock Having Wheels with A Plurality Of Cams,Disclosed is a combination lock having a wheel pack and a plurality of wheels in the wheel pack. At least one of the wheels has a plurality of cams on one side of the wheel which increases the difficulty in opening the lock without the proper combination. Each of the wheels can include a plurality …,Stanton Concepts Inc.,John Loughlin,2010-12-02,2009-05-29,2009-05-29,,US20100300163A1,en,https://patents.google.com/patent/US20100300163A1/en,https://patentimages.storage.googleapis.com/de/03/f2/803a3a8aa74d20/US20100300163A1.pdf,General,Logistics Context,ALL,package customs automation,package customs automation,
patent/US20090172699A1/en,Architectural Design for Service Procurement Application Software,"Methods, systems, and apparatus, including computer program products, for implementing a software architecture design for a software application implementing service procurement. The application is structured as multiple process components interacting with each other through service interfaces, …",Christoph Jungkind,Christoph Jungkind,2009-07-02,2007-12-31,2007-12-31,,US20090172699A1,en,https://patents.google.com/patent/US20090172699A1/en,https://patentimages.storage.googleapis.com/2b/7f/d1/c88e0f681944fd/US20090172699A1.pdf,General,Logistics Context,ALL,package customs automation,package customs automation,
patent/US20090280862A1/en,Tool Operated Combination Lock,"Disclosed is a system for opening a combination lock with a tool, the tool having a communication apparatus for communicating information related to the opening of the lock with a mobile telephone. Instructions to open a lock are provided by a mobile telephone to the tool. The tool is enabled to …",Stanton Concepts Inc.,Robert Loughlin,2009-11-12,2009-05-29,2004-07-22,,US20090280862A1,en,https://patents.google.com/patent/US20090280862A1/en,https://patentimages.storage.googleapis.com/32/64/39/447e047db385ab/US20090280862A1.pdf,General,Logistics Context,ALL,package customs automation,package customs automation,
patent/WO2013040382A2/en,A relational database model optimized for the use and maintenance of watchlist …,"A data structure embodied on a computer-readable medium in conformance with a database schema for accessing and managing data related to a plurality of watchlist in a relational database system in a high demand environment, wherein the database schema comprising a watchlist table, a watchlist …",Raytheon Company,Bryan J. WALASCHEK,2013-03-21,2012-09-14,2011-09-14,,WO2013040382A2,en,https://patents.google.com/patent/WO2013040382A2/en,https://patentimages.storage.googleapis.com/cd/f1/13/2ff78089c029cc/WO2013040382A2.pdf,General,Logistics Context,ALL,package customs automation,package customs automation,
patent/CA2530064A1/en,System and method for computer based testing using cache and cacheable objects …,"A system and method for computer-based testing includes a test driver that controls delivery of a computer-based test to one or more test candidates and that controls caching of test components during delivery of the test. The system includes various monitoring components, including monitoring of …",Thomson Prometric,Christopher Crowhurst,2004-12-29,2004-06-21,2003-06-20,,CA2530064A1,en,https://patents.google.com/patent/CA2530064A1/en,https://patentimages.storage.googleapis.com/d2/22/a8/d453273b91655a/CA2530064A1.pdf,General,Logistics Context,ALL,package customs automation,package customs automation,
patent/HK1259921A1/en,Dynamic reverse gas stack model for portable chemical detection devices to …,"1. A system, comprising: a molecular detector adapted to generate information indicative of the presence of one or more target molecules based on one or more samples of an environment; a positioning system configured to generate location information representative of one or more locations, each of …",University Of North Texas,古伊德·富兰朵林·弗尔贝克四世,2019-12-06,2016-10-12,2015-10-19,,HK1259921A1,en,https://patents.google.com/patent/HK1259921A1/en,https://patentimages.storage.googleapis.com/6b/3f/db/60336a15a6a999/HK1259921A1.pdf,General,Logistics Context,ALL,package customs automation,package customs automation,
patent/CN1254429A/en,Invoice purchase order system,A system and method for tracking and reconciling a plurality of purchase orders between a customer (100) and a manufacturer and a payment between a financial institution and a beneficiary pursuant to a letter of credit corresponding to the plurality of purchase orders. The system includes a …,国有花旗银行,特里萨·M·格林,2000-05-24,1997-02-07,1996-02-09,,CN1254429A,en,https://patents.google.com/patent/CN1254429A/en,https://patentimages.storage.googleapis.com/42/20/d5/24fa5b75b3314e/CN1254429A.pdf,General,Logistics Context,ALL,package customs automation,package customs automation,
patent/EP3151884B1/en,Drug delivery system and method of use,"A drug delivery system (100) comprising: a drug delivery device (602, 700, 800, 1700, 1800, 1900, 2000, 2100, 2200, 2300, 2400 2500, 2600, 2700, 2800, 2900, 3000, 3100) comprising a reservoir (604, 650, 712, 840, 1710, 1810, 1910, 2010, 2110, 2210, 2310, 2410, 2510, 2610, 2710, 2810, 2910), a …",Amgen Inc.,Ferry Tamtoro,2025-08-13,2015-06-03,2014-06-03,2025-08-13,EP3151884B1,en,https://patents.google.com/patent/EP3151884B1/en,,General,Logistics Context,ALL,shipment customs threshold,shipment customs threshold,
patent/US10235908B2/en,Tamper-proof electronic bolt-seal,A tamper-proof bolt-seal incorporating a unique identification tamper detection sensor that cannot be restored or duplicated after the bolt. The sensor employs a resistive sensor wire embedded in the bolt. The resistive sensor wire has a randomized length to enable a unique resistive value for …,"Evigia Systems, Inc.",Navid Yazdi,2019-03-19,2018-09-10,2015-10-12,2019-03-19,US10235908B2,en,https://patents.google.com/patent/US10235908B2/en,https://patentimages.storage.googleapis.com/32/5b/07/4ec48bf8a84e77/US10235908.pdf,General,Logistics Context,ALL,shipment customs threshold,shipment customs threshold,
patent/US20200348626A1/en,System and method for fast-converging digital-to-time converter (dtc) gain …,"A system and method for fast converging gain calibration for phase lock loops (PLL) are herein disclosed. According to one embodiment, a method includes receiving, with a voltage generation circuit, an input value representing a difference between a sampled voltage and a reference voltage, and …","Samsung Electronics Co., Ltd.",Chih-Wei Yao,2020-11-05,2020-07-22,2018-01-05,,US20200348626A1,en,https://patents.google.com/patent/US20200348626A1/en,https://patentimages.storage.googleapis.com/d2/30/8d/95bbf9285cdf00/US20200348626A1.pdf,General,Logistics Context,ALL,shipment customs threshold,shipment customs threshold,
patent/CN108473305B/en,"System and method to detect the source of a molecule, and computer readable …","The present invention includes an apparatus and method for detecting the location of one or more sources of one or more target molecules, the apparatus comprising: a molecular detector; and a processor connected to the molecular detector and to a global positioning system, wherein the processor …",University Of North Texas,古伊德·富兰朵林·弗尔贝克四世,2020-01-03,2016-10-12,2015-10-19,2020-01-03,CN108473305B,en,https://patents.google.com/patent/CN108473305B/en,https://patentimages.storage.googleapis.com/b0/1e/68/98de5b294fbd41/CN108473305B.pdf,General,Logistics Context,ALL,shipment customs threshold,shipment customs threshold,
patent/US8798915B2/en,"System and method for the collaborative collection, assignment, visualization, …","System, methods, apparatus and media for the geo-spatial capture and transcription of family trees, vital records, census records, land transfer records, cemetery records, and organizational membership records; for assigning deterministic and probabilistic relationships between people in …","Ancestralhunt Partners, Llc",Carl M. Dzubay,2014-08-05,2013-12-13,2009-06-10,2014-08-05,US8798915B2,en,https://patents.google.com/patent/US8798915B2/en,https://patentimages.storage.googleapis.com/9d/a4/33/54fe4efb687f6c/US8798915.pdf,General,Logistics Context,ALL,shipment customs threshold,shipment customs threshold,
patent/US8595077B2/en,Architectural design for service request and order management application …,"Methods, systems, and apparatus, including computer program products, for implementing a software architecture design for a software application implementing service request and order management. The application is structured as multiple process components interacting with each other through …",Sap Ag,Alexander Koegler,2013-11-26,2008-09-18,2008-09-18,2013-11-26,US8595077B2,en,https://patents.google.com/patent/US8595077B2/en,https://patentimages.storage.googleapis.com/81/3d/e0/e92d194516cbe8/US8595077.pdf,General,Logistics Context,ALL,shipment customs threshold,shipment customs threshold,
patent/US20110282476A1/en,Systems and methods of on demand manufacturing of customized products,"Systems and methods are described herein relating to managing an on-demand manufacturing supply chain personalization process. In some embodiments, the management system and method is described in order to manufacturing customized products according to image and customization data with images …","Skinit, Inc.",Darrin G. HEGEMIER,2011-11-17,2011-05-09,2010-05-07,,US20110282476A1,en,https://patents.google.com/patent/US20110282476A1/en,https://patentimages.storage.googleapis.com/45/5e/8d/17c300b912361b/US20110282476A1.pdf,General,Logistics Context,ALL,shipment customs threshold,shipment customs threshold,
patent/WO2010091294A2/en,New targeted antimicrobial moieties,This invention provides novel targeted antimicrobial compositions. In various embodiments chimeric moieties are provided comprising an antimicrobial peptide attached to a peptide targeting moiety that binds a bacterial strain or species.,The Regents Of The University Of California,Randal H. Eckert,2010-08-12,2010-02-05,2009-02-05,,WO2010091294A2,en,https://patents.google.com/patent/WO2010091294A2/en,https://patentimages.storage.googleapis.com/7a/2f/63/d3d5d3516eb4ff/WO2010091294A2.pdf,General,Logistics Context,ALL,shipment customs threshold,shipment customs threshold,
patent/WO2015172082A1/en,Codon-optimized recombinant phage and methods of using same,"Composition and methods for the detection of one or more target microbe(s) are provided. Compositions of the disclosure include at least one recombinant phage capable of infecting a target microbe, said phage comprising at least a capsid protein sequence, a ribosome binding site, and a codon- …","Sample6 Technologies, Inc.",Michael Sandor Koeris,2015-11-12,2015-05-08,2014-05-09,,WO2015172082A1,en,https://patents.google.com/patent/WO2015172082A1/en,https://patentimages.storage.googleapis.com/c9/1e/9f/3a09999853417e/WO2015172082A1.pdf,General,Logistics Context,ALL,shipment customs threshold,shipment customs threshold,
patent/CA3182957A1/en,Compositions for solubilizing water-insoluble active ingredients,"COMPOSITIONS FOR SOLUBILIZING WATER-INSOLUBLE ACTIVE INGREDIENTS CROSS-REFERENCE TO RELATED APPLICATIONS This application claims priority under 35 U.S.C. 119(e) to U.S. Provisional Application No. 63/041,839, filed June 20, 2020, which is hereby incorporated by reference in its entirety herein.",Neha CHAVAN,Neha CHAVAN,2021-12-23,2021-06-17,2020-06-20,,CA3182957A1,en,https://patents.google.com/patent/CA3182957A1/en,,General,Logistics Context,ALL,shipment customs threshold,shipment customs threshold,
patent/WO2018045061A1/en,Apparatus and method for optical ultrasound simulation,"A training method for imaging includes obtaining a dataset volume for an organ of a patient in an ultrasound imaging mode, and providing a template associated with the dataset volume to an optical ultrasound system location. The method also includes providing a virtual transducer with a label …",Abella Gustavo,Gustavo ABELLA,2018-03-08,2017-08-30,2016-08-30,,WO2018045061A1,en,https://patents.google.com/patent/WO2018045061A1/en,https://patentimages.storage.googleapis.com/2e/29/ee/764ca59e89b85d/WO2018045061A1.pdf,General,Logistics Context,ALL,shipment customs threshold,shipment customs threshold,
patent/CN101016005A/en,Correcting replenishing table for Chinese character numeral checking look-up …,"The invention relates to a correct list of Chinese character digit search contrast lift with fixed code length, as the correction and compensation for the Chinese character digit search contrast lift with fixed code length whose application number is 200610148815.X. The invention is characterized …",严振华,严振华,2007-08-15,2007-02-15,2007-02-15,,CN101016005A,en,https://patents.google.com/patent/CN101016005A/en,https://patentimages.storage.googleapis.com/c7/92/5f/e6f52cb3891c15/CN101016005A.pdf,General,Logistics Context,ALL,shipment customs threshold,shipment customs threshold,
patent/US6463419B1/en,Internet system for exchanging and organizing vessel transport information,"A ship chartering system is implemented on a computer or telecommunications network, such as the Internet, and is meant to supplement or replace services offered by current shipping brokers. The system allows a charterer to locate acceptable ships, receive bids from ship owners, and negotiate …",Chartering Solutions,Stewart R. Kluss,2002-10-08,2000-03-07,2000-03-07,2002-10-08,US6463419B1,en,https://patents.google.com/patent/US6463419B1/en,https://patentimages.storage.googleapis.com/6b/63/b2/0d93be5a46e7f9/US6463419.pdf,General,Logistics Context,ALL,shipment customs threshold,shipment customs threshold,
patent/CN101322091B/en,Multi-target detection and application project state navigation system,"Complex collaborative or decision support applications perform complex design or planning tasks, often with input from many groups of people over time. The combination of time and complexity often obscures past actions, making it difficult to remember factors that influenced earlier stages of a …",埃森哲全球服务有限公司,K·L·登普斯基,2010-12-01,2006-11-17,2005-11-18,2010-12-01,CN101322091B,en,https://patents.google.com/patent/CN101322091B/en,https://patentimages.storage.googleapis.com/06/83/08/c988b33dc41c5a/CN101322091B.pdf,General,Logistics Context,ALL,shipment customs threshold,shipment customs threshold,
patent/WO1997050057A9/en,Communicating with electronic tags,"COMMUNICATING WITH ELECTRONIC TAGS Background of the Invention This invention relates to managing assets equipped with active electronic tags. Asset management systems attempt to monitor the existence, location and status of items being transported or stored. The systems include two main types.",Unknown,,1998-03-19,1997-06-26,,,WO1997050057A9,en,https://patents.google.com/patent/WO1997050057A9/en,,General,Logistics Context,ALL,shipment customs threshold,shipment customs threshold,
patent/WO2001067337A9/en,Internet system for exchanging and organizing vessel transport information,"A ship chartering system is implemented on a computer of telecommunications network (Fig. 15 - 30a), such as the Internet, and is meant to supplement or replace services offered by current shipping brokers. The system allows a charterer to locate acceptable ships (Fig. 15 - 1506), receive bids …",Chartering Solutions,Stewart R Kluss,2002-10-31,2001-01-19,2000-03-07,,WO2001067337A9,en,https://patents.google.com/patent/WO2001067337A9/en,,General,Logistics Context,ALL,shipment customs threshold,shipment customs threshold,
patent/EP1639567A2/en,System and method for computer based testing using cache and cacheable objects …,"A system and method for computer-based testing includes a test driver that controls delivery of a computer-based test to one or more test candidates and that controls caching of test components during delivery of the test. The system includes various monitoring components, including monitoring of …",Thomson Prometric,Christopher Crowhurst,2006-03-29,2004-06-21,2003-06-20,,EP1639567A2,en,https://patents.google.com/patent/EP1639567A2/en,,General,Logistics Context,ALL,shipment customs threshold,shipment customs threshold,
patent/KR20220099861A/en,Electronic device and method for processing a request of a call in electronic …,"According to various embodiments, an electronic device comprises: a memory; at least one antenna module; and at least one communication processor for receiving a communication service from a first communication network, a second communication network, and an IP multimedia subsystem (IMS) network …",삼성전자주식회사,이경훈,2022-07-14,2021-01-07,2021-01-07,,KR20220099861A,en,https://patents.google.com/patent/KR20220099861A/en,https://patentimages.storage.googleapis.com/1d/3b/11/4ee2b903ee749d/KR20220099861A.pdf,General,Logistics Context,ALL,shipment customs threshold,shipment customs threshold,
patent/KR102506249B1/en,Drug delivery system and method of use,"Drug delivery system and method of use {DRUG DELIVERY SYSTEM AND METHOD OF USE} Cross-Reference to Related Applications Priority is claimed to U.S. Provisional Patent Application No. 62/007,007, filed on June 3, 2014, the entire contents of which are expressly incorporated herein by reference.",암겐 인코포레이티드,페리 탐토로,2023-03-03,2015-06-03,2014-06-03,2023-03-03,KR102506249B1,en,https://patents.google.com/patent/KR102506249B1/en,https://patentimages.storage.googleapis.com/fd/25/22/c89ed87815e3be/KR102506249B1.pdf,General,Logistics Context,ALL,logistics customs value,logistics customs value,
patent/US20210085424A1/en,Light displays in a medical device,"An example medical device may include a first component including an interface, a light feature surrounding at least part of the interface, and a controller coupled to the light feature and including a memory in which are stored instructions for the controller causing a first illumination state of …","Intuitive Surgical Operations, Inc.",Timothy B. Hulford,2021-03-25,2018-07-25,2017-07-27,,US20210085424A1,en,https://patents.google.com/patent/US20210085424A1/en,https://patentimages.storage.googleapis.com/a9/33/06/e76920e0a7e8c5/US20210085424A1.pdf,General,Logistics Context,ALL,logistics customs value,logistics customs value,
patent/US20210118562A1/en,Emergency management system,"A method for monitoring a person includes generating information by a sensor, providing the information to a processor, determining one of 4 states by the processor, providing a result of the determination.",Jeffrey A. Matos,Jeffrey A. Matos,2021-04-22,2020-12-29,2005-08-17,,US20210118562A1,en,https://patents.google.com/patent/US20210118562A1/en,https://patentimages.storage.googleapis.com/21/18/83/e1d0435910300a/US20210118562A1.pdf,General,Logistics Context,ALL,logistics customs value,logistics customs value,
patent/US20190394325A1/en,"Multi-level control, variable access, multi-user contextual intelligent …","An interactive, electronic network that enables multi-level control, variable access, multi-user communications of real-time contextually relevant data or information among network-connected devices, and actions based on those communications, as the network-connected devices move from one location …",Bernt Erik Bjontegard,Bernt Erik Bjontegard,2019-12-26,2019-08-29,2016-04-18,,US20190394325A1,en,https://patents.google.com/patent/US20190394325A1/en,https://patentimages.storage.googleapis.com/79/0c/40/b0ed7b2d0a9852/US20190394325A1.pdf,General,Logistics Context,ALL,logistics customs value,logistics customs value,
patent/US20200076439A1/en,Apparatus and methods for system clock compensation,Apparatus and methods for clock synchronization and frequency translation are provided herein. Clock synchronization and frequency translation integrated circuits (ICs) generate one or more output clock signals having a controlled timing relationship with respect to one or more reference signals.,Analog Devices International Unlimited Company,Neil E. Weeks,2020-03-05,2019-11-07,2017-06-28,,US20200076439A1,en,https://patents.google.com/patent/US20200076439A1/en,https://patentimages.storage.googleapis.com/eb/b2/6f/24c2c5d1cbfc3d/US20200076439A1.pdf,General,Logistics Context,ALL,logistics customs value,logistics customs value,
patent/US10515049B1/en,Memory circuits and methods for distributed memory hazard detection and error …,"Methods and apparatuses relating to distributed memory hazard detection and error recovery are described. In one embodiment, a memory circuit includes a memory interface circuit to service memory requests from a spatial array of processing elements for data stored in a plurality of cache banks;",Intel Corporation,Kermin E. Fleming,2019-12-24,2017-07-01,2017-07-01,2019-12-24,US10515049B1,en,https://patents.google.com/patent/US10515049B1/en,https://patentimages.storage.googleapis.com/11/a6/b1/1bbad207a32925/US10515049.pdf,General,Logistics Context,ALL,logistics customs value,logistics customs value,
patent/US9325483B2/en,Flexible MIMO resource allocation through cross-correlation nulling and …,An access node in a wireless communication network receives a transmission that includes first and second signals. The first and second signals may be layers of a multiple-input multiple-output transmission and may also be from first and second terminal nodes. The access node derives first and …,"Wi-Lan Labs, Inc.",Murat Karsi,2016-04-26,2015-05-11,2013-03-15,2016-04-26,US9325483B2,en,https://patents.google.com/patent/US9325483B2/en,https://patentimages.storage.googleapis.com/4f/b4/f7/cf2ee67c2878b8/US9325483.pdf,General,Logistics Context,ALL,logistics customs value,logistics customs value,
patent/US20230097064A1/en,"Leveraging a network ""positive card"" list to inform risk management decisions","A plurality of bank identification number (BIN) ranges are characterized according to credit risk. A list of the plurality of bank identification number (BIN) ranges characterized by credit risk is made available to a transit-specific payment network interface processor, which is coupled to a …",Mastercard International Incorporated,Jennifer DOGIN,2023-03-30,2022-12-01,2017-12-23,,US20230097064A1,en,https://patents.google.com/patent/US20230097064A1/en,https://patentimages.storage.googleapis.com/eb/ee/15/b6641985deadb7/US20230097064A1.pdf,General,Logistics Context,ALL,logistics customs value,logistics customs value,
patent/EP3642985B1/en,Communication techniques with self-decodable redundancy versions (rvs) using …,"An apparatus (110, 2002) for wireless communications, comprising: at least one processor (440, 2004) coupled with a memory (442, 2012) and comprising: encoder circuitry (902, 2026, 2014) configured to encode a set of information bits using a systematic code to generate an encoded bit stream (922) …",QUALCOMM Incorporated,Joseph Binamira Soriaga,2021-05-26,2018-06-19,2017-06-19,2021-05-26,EP3642985B1,en,https://patents.google.com/patent/EP3642985B1/en,https://patentimages.storage.googleapis.com/d5/c7/24/51b7ee261063a0/EP3642985B1.pdf,General,Logistics Context,ALL,logistics customs value,logistics customs value,
patent/US10256939B2/en,Scheduled light path switching in optical networks and automatic assessment of …,"A single-wavelength light path is selected between a source access node and a destination access node of a wavelength-division multiplexed optical network, including selecting an illuminated wavelength of the light path and selecting a start time and duration for a data transfer that would not …",Massachusetts Institute Of Technology,Lei Zhang,2019-04-09,2018-07-30,2015-06-02,2019-04-09,US10256939B2,en,https://patents.google.com/patent/US10256939B2/en,https://patentimages.storage.googleapis.com/32/2c/7a/e46761f2f0cd4e/US10256939.pdf,General,Logistics Context,ALL,logistics customs value,logistics customs value,
patent/US8607266B2/en,Field of programme delivery,"A receiver is disclosed, comprising means for receiving a program stream, and means for replacing portions of the program stream with a locally stored program. Other aspects of the invention are also presented.",Thomson Licensing S.A.,Bertrand Wendling,2013-12-10,2012-01-09,2001-06-11,2013-12-10,US8607266B2,en,https://patents.google.com/patent/US8607266B2/en,https://patentimages.storage.googleapis.com/d8/ef/60/76824632c85b3a/US8607266.pdf,General,Logistics Context,ALL,logistics customs value,logistics customs value,
patent/TWI763710B/en,Nuts: encrypted userdata transit and storage,"A method of processing data includes at least one processor accessing a data storage unit, the data storage unit providing at least one input data object and at least one transmutation command to be performed on the at least one input data object. The at least one transmutation command operates in …",Nuts Holdings Llc,魚允浩,2022-05-11,2017-09-14,2016-09-15,2022-05-11,TWI763710B,en,https://patents.google.com/patent/TWI763710B/en,,General,Logistics Context,ALL,logistics customs value,logistics customs value,
patent/JP7277448B2/en,Channel Access Procedures for Directional Systems in Unlicensed Bands,"A method performed by a receiving node, comprising: receiving a Request-to-Send message (RTS message) from a sending node; Sending a Clear-to-Send message (CTS message) using one or more first beams with at least one first beam pointing in a first direction towards the sending node a step of …",アイディーエーシー ホールディングス インコーポレイテッド,サンジェイ・ゴヤル,2023-05-19,2018-10-17,2017-10-19,2023-05-19,JP7277448B2,en,https://patents.google.com/patent/JP7277448B2/en,https://patentimages.storage.googleapis.com/3d/0f/f4/2448b4ade8847d/JP7277448B2.pdf,General,Logistics Context,ALL,logistics customs value,logistics customs value,
patent/US8870549B2/en,"Fluid pumping systems, devices and methods","Reciprocating positive-displacement membrane pumps (which may be referred to hereinafter as “pods,” “pump pods,” or “pod pumps”) used to pump fluids, such as a biological fluid (e.g., blood or peritoneal fluid), a therapeutic fluid (e.g., a medication solution), or a surfactant fluid are disclosed …",Deka Products Limited Partnership,Brian D. Tracey,2014-10-28,2012-10-22,2006-04-14,2014-10-28,US8870549B2,en,https://patents.google.com/patent/US8870549B2/en,https://patentimages.storage.googleapis.com/49/8e/6c/094d7fc79d393f/US8870549.pdf,General,Logistics Context,ALL,logistics customs value,logistics customs value,
patent/US20210112357A1/en,Switching Binaural Sound,"A method provides binaural sound to a person through electronic earphones. The binaural sound localizes to a sound localization point (SLP) in empty space that is away from but proximate to the person. When an event occurs, the binaural sound switches or changes to stereo sound, to mono sound, or …",Philip Scott Lyren,Philip Scott Lyren,2021-04-15,2020-12-20,2015-12-27,,US20210112357A1,en,https://patents.google.com/patent/US20210112357A1/en,https://patentimages.storage.googleapis.com/41/e1/50/8dc8e3905914a6/US20210112357A1.pdf,General,Logistics Context,ALL,logistics customs value,logistics customs value,
patent/US20230128302A1/en,System for an electronic gaming machines with a plurality of configurable …,"A system and method for operating a game of chance. A gaming system includes one or more game displays, a user interface, at least one processor running executable instructions related to a game of chance and memory in communication with said at least one processor. The game of chance including a …","Gaming Arts, Llc",David Colvin,2023-04-27,2022-06-08,2019-09-19,,US20230128302A1,en,https://patents.google.com/patent/US20230128302A1/en,https://patentimages.storage.googleapis.com/5d/13/2f/c91e55b1346498/US20230128302A1.pdf,General,Logistics Context,ALL,logistics customs value,logistics customs value,
patent/US10320891B2/en,Node selection for message redistribution in an integrated application-aware …,"The current document is directed to an integrated application-aware load-balancing component of a distributed computer system. The integrated application-aware load-balancing component is, in a described embodiment, incorporated within a distributed application that serves as a control component …","Vmware, Inc.",Mayank Agarwal,2019-06-11,2016-01-25,2016-01-25,2019-06-11,US10320891B2,en,https://patents.google.com/patent/US10320891B2/en,https://patentimages.storage.googleapis.com/75/d9/8d/4621302a7e5ed3/US10320891.pdf,General,Logistics Context,ALL,logistics customs value,logistics customs value,
patent/US7520374B2/en,Coin discrimination apparatus and method,"A coin discrimination apparatus and method is provided. Coins, preferably after cleaning, e.g. using a trommel, are singulated by a coin pickup assembly configured to reduce jamming. A coin rail assists in providing separation between coins as they travel past a sensor. The sensor provides an …","Coinstar, Inc.",Douglas Alan Martin,2009-04-21,2007-04-12,1996-06-28,2009-04-21,US7520374B2,en,https://patents.google.com/patent/US7520374B2/en,https://patentimages.storage.googleapis.com/5c/64/45/bba9180b0248c8/US7520374.pdf,General,Logistics Context,ALL,logistics customs value,logistics customs value,
patent/US8346802B2/en,Deriving a hierarchical event based database optimized for pharmaceutical …,A computer implemented method for inferring a probability of a first inference absent from a database at which a query regarding the inference is received. Each datum of the database is conformed to the dimensions of the database. Each datum of the plurality of data has associated metadata and an …,International Business Machines Corporation,Robert R. Friedlander,2013-01-01,2011-03-09,2007-02-26,2013-01-01,US8346802B2,en,https://patents.google.com/patent/US8346802B2/en,https://patentimages.storage.googleapis.com/e9/e4/32/22fc93e4358e07/US8346802.pdf,General,Logistics Context,ALL,logistics customs value,logistics customs value,
patent/US8135740B2/en,Deriving a hierarchical event based database having action triggers based on …,Inferring a probability of a first inference absent from a database at which a query regarding the inference is received. The query is used as a frame of reference for the search. The database returns a probability of the correctness of the first inference based on the query and on the data. An …,International Business Machines Corporation,Robert R. Friedlander,2012-03-13,2010-10-25,2007-02-26,2012-03-13,US8135740B2,en,https://patents.google.com/patent/US8135740B2/en,https://patentimages.storage.googleapis.com/49/0f/15/fc1dab0ddd04e2/US8135740.pdf,General,Logistics Context,ALL,logistics customs value,logistics customs value,
patent/US7788203B2/en,System and method of accident investigation for complex situations involving …,"A computer implemented method, apparatus, and computer usable program code for inferring a probability of a first inference related to a chaotic event. Each datum of the database is conformed to the dimensions of the database. Each datum of the plurality of data has associated metadata and an …",International Business Machines Corporation,Robert R. Friedlander,2010-08-31,2007-04-27,2007-02-26,2010-08-31,US7788203B2,en,https://patents.google.com/patent/US7788203B2/en,https://patentimages.storage.googleapis.com/a9/d5/9d/d3f3856272c516/US7788203.pdf,General,Logistics Context,ALL,logistics customs value,logistics customs value,
patent/US7783586B2/en,System and method for deriving a hierarchical event based database optimized …,"A computer implemented method, apparatus, and computer usable program code for inferring a probability of a first inference absent from a database at which a query regarding the inference is received. Each datum of the database is conformed to the dimensions of the database. Each datum of the …",International Business Machines Corporation,Robert R. Friedlander,2010-08-24,2007-02-26,2007-02-26,2010-08-24,US7783586B2,en,https://patents.google.com/patent/US7783586B2/en,https://patentimages.storage.googleapis.com/41/a1/9b/af2993fdf2d3cc/US7783586.pdf,General,Logistics Context,ALL,logistics customs value,logistics customs value,
patent/US7752154B2/en,System and method for deriving a hierarchical event based database optimized …,"A computer implemented method, apparatus, and computer usable program code for inferring a probability of a first inference absent from a database at which a query regarding the inference is received. Each datum of the database is conformed to the dimensions of the database. Each datum of the …",International Business Machines Corporation,Robert R. Friedlander,2010-07-06,2007-02-26,2007-02-26,2010-07-06,US7752154B2,en,https://patents.google.com/patent/US7752154B2/en,https://patentimages.storage.googleapis.com/50/e9/08/f840a1ef5a7922/US7752154.pdf,General,Logistics Context,ALL,logistics customs value,logistics customs value,
patent/US7792774B2/en,System and method for deriving a hierarchical event based database optimized …,"A computer implemented method, apparatus, and computer usable program code for inferring a probability of a first inference absent from a database at which a query regarding the inference is received. Each datum of the database is conformed to the dimensions of the database. Each datum of the …",International Business Machines Corporation,Robert R. Friedlander,2010-09-07,2007-02-26,2007-02-26,2010-09-07,US7792774B2,en,https://patents.google.com/patent/US7792774B2/en,https://patentimages.storage.googleapis.com/7a/71/2e/a5b3a3119fddd1/US7792774.pdf,General,Logistics Context,ALL,logistics customs value,logistics customs value,
patent/US7805390B2/en,System and method for deriving a hierarchical event based database optimized …,"A computer implemented method, apparatus, and computer usable program code for inferring a probability of a first inference absent from a database at which a query regarding the inference is received. Each datum of the database is conformed to the dimensions of the database. Each datum of the …",International Business Machines Corporation,Robert R. Friedlander,2010-09-28,2007-02-26,2007-02-26,2010-09-28,US7805390B2,en,https://patents.google.com/patent/US7805390B2/en,https://patentimages.storage.googleapis.com/a0/90/c1/1275e9faca2961/US7805390.pdf,General,Logistics Context,ALL,logistics customs value,logistics customs value,
patent/US7917478B2/en,System and method for quality control in healthcare settings to continuously …,"A method for inferring a probability of a first inference. The inference is related to identification of a cause of an outcome in a healthcare setting. A fact, related to the query, is related to the healthcare setting. The fact further relates to a network of interactions associated with the …",International Business Machines Corporation,Robert R. Friedlander,2011-03-29,2007-04-27,2007-02-26,2011-03-29,US7917478B2,en,https://patents.google.com/patent/US7917478B2/en,https://patentimages.storage.googleapis.com/ee/72/53/095efb1c6c98a8/US7917478.pdf,General,Logistics Context,ALL,logistics customs value,logistics customs value,
patent/US7702605B2/en,System and method for deriving a hierarchical event based database optimized …,Inferring a probability of a first inference absent from a database. Each datum of the database is conformed to the dimensions of the database. Each datum of the plurality of data has associated metadata and an associated key. The associated metadata includes data regarding cohorts associated with …,International Business Machines Corporation,Robert R. Friedlander,2010-04-20,2007-04-11,2007-02-26,2010-04-20,US7702605B2,en,https://patents.google.com/patent/US7702605B2/en,https://patentimages.storage.googleapis.com/7f/07/05/2d8be6d14d7b6d/US7702605.pdf,General,Logistics Context,ALL,logistics customs value,logistics customs value,
patent/US7788202B2/en,System and method for deriving a hierarchical event based database optimized …,"A computer implemented method, apparatus, and computer usable program code for inferring a probability of a first inference absent from a database at which a query regarding the inference is received. Each datum of the database is conformed to the dimensions of the database. Each datum of the …",International Business Machines Corporation,Robert R. Friedlander,2010-08-31,2007-02-26,2007-02-26,2010-08-31,US7788202B2,en,https://patents.google.com/patent/US7788202B2/en,https://patentimages.storage.googleapis.com/7e/43/a0/76435d6b875320/US7788202.pdf,General,Logistics Context,ALL,logistics customs value,logistics customs value,
patent/KR101317442B1/en,Communications methods and apparatus related to user scheduling of traffic data …,"Methods and apparatus for peer to peer communications are disclosed. The first peer to peer wireless device, which sent a request for the second peer to peer device to send traffic data using the corresponding radio link resource, monitors during the monitoring period for a response from the …",퀄컴 인코포레이티드,라지브 라로이아,2013-10-11,2007-11-01,2007-10-31,2013-10-11,KR101317442B1,en,https://patents.google.com/patent/KR101317442B1/en,https://patentimages.storage.googleapis.com/0e/04/74/34ebfd28e62dee/KR101317442B1.pdf,General,Logistics Context,ALL,logistics customs value,logistics customs value,
patent/US7912244B2/en,Video fingerprinting using watermarks,Video fingerprinting using watermarks is described herein. A watermark encoder embeds a watermark into an input video to produce a watermarked video. The watermark encoder can choose particular regions of the video that are sufficiently complex for watermarking. Spatial and temporal complexity …,Microsoft Corporation,Mehmet Kivanc Mihcak,2011-03-22,2010-03-05,2005-10-21,2011-03-22,US7912244B2,en,https://patents.google.com/patent/US7912244B2/en,https://patentimages.storage.googleapis.com/f2/ba/9d/65620d9b7a1afc/US7912244.pdf,General,Logistics Context,ALL,logistics customs value,logistics customs value,
patent/US8057388B1/en,Microsensor array system,"A microsensor array system, comprising a pad, a plurality of actuators attached to the pad, and a plurality of microprobes, wherein substantially each microprobe in the plurality of microprobes is attached to a respective actuator in the plurality of actuators.",The United States Of America As Represented By The Secretary Of The Navy,Stephen D. Russell,2011-11-15,2008-04-10,2003-04-25,2011-11-15,US8057388B1,en,https://patents.google.com/patent/US8057388B1/en,https://patentimages.storage.googleapis.com/3e/90/0b/4f194f26ba7a5f/US8057388.pdf,General,Logistics Context,ALL,logistics customs value,logistics customs value,
patent/US7792776B2/en,System and method to aid in the identification of individuals and groups with a …,"A computer implemented method, apparatus, and computer usable program code for inferring a probability of a first inference absent from a database at which a query regarding the inference is received. The first inference relates to identifying a potentially violent person or group. Each datum of …",International Business Machines Corporation,Robert R. Friedlander,2010-09-07,2008-05-30,2007-02-26,2010-09-07,US7792776B2,en,https://patents.google.com/patent/US7792776B2/en,https://patentimages.storage.googleapis.com/5b/8f/0d/f405a83d707dd5/US7792776.pdf,General,Logistics Context,ALL,logistics customs value,logistics customs value,
patent/US8677333B2/en,Virtual machine and programming language for event processing,"A virtual machine supports execution of compiler-generated code and provides an execution environment for code that may correspond to any of several different event-driven or message-driven programming models (such as state machines, rules for complex event processing and event correlation, …",International Business Machines Corporation,Joachim H. Frank,2014-03-18,2012-02-23,2008-02-29,2014-03-18,US8677333B2,en,https://patents.google.com/patent/US8677333B2/en,https://patentimages.storage.googleapis.com/d0/48/42/f6cb768f0925e3/US8677333.pdf,General,Logistics Context,ALL,logistics customs value,logistics customs value,
patent/CN102822834B/en,Computer-based system for predicting treatment outcome,"The present invention relates to computer systems for drug and biomarker discovery, drug development, and personalized medicine, as well as for managing healthcare more generally, and more particularly to systems and methods for predicting the therapeutic value of a treatment for an individual.",诺华探索公司,J-P·伯伊瑟,2020-09-25,2011-04-05,2010-04-07,2020-09-25,CN102822834B,en,https://patents.google.com/patent/CN102822834B/en,https://patentimages.storage.googleapis.com/1f/23/f7/7eaee804b5fe1e/CN102822834B.pdf,General,Logistics Context,ALL,logistics customs value,logistics customs value,
patent/CN101578700B/en,"Reduced capacity carrier, transport, load port, buffer system","In accordance with an exemplary embodiment a semiconductor workpiece processing system having at least one processing tool for processing semiconductor workpieces, a container for holding at least onesemiconductor workpiece therein for transport to and from the at least one processing tool and a …",布鲁克斯自动化公司,M·L·巴法诺,2012-11-14,2007-08-13,2006-08-18,2012-11-14,CN101578700B,en,https://patents.google.com/patent/CN101578700B/en,https://patentimages.storage.googleapis.com/31/60/a3/9edac16b50a1a3/CN101578700B.pdf,General,Logistics Context,ALL,logistics customs value,logistics customs value,
patent/JP5209743B2/en,Method and apparatus for RF handoff in a multiplexed frequency network,Generating a handoff table comprising an RF channel of a group of current local transmitters and a group of neighboring local transmitters carrying the same content as the current RF channel; Detecting a handoff event; Disqualifying one or more of the RF channels from the handoff table based on …,クゥアルコム・インコーポレイテッド,グプタ、ビニタ,2013-06-12,2009-03-03,2008-03-03,2013-06-12,JP5209743B2,en,https://patents.google.com/patent/JP5209743B2/en,https://patentimages.storage.googleapis.com/e9/fb/fc/742867542734c8/JP5209743B2.pdf,General,Logistics Context,ALL,logistics customs value,logistics customs value,
patent/US7983996B2/en,Method and apparatus for human behavior modeling in adaptive training,"A computer implemented method, apparatus, and computer usable program code for simulating human behavior. Source code for predicting human behavior is located on a storage system in a network data processing system. An interpreter executing on hardware in the network data processing system …",The Boeing Company,Jeffrey E. Hanneman,2011-07-19,2007-12-20,2007-03-01,2011-07-19,US7983996B2,en,https://patents.google.com/patent/US7983996B2/en,https://patentimages.storage.googleapis.com/46/a4/d4/5e40695ec61a10/US7983996.pdf,General,Logistics Context,ALL,logistics customs value,logistics customs value,
patent/JP2022523721A/en,Handling of measurement settings when performing conditional mobility,"Embodiments include a method of conditional mobility in a radio access network (RAN) performed by a user equipment (UE). Such methods include receiving one or more mobility-related messages from one or more RAN nodes (eg, source RAN nodes and / or target RAN nodes), including: One instruction, a …",テレフオンアクチーボラゲット エルエム エリクソン（パブル）,セシリア エクレフ，,2022-04-26,2020-01-29,2019-02-05,,JP2022523721A,en,https://patents.google.com/patent/JP2022523721A/en,https://patentimages.storage.googleapis.com/08/20/e7/2efd06fbe6ce2a/JP2022523721A.pdf,General,Logistics Context,ALL,logistics customs value,logistics customs value,
patent/US12432594B2/en,Inter-cell beam management for 5G systems,"Systems, apparatuses, methods, and computer-readable media are provided for pathloss reference signal configuration when different cell IDs are configured for multi-TRP operation. Other embodiments may be described and/or claimed.",Intel Corporation,Guotong Wang,2025-09-30,2021-05-12,2020-05-13,2025-09-30,US12432594B2,en,https://patents.google.com/patent/US12432594B2/en,,General,Logistics Context,ALL,logistics customs value,logistics customs value,
patent/US20150324745A1/en,Transport label system with updatable address,"A transport label for use with a transport container includes a controllable, readable display that can be updated to provide for rerouting of the transport container, under the control of control circuitry. The transport label system includes a memory device adapted to contain two or more …","Elwha LLC, a limited liability company of the State of Delaware",Eleanor V. Goodall,2015-11-12,2014-05-09,2014-05-09,,US20150324745A1,en,https://patents.google.com/patent/US20150324745A1/en,https://patentimages.storage.googleapis.com/f4/df/9a/af63eb122f0348/US20150324745A1.pdf,General,Logistics Context,ALL,logistics customs value,logistics customs value,
patent/BR112020006544A2/en,automated classification and taxonomy of 3d tooth data using deep learning …,"the present invention relates to a computer-implemented method for automated classification of 3d image data of teeth comprising: a computer receiving one or more of the 3d image data sets, a 3d image data set defining an image volume of the voxels, the voxels representing 3d tooth structures in …",Promaton Holding B.V,David Anssari Moin,2020-09-29,2018-10-02,2017-10-02,,BR112020006544A2,en,https://patents.google.com/patent/BR112020006544A2/en,https://patentimages.storage.googleapis.com/64/76/9a/994e17bf9f3e1d/BR112020006544A2.pdf,General,Logistics Context,ALL,logistics customs value,logistics customs value,
patent/US10484207B2/en,Method and apparatus for channel estimation in wireless communication system,The present disclosure relates to a pre-5th-Generation (5G) or 5G communication system to be provided for supporting higher data rates Beyond 4th-Generation (4G) communication system such as Long Term Evolution (LTE). The present disclosure provides a channel estimation method and apparatus by a …,"Samsung Electronics Co., Ltd.",Dongjae LEE,2019-11-19,2016-11-11,2015-11-13,2019-11-19,US10484207B2,en,https://patents.google.com/patent/US10484207B2/en,https://patentimages.storage.googleapis.com/c2/99/84/a3a057f660a6de/US10484207.pdf,General,Logistics Context,ALL,logistics customs value,logistics customs value,
patent/CN109562271A/en,It is implanted into using the active medical device of vascular system in …,"Implantable device and system include one or more leads suitable for being placed in the vena mammaria interna (ITV) of patient.The lead may include changing lead to adapt to such feature placed.Associated device for being used together with lead may include operation circuit, the operation …",Cardiac Pacemakers Inc.,G·山塔努·雷迪,2019-04-02,2017-08-02,2016-08-05,,CN109562271A,en,https://patents.google.com/patent/CN109562271A/en,https://patentimages.storage.googleapis.com/f3/02/b1/80681bc0b5bbe0/CN109562271A.pdf,General,Logistics Context,ALL,logistics customs value,logistics customs value,
patent/JP2022510569A/en,Mesh-based event broker for distributed computing,"Describes how to use a mesh broker to mediate events in event-driven application components within a distributed computing environment. The mesh broker is instantiated as several mesh agents, which are provisioned to support mediation work involving multiple compute nodes in a distributed …",Vantiq Inc.,バターワース、ポール,2022-01-27,2019-11-12,2018-11-13,,JP2022510569A,en,https://patents.google.com/patent/JP2022510569A/en,https://patentimages.storage.googleapis.com/1b/86/ab/33392f450a0266/JP2022510569A.pdf,General,Logistics Context,ALL,logistics customs value,logistics customs value,
patent/US12074680B2/en,Transmission receive point (TRP)-specific beam failure recovery request (BFRQ),"Certain aspects of the present disclosure provide enhancements to enable per transmission reception point (per-TRP or per beam group)-based beam failure recovery, and more particularly, techniques for TRP-specific beam failure recovery request (BFRQ). A method that may be performed by a user …",Qualcomm Incorporated,Yan Zhou,2024-08-27,2021-09-23,2020-09-25,2024-08-27,US12074680B2,en,https://patents.google.com/patent/US12074680B2/en,https://patentimages.storage.googleapis.com/2c/d2/4d/dd0af15bfb6f81/US12074680.pdf,General,Logistics Context,ALL,logistics customs value,logistics customs value,
patent/EP4296070A2/en,Applying and using unique unclonable physical identifiers,"In a general aspect, unique unclonable physical identifiers are applied and used. A method of applying the unique marker can include receiving an object having a surface feature and forming a unique marker on the surface feature of the object. The unique marker includes a distribution of elements …","Dust Identity, Inc.",Ophir GAATHON,2023-12-27,2020-11-05,2019-11-05,,EP4296070A2,en,https://patents.google.com/patent/EP4296070A2/en,https://patentimages.storage.googleapis.com/6c/2e/30/a35c4879d21452/EP4296070A2.pdf,General,Logistics Context,ALL,logistics customs value,logistics customs value,
patent/JP2023554677A/en,Fault monitoring and recovery mechanism for SL relays,"Systems and methods for fault monitoring and recovery are disclosed herein. In one embodiment, a method performed by a remote wireless communication device in a communication system includes performing a disaster recovery procedure. The disaster recovery procedure includes selecting either a …",テレフオンアクチーボラゲット エルエム エリクソン（パブル）,ミン ワン，,2023-12-28,2021-12-21,2020-12-21,,JP2023554677A,en,https://patents.google.com/patent/JP2023554677A/en,https://patentimages.storage.googleapis.com/3d/96/97/0250158a9d2695/JP2023554677A.pdf,General,Logistics Context,ALL,logistics customs value,logistics customs value,
patent/JP2023524383A/en,Vulnerable Road User Basic Service Communication Protocol Framework and Dynamic …,"TECHNICAL FIELD This disclosure relates to Intelligent Transport Systems (ITS), and in particular to Vulnerable Road User (VRU) Basic Service (VBS) of VRU ITS Office (ITS-S). Implementation of how VBS is placed within the facility layer of ITS-S, different conditions for VRU Awareness Message (VAM …",Intel Corporation,バンジャデ、ヴェッシュ ラジ シャーマ,2023-06-12,2021-05-04,2020-05-04,,JP2023524383A,en,https://patents.google.com/patent/JP2023524383A/en,https://patentimages.storage.googleapis.com/5d/0d/b7/ea23c9be18ad4a/JP2023524383A.pdf,General,Logistics Context,ALL,logistics customs value,logistics customs value,
patent/CN103765193A/en,Micro-organism threat detection,A method of tracking and predicting the spread of micro-organisms in an environment relies on the optical detection of the growth of micro-organisms within an analyte containing a growth medium for the micro-organism(s) to be detected. Standardization of the containers and growth medium for each …,载泽吧检测有限公司,罗斯玛丽·凯瑟琳·卡梅伦·莎平,2014-04-30,2012-06-21,2011-06-22,,CN103765193A,en,https://patents.google.com/patent/CN103765193A/en,https://patentimages.storage.googleapis.com/61/c9/3a/081ee128392101/CN103765193A.pdf,General,Logistics Context,ALL,logistics customs value,logistics customs value,
patent/BR112020021564A2/en,selective treg stimulator rur20kd-il-2 and related compositions,"SELECTIVE TREG STIMULATOR RUR20kD-IL-2 AND RELATED COMPOSITIONS. The present invention relates to selective Treg-stimulating compositions, including RUR20kD-IL-2 and related compositions, and methods of using these compositions, for example, for the treatment of autoimmune diseases and / or other …",Nektar Therapeutics,Peter Benedict Kirk,2021-03-02,2019-05-20,2018-05-21,,BR112020021564A2,en,https://patents.google.com/patent/BR112020021564A2/en,https://patentimages.storage.googleapis.com/00/7d/21/caf7c2278c6973/BR112020021564A2.pdf,General,Logistics Context,ALL,logistics customs value,logistics customs value,
patent/BR112020017624A2/en,CONDENSED BICYCLIC HETEROCYCLIC DERIVATIVES AS PEST CONTROL AGENTS,"the present invention relates to new condensed bicyclic heterocycle derivatives of formula (i), wherein b1, b2, b3, b4, r1, r4, r5, r6 and n have the meanings mentioned above, to agrochemical formulations comprising the compounds of formula (i), and their use as acaricides and / or insecticides …",Bayer Aktiengesellschaft,Dominik HAGER,2020-12-22,2019-03-08,2018-03-12,,BR112020017624A2,en,https://patents.google.com/patent/BR112020017624A2/en,https://patentimages.storage.googleapis.com/86/24/94/184b26f47b4f4a/BR112020017624A2.pdf,General,Logistics Context,ALL,logistics customs value,logistics customs value,
patent/BR112021010400A2/en,Condensed bicyclic heterocyclic derivatives as pest control agents,"BICYCLIC HETEROCYCLIC DERIVATIVES CONDENSATES AS PEST CONTROL AGENTS. the present invention refers to novel compounds of formula (I), wherein Aa, Ab, Ac, Ad, Ae, Q, R1 and n are defined in accordance with the description, using them as acaricides and/or insecticides to control animal pests, and …",Bayer Aktiengesellschaft,Rüdiger Fischer,2021-08-24,2020-02-24,2019-02-26,,BR112021010400A2,en,https://patents.google.com/patent/BR112021010400A2/en,https://patentimages.storage.googleapis.com/a1/8c/30/241ec29081653a/BR112021010400A2.pdf,General,Logistics Context,ALL,logistics customs value,logistics customs value,
patent/US7844424B2/en,Human behavioral modeling and simulation framework,"A computer implemented method, apparatus, and computer usable program code for simulating human behavior. Source code, written in a language for predicting human behavior, is located on a storage system in a network data processing system. An interpreter executing on hardware has a language …",The Boeing Company,Claude Comair,2010-11-30,2007-12-18,2007-03-01,2010-11-30,US7844424B2,en,https://patents.google.com/patent/US7844424B2/en,https://patentimages.storage.googleapis.com/76/60/00/d58189e3d7d57d/US7844424.pdf,General,Logistics Context,ALL,logistics customs value,logistics customs value,
patent/BR112021010430A2/en,Fused bicyclic heterocycle derivatives as pesticides,"BICYCLIC HETEROCYCLE DERIVATIVES BLOWN AS PESTICIDES. The invention relates to innovative compounds of formula (I) (I) where Q, R1, Ra, Rb, Rc, Rd and n have the meanings given above, their use as acaricides and/or insecticides to control pests animals and processes and intermediates for their …",Bayer Aktiengesellschaft,Laura Hoffmeister,2021-08-24,2020-02-24,2019-02-26,,BR112021010430A2,en,https://patents.google.com/patent/BR112021010430A2/en,https://patentimages.storage.googleapis.com/52/96/69/1c8f6617ef0ee5/BR112021010430A2.pdf,General,Logistics Context,ALL,logistics customs value,logistics customs value,
patent/BR112020016926B1/en,"CONDENSED BICYCLIC HETEROCYCLIC DERIVATIVES, THEIR USE, AGROCHEMICAL …","The invention relates to novel compounds of formula (I) (I) wherein Aa, Ab, Ac, Ad, Q, R1 and n have the definitions given above, their use as acaricides and/or insecticides to control animal pests and the processes and intermediaries for their preparation.",Bayer Aktiengesellschaft,Rüdiger Fischer,2022-08-30,2019-02-14,2018-02-21,,BR112020016926B1,en,https://patents.google.com/patent/BR112020016926B1/en,https://patentimages.storage.googleapis.com/b4/60/7b/a6fecdec001d8f/BR112020016926B1.pdf,General,Logistics Context,ALL,logistics customs value,logistics customs value,
patent/BR112019013035A2/en,nested structure for building polar code using density evolution,aspects of the disclosure relate to wireless communication devices configured to generate polar code words using a single master sequence constructed using density evolution with a nested structure to identify the locations of frozen bits and locations of information bits. this single master …,Qualcomm Inc,Xu Changlong,2019-12-17,2017-07-06,2016-12-29,,BR112019013035A2,en,https://patents.google.com/patent/BR112019013035A2/en,https://patentimages.storage.googleapis.com/04/2e/20/49ee7b15fdc4ac/BR112019013035A2.pdf,General,Logistics Context,ALL,logistics customs value,logistics customs value,
patent/CN107077608A/en,Facial Liveness Detection in Image Biometric Recognition,Systems and techniques for spoof detection in image biometric recognition are described herein. A sequence of images may be obtained from a camera; a first plurality of images of the sequence of images includes a representation of a user's body part and a second plurality of images of the sequence …,Intel Corporation,S·芬里希,2017-08-18,2015-03-27,2014-11-13,,CN107077608A,en,https://patents.google.com/patent/CN107077608A/en,https://patentimages.storage.googleapis.com/18/db/30/483f0aa7545850/CN107077608A.pdf,General,Logistics Context,ALL,logistics customs value,logistics customs value,
patent/EP3897648B1/en,Extended low dose regimens for mdm2 inhibitors,"The HDM2-p53 interaction inhibitor drug (S)-5-(5-Chloro-1-methyl-2-oxo-1,2-dihydro-pyridin-3-yl)-6-(4-chloro-phenyl)-2-(2,4-dimethoxy-pyrimidin-5-yl)-1-isopropyl-5,6-dihydro-1H-pyrrolo[3,4-d]imidazol-4-one (HDM201) or a pharmaceutically acceptable salt, solvate, hydrate, complex or co-crystal …",Novartis AG,Nelson GUERREIRO,2023-08-23,2019-12-18,2018-12-20,2023-08-23,EP3897648B1,en,https://patents.google.com/patent/EP3897648B1/en,https://patentimages.storage.googleapis.com/0b/41/7d/b6cca2b3689166/EP3897648B1.pdf,General,Logistics Context,ALL,logistics customs value,logistics customs value,
patent/AU2025201098A1/en,Treatment of metastatic pancreatic adenocarcinoma,"A method of treating metastatic pancreatic adenocarcinoma in a subject in need thereof is provided. The method comprising administering to the subject a therapeutically effective amount of each of a peptide set forth in SEQ ID NO: 1, an anti PD-i and a chemotherapy, thereby treating the metastatic …",Biolinerx Ltd.,Osnat BOHANA-KASHTAN,2025-03-06,2025-02-17,2018-10-17,,AU2025201098A1,en,https://patents.google.com/patent/AU2025201098A1/en,https://patentimages.storage.googleapis.com/48/36/c7/189c15a94ec9d7/AU2025201098A1.pdf,General,Logistics Context,ALL,logistics customs value,logistics customs value,
patent/US11928607B2/en,Predictive learner recommendation platform,Embodiments are directed to managing data for a predictive learner recommendation platform. A platform that includes applications hosted in an application layer may be provided. The applications may be employed to provide a request to determine a pathway prediction for a learner such that the …,"AstrumU, Inc.",Adam Jason Wray,2024-03-12,2022-08-16,2020-10-30,2024-03-12,US11928607B2,en,https://patents.google.com/patent/US11928607B2/en,https://patentimages.storage.googleapis.com/ba/9f/93/293f5062493125/US11928607.pdf,General,Logistics Context,ALL,logistics customs value,logistics customs value,
patent/CN101490833A/en,"Reduced capacity carrier, transport, load port, buffer system","The invention relates to a semiconductor workpiece processing system having at least one processing apparatus for processing workpieces, a primary transport system, a secondary transport system and one or more interfaces between first transport system and second transport system. The primary and …",布鲁克斯自动化公司,M·L·布发诺,2009-07-22,2007-05-11,2006-05-11,,CN101490833A,en,https://patents.google.com/patent/CN101490833A/en,https://patentimages.storage.googleapis.com/72/19/5c/a0e801cc44833a/CN101490833A.pdf,General,Logistics Context,ALL,logistics customs value,logistics customs value,
patent/US20230385223A1/en,Compute Express Link™ (CXL) Over Ethernet (COE),"CROSS-REFERENCE TO RELATED APPLICATIONS This patent document claims the benefit and priority of U.S. Provisional Patent Application No. 63/223,045 to Shah et al., filed on Jul. 18, 2021 (Attorney Docker No. ELSTP001P), and U.S. patent application Ser. No. 17/809,484 to Shah et al., filed on Jun.","Elastics.cloud, Inc.",Shreyas Shah,2023-11-30,2023-06-06,2021-07-18,,US20230385223A1,en,https://patents.google.com/patent/US20230385223A1/en,https://patentimages.storage.googleapis.com/58/ec/5d/1c4b9596a6a4f5/US20230385223A1.pdf,General,Logistics Context,ALL,logistics customs value,logistics customs value,
patent/US20230416692A1/en,Reverse genetic system for sars-cov-2,Certain embodiments of the invention include recombinant reverse genetic systems for SARS-COV-2 virus.,"Board Of Regents, The University Of Texas System",Pei-Yong Shi,2023-12-28,2021-03-26,2020-03-27,,US20230416692A1,en,https://patents.google.com/patent/US20230416692A1/en,https://patentimages.storage.googleapis.com/45/74/83/d21ee93ca6d4dd/US20230416692A1.pdf,General,Logistics Context,ALL,logistics customs value,logistics customs value,
patent/WO2021178395A1/en,Fibroblast and tlr activated fibroblast treatment of viral induced acute …,"Disclosed herein, in certain embodiments, are methods and compositions for treatment of acute respiratory distress syndrome (ARDS) induced by, inter alia, viral agents, comprising administration of fibroblasts, and/or fibroblast derivatives, and/or fibroblast apoptotic bodies. In one embodiment, a …","Figene, Llc",Thomas Ichim,2021-09-10,2021-03-02,2020-03-06,,WO2021178395A1,en,https://patents.google.com/patent/WO2021178395A1/en,https://patentimages.storage.googleapis.com/33/62/ca/77019f610c8f26/WO2021178395A1.pdf,General,Logistics Context,ALL,logistics customs value,logistics customs value,
patent/US20150324733A1/en,State dependent electronic transport label,"A transport label for use with a transport container includes one or more controllable, readable indicia for presenting information readable by a reader external to the transport container. Controllable, readable indicia can be updated to present different information based upon a time, location, …","Elwha LLC, a limited liability company of the State of Delaware",Eleanor V. Goodall,2015-11-12,2014-05-09,2014-05-09,,US20150324733A1,en,https://patents.google.com/patent/US20150324733A1/en,https://patentimages.storage.googleapis.com/5b/6f/4a/358ebcc91f9919/US20150324733A1.pdf,General,Logistics Context,ALL,logistics customs value,logistics customs value,
patent/BR112019022831A2/en,CONDENSED BICYCLIC HETEROCYCLIC DERIVATIVES REPLACED BY 2- (HET) ARILA AS PEST …,"the invention relates to innovative compounds of formula (i) in which r1, ra, rb, rc, r3, r4, a1, a2 and n have the definitions given above, to agrochemical formulations comprising the compounds of formula (i) and to its use as acaricides and / or insecticides to control animal pests, particularly …",Bayer Aktiengesellschaft,Mosrin Marc,2020-05-26,2018-04-25,2017-05-02,,BR112019022831A2,en,https://patents.google.com/patent/BR112019022831A2/en,https://patentimages.storage.googleapis.com/6f/41/ee/0e54bc79af5603/BR112019022831A2.pdf,General,Logistics Context,ALL,logistics customs value,logistics customs value,
patent/EP3928775A1/en,Use of antidepressant agents for treating the covid-19 disease,"The present invention relates to the therapeutic uses of antidepressant compounds such as SSRIs, SNRIs and a2-antagonist antidepressants for lowering the risk of death and/or intubation in patient suffering from a viral infection caused by at least one betacoronavirus, in particular by the SARS- …","Assistance Publique, Hopitaux De Paris",Nicolas HOERTEL,2021-12-29,2020-06-24,2020-06-24,,EP3928775A1,en,https://patents.google.com/patent/EP3928775A1/en,https://patentimages.storage.googleapis.com/8c/50/66/05874ecd87a011/EP3928775A1.pdf,General,Logistics Context,ALL,logistics customs value,logistics customs value,
patent/WO2018081754A1/en,Anti-zika virus antibodies,"Provided herein are Zika virus (ZIKV) binding constructs, e.g., antibodies and antigen-binding fragments thereof, as well as related conjugates, polypeptides, nucleic acids, expression vectors, host cells, kits, and assay systems. Methods detecting ZIKV infection and/or ZIKV exposure and/or ZIKV …",University Of Miami,David Watkins,2018-05-03,2017-10-30,2016-10-29,,WO2018081754A1,en,https://patents.google.com/patent/WO2018081754A1/en,https://patentimages.storage.googleapis.com/a2/23/96/b9f1a6ce003093/WO2018081754A1.pdf,General,Logistics Context,ALL,logistics customs value,logistics customs value,
patent/US20230297933A1/en,System for travel plan based shipments,"A system described herein comprises a database of transporter profiles, a database of shipping package profiles, a control circuit, a geolocation device, and a physical kiosk. The transporter profiles comprise scheduled travel events associated therewith, and the transporter profiles being …",Dilip Shriram Purohit,Dilip Shriram Purohit,2023-09-21,2022-03-15,2022-03-15,,US20230297933A1,en,https://patents.google.com/patent/US20230297933A1/en,https://patentimages.storage.googleapis.com/ee/19/e7/555ccbdd905abe/US20230297933A1.pdf,General,Logistics Context,ALL,logistics customs value,logistics customs value,
patent/KR102358381B1/en,Method and apparatus for channel estimation in wireless communication system,The present disclosure relates to a 5th generation ( 5G ) or pre-5G communication system for supporting a higher data rate after a 4th generation (4G) communication system such as Long Term Evolution (LTE). The present disclosure provides a method and apparatus for estimating a channel at a …,삼성전자주식회사,이동재,2022-02-08,2016-04-06,2015-11-13,2022-02-08,KR102358381B1,en,https://patents.google.com/patent/KR102358381B1/en,https://patentimages.storage.googleapis.com/3b/4e/4b/ab266d81834464/KR102358381B1.pdf,General,Logistics Context,ALL,logistics customs value,logistics customs value,
patent/CA3182069A1/en,Detecting meal ingestion or missed bolus,"A computer-implemented method of detecting a missed bolus comprises: receiving blood glucose values and bolus information regarding a person with diabetes, the blood glucose values and the bolus information relating to a period of time; classifying, based on the blood glucose values and the bolus …",Paul Curtis BENNETT,Paul Curtis BENNETT,2021-12-16,2021-06-10,2020-06-10,,CA3182069A1,en,https://patents.google.com/patent/CA3182069A1/en,,General,Logistics Context,ALL,logistics customs value,logistics customs value,
patent/JP2012231482A/en,Methods and apparatus for rf handoff in multi-frequency network,PROBLEM TO BE SOLVED: To provide methods and apparatus for an RF handoff in a multi-frequency network.SOLUTION: A method comprises: generating a handoff table that includes RF channels of current and neighboring LOIs carrying the same content as a current RF channel; detecting a handoff event;,Qualcomm Inc,Gupta Binita,2012-11-22,2012-06-11,2008-03-03,,JP2012231482A,en,https://patents.google.com/patent/JP2012231482A/en,https://patentimages.storage.googleapis.com/4d/c0/e2/50c5d1f9866f06/JP2012231482A.pdf,General,Logistics Context,ALL,logistics customs value,logistics customs value,
patent/BR112021015068A2/en,PROPHYLATIC TREATMENT METHODS USING RECOMBINANT VWF (RVWF),prophylactic treatment methods using recombinant vwf (rvwf). The present invention relates to a method for prophylactic treatment of spontaneous bleeding in a subject with severe von Willebrand disease comprising administering a therapeutic amount of recombinant von willebrand factor (rvwf) to the …,Takeda Pharmaceutical Company Limited,Björn Mellgård,2021-10-05,2020-01-31,2019-02-01,,BR112021015068A2,en,https://patents.google.com/patent/BR112021015068A2/en,https://patentimages.storage.googleapis.com/35/18/5f/c6b9bca57e788a/BR112021015068A2.pdf,General,Logistics Context,ALL,logistics customs value,logistics customs value,
patent/WO2008106661A2/en,Human transparency paradigm,"A computer implemented method, apparatus, and computer usable program code for source code located on a storage system in a network data processing system. The source code is written in a language for predicting human behavior. An interpreter, executing in the network data processing system, …",The Boeing Company,Jeffrey Hanneman,2008-09-04,2008-02-29,2007-03-01,,WO2008106661A2,en,https://patents.google.com/patent/WO2008106661A2/en,https://patentimages.storage.googleapis.com/a6/92/59/62b30227b3e407/WO2008106661A2.pdf,General,Logistics Context,ALL,logistics customs value,logistics customs value,
patent/EP4516030A2/en,Communication apparatuses and communication methods for multi-prach …,"The present disclosure provides communication apparatuses and communication methods for multi-PRACH transmissions. The communication apparatuses include a communication apparatus comprising: a receiver, which in operation, receives control information relating to a multi-PRACH transmission, and a …",Panasonic Intellectual Property Corporation of America,Xuan Tuong TRAN,2025-03-05,2023-04-21,2022-04-28,,EP4516030A2,en,https://patents.google.com/patent/EP4516030A2/en,,General,Logistics Context,ALL,logistics customs value,logistics customs value,
patent/US20240078001A1/en,Retargeting dashboard content as interactive data snapshots for collaboration …,"A computing device receives user selection of a first data element from a first data dashboard that is displayed on the computing device. The user selection designates the first data element as a first snapshot component of a first snapshot. In response to receiving the user selection, the …","Salesforce, Inc.",Hyeok Kim,2024-03-07,2023-08-30,2022-09-01,,US20240078001A1,en,https://patents.google.com/patent/US20240078001A1/en,https://patentimages.storage.googleapis.com/53/04/fc/2e40b9d3f0a77a/US20240078001A1.pdf,General,Logistics Context,ALL,logistics customs value,logistics customs value,
patent/US12272207B2/en,Systems and methods for slot machine game development utilizing artificial …,Systems and methods for developing a game of chance. The game of chance being at least partially developed using specialized artificial intelligence (AI) game design systems or specialized artificial intelligence game design system modules or components which may include different types of machine …,Sierra Artificial Neural Networks,David Colvin,2025-04-08,2023-07-18,2023-05-10,2025-04-08,US12272207B2,en,https://patents.google.com/patent/US12272207B2/en,https://patentimages.storage.googleapis.com/72/d7/3c/5c3e76adcab7f2/US12272207B2.pdf,General,Logistics Context,ALL,logistics customs value,logistics customs value,
patent/KR20220093097A/en,Fine generation method and system for automatically generating fines,A fine generating method for automatically generating fines related to a transport network associated with a transport network company. The method includes receiving real-time vehicle data related to a vehicle in a transportation network by a regulatory monitoring system. The method further …,로즈 앤드 트랜스포트 어쏘리티,타리크 이스마일,2022-07-05,2020-08-30,2019-09-02,,KR20220093097A,en,https://patents.google.com/patent/KR20220093097A/en,https://patentimages.storage.googleapis.com/eb/8c/2f/4ae123a5b9e9c9/KR20220093097A.pdf,General,Logistics Context,ALL,logistics customs value,logistics customs value,
patent/KR20220092494A/en,Vehicle operation detection method and device,A method of detecting the operation of a vehicle. The method includes generating seat data indicative of whether a vehicle occupant is occupying a seat using a seat sensor associated with a seat located in the vehicle. The method further includes receiving seat data from a seat sensor and …,로즈 앤드 트랜스포트 어쏘리티,타리크 이스마일,2022-07-01,2020-08-31,2019-09-02,,KR20220092494A,en,https://patents.google.com/patent/KR20220092494A/en,https://patentimages.storage.googleapis.com/d1/48/96/61f0964555b4c8/KR20220092494A.pdf,General,Logistics Context,ALL,logistics customs value,logistics customs value,
patent/EP4258126A1/en,Propagation of extensions of data artifacts,"Techniques and solutions are described for propagating extensions to data artifacts, such as data artifacts defining objects in a physical or virtual data model. One or more data artifacts are identified that are related to a first data artifact. One or more extension elements of the first data …",Sap Se,Daniel Buchmann,2023-10-11,2023-03-29,2022-04-05,,EP4258126A1,en,https://patents.google.com/patent/EP4258126A1/en,https://patentimages.storage.googleapis.com/c6/9d/0f/746b0846297b93/EP4258126A1.pdf,General,Logistics Context,ALL,logistics customs value,logistics customs value,
patent/US7529675B2/en,"Conversational networking via transport, coding and control conversational …","A system and method for implementing conversational protocols for distributed conversational networking architectures and/or distributed conversational applications, as well as real-time conversational computing between network-connected pervasive computing devices and/or servers over a computer …",International Business Machines Corporation,Stephane H. Maes,2009-05-05,2005-08-18,2000-11-01,2009-05-05,US7529675B2,en,https://patents.google.com/patent/US7529675B2/en,https://patentimages.storage.googleapis.com/7e/48/ba/f6722b06a13c7c/US7529675.pdf,General,Logistics Context,ALL,logistics customs value,logistics customs value,
patent/US5988348A/en,Coin discrimination apparatus and method,"A coin discrimination apparatus and method is provided. Coins, preferably after cleaning, e.g. using a trommel, are singulated by a coin pickup assembly configured to reduce jamming. A coin rail assists in providing separation between coins as they travel past a sensor. The sensor provides an …","Coinstar, Inc.",Doug Martin,1999-11-23,1997-06-27,1996-06-28,1999-11-23,US5988348A,en,https://patents.google.com/patent/US5988348A/en,https://patentimages.storage.googleapis.com/d3/09/9f/4edd41ab8c7fd6/US5988348.pdf,General,Logistics Context,ALL,logistics customs value,logistics customs value,
patent/US7984478B2/en,Method and apparatus for a receiver/decoder,"A method and apparatus relating to a receiver/decoder in a digital television environment, including logical devices (including logical demultiplexer devices) for representing physical and other devices in the receiver/decoder. The method includes the instantiation of devices by the receiver/ …",Canal + Technologies Societe Anonyme,Francois Le Crom,2011-07-19,2002-08-21,2001-08-21,2011-07-19,US7984478B2,en,https://patents.google.com/patent/US7984478B2/en,https://patentimages.storage.googleapis.com/f1/77/68/f3774c950580c8/US7984478.pdf,General,Logistics Context,ALL,logistics customs value,logistics customs value,
patent/US7593620B2/en,File and content management,"Disclosed herein is a table mapping a data offset in a bitstream, apparatus for evaluating position in a bitstream, and a command for controlling the transfer of a bitstream.",Thomson Licensing S.A.,Andre Surcouf,2009-09-22,2002-08-21,2001-08-21,2009-09-22,US7593620B2,en,https://patents.google.com/patent/US7593620B2/en,https://patentimages.storage.googleapis.com/ee/31/8f/dad5d7c55d2628/US7593620.pdf,General,Logistics Context,ALL,logistics customs value,logistics customs value,
patent/US6196371B1/en,Coin discrimination apparatus and method,"A coin discrimination apparatus and method is provided. Coins, preferably after cleaning, e.g. using a trommel, are singulated by a coin pickup assembly configured to reduce jamming. A coin rail assists in providing separation between coins as they travel past a sensor. The sensor provides an …","Coinstar, Inc.",Douglas Alan Martin,2001-03-06,1998-06-26,1996-06-28,2001-03-06,US6196371B1,en,https://patents.google.com/patent/US6196371B1/en,https://patentimages.storage.googleapis.com/50/6a/2d/0ab3f0cd3207f7/US6196371.pdf,General,Logistics Context,ALL,logistics customs value,logistics customs value,
patent/US7590860B2/en,Secure data processing apparatus,"A method for processing data involving receiving a scrambled program and encrypted data including at least one control word used to descramble the scrambled program at a receiver/decoder operatively connected to a mass storage device. If a user does not initially have the necessary access rights, …",Thomson Licensing S.A.,David Leporini,2009-09-15,2002-11-14,2001-12-12,2009-09-15,US7590860B2,en,https://patents.google.com/patent/US7590860B2/en,https://patentimages.storage.googleapis.com/c7/53/a3/82fb2d06e6ebce/US7590860.pdf,General,Logistics Context,ALL,logistics customs value,logistics customs value,
patent/US7631296B2/en,Rules framework for definition and execution of end-user rules logic,A rules-based software architecture that provides the infrastructure for the definition and execution of end-user rules logic. This enables end-user automation of data in a unified storage platform using simple IF-THEN rules. The architecture includes a monitoring component that tracks items …,Microsoft Corporation,Praveen Seshadri,2009-12-08,2004-07-30,2004-04-30,2009-12-08,US7631296B2,en,https://patents.google.com/patent/US7631296B2/en,https://patentimages.storage.googleapis.com/0f/cb/1e/447f2f5b7c7399/US7631296.pdf,General,Logistics Context,ALL,logistics customs value,logistics customs value,
patent/EP1625513B1/en,Rules framework for definition and execution of end-user rules logic,A system for automating data management in end-user software comprising: a monitoring component (102) that tracks items associated with end-user data of said end-user software and a rules component (104) that employs rules associated with the tracked items to provide for automated handling of a …,"Microsoft Technology Licensing, LLC",Praveen Seshadri,2018-04-18,2004-07-30,2004-04-30,2018-04-18,EP1625513B1,en,https://patents.google.com/patent/EP1625513B1/en,https://patentimages.storage.googleapis.com/e3/69/04/0366b7fc4dd02e/EP1625513B1.pdf,General,Logistics Context,ALL,logistics customs value,logistics customs value,
patent/AU713314B2/en,Invoice purchase order system,18. The method of claim 1 frt~her including the step of: 2 negotiating payment under said letter of credit betwn- said custarmer and 3 said manufacturer after sad customer has been made aware of said difference 4 contained in said first message. 9. The method of claim I wherein said difference is …,"Citibank, N.A.",Robert Bugg,1999-11-25,1997-02-07,1996-02-09,1999-11-25,AU713314B2,en,https://patents.google.com/patent/AU713314B2/en,https://patentimages.storage.googleapis.com/fd/fd/73/2254e497fc2a7d/AU713314B2.pdf,General,Logistics Context,ALL,logistics customs value,logistics customs value,
patent/EP1667452B1/en,Virtual personalized tv channel,"A receiver is disclosed, comprising means for receiving a programme stream, and means for replacing portion of the programme stream with a locally stored programme. Other aspects of the invention are also presented.",Thomson Licensing,Bertrand Wendling,2011-11-30,2002-06-11,2001-06-11,2011-11-30,EP1667452B1,en,https://patents.google.com/patent/EP1667452B1/en,https://patentimages.storage.googleapis.com/ad/31/6b/820221a7b663d7/EP1667452B1.pdf,General,Logistics Context,ALL,logistics customs value,logistics customs value,
patent/US7339887B2/en,Multipoint protected switching ring,"Normal 802.3 Ethernet requires a tree topology. If a ring or a loop exists, then packets will be forwarded around the ring indefinitely. If the ring is broken, then there is no possibility of packets being propagated forever. This invention shows how to quickly impose a virtual break in the ring …","Overture Networks, Inc.",David Stephen Griswold,2008-03-04,2005-07-13,2003-05-06,2008-03-04,US7339887B2,en,https://patents.google.com/patent/US7339887B2/en,https://patentimages.storage.googleapis.com/69/07/4c/21502bf72ff38b/US7339887.pdf,General,Logistics Context,ALL,logistics customs value,logistics customs value,
patent/US5541759A/en,Single fiber transceiver and network,"A single fiber transceiver is for use in a node of a single fiber network. The transceiver repeats signals received from one node to the next node. The node may have a processor, such as a sensor or controller, connected to the transceiver for receiving signals from the network or transmitting …","Microsym Computers, Inc.",Gregory E. Neff,1996-07-30,1995-05-09,1995-05-09,1996-07-30,US5541759A,en,https://patents.google.com/patent/US5541759A/en,https://patentimages.storage.googleapis.com/49/39/8a/34eae9024def7c/US5541759.pdf,General,Logistics Context,ALL,logistics customs value,logistics customs value,
patent/US20030167355A1/en,Application program interface for network software platform,An application program interface (API) provides a set of functions for application developers who build Web applications on Microsoft Corporation's .NET™ platform.,Smith Adam W.,Adam Smith,2003-09-04,2001-07-10,2001-07-10,,US20030167355A1,en,https://patents.google.com/patent/US20030167355A1/en,https://patentimages.storage.googleapis.com/c7/de/b7/32344f437f95d0/US20030167355A1.pdf,General,Logistics Context,ALL,logistics customs value,logistics customs value,
patent/US20030167356A1/en,Application program interface for network software platform,"An application program interface (API) provides a set of functions, including a set of base classes and types that are used in substantially all applications accessing the API, for application developers who build Web applications on Microsoft Corporation's .NET™ platform.",Smith Adam W.,Adam Smith,2003-09-04,2001-07-10,2001-07-10,,US20030167356A1,en,https://patents.google.com/patent/US20030167356A1/en,,General,Logistics Context,ALL,logistics customs value,logistics customs value,
patent/EP1286537A2/en,Routing and processing data,"The present invention discloses a routing apparatus (8070) for routing data in a receiver/decoder. The routing apparatus comprises means for receiving realtime user routing control information (8092) and means for routing (8072) the data from an input (8010,8012) to an output (8078), to storage …",Canal+ Technologies Société Anonyme,André Surcouf,2003-02-26,2001-12-13,2001-08-21,,EP1286537A2,en,https://patents.google.com/patent/EP1286537A2/en,https://patentimages.storage.googleapis.com/e3/2b/3e/90f425cd1e297c/EP1286537A2.pdf,General,Logistics Context,ALL,logistics customs value,logistics customs value,
patent/JP3927647B2/en,"Information processing apparatus, information processing method, and …","An information processing apparatus connected to a serious bus, Transmitting means for transmitting a specific request to the serial bus; Determination means for determining whether a cycle master necessary for performing synchronous transfer is on the serial bus based on a response corresponding …",キヤノン株式会社,耕司 福長,2007-06-13,1997-04-21,1997-04-21,2007-06-13,JP3927647B2,en,https://patents.google.com/patent/JP3927647B2/en,https://patentimages.storage.googleapis.com/b3/cf/bf/085249e7eac034/JP3927647B2.pdf,General,Logistics Context,ALL,logistics customs value,logistics customs value,
patent/US20030172196A1/en,Application program interface for network software platform,An application program interface (API) provides a set of functions that make available support for processing XML documents for application developers who build Web applications on Microsoft Corporation's .NET™ platform.,Anders Hejlsberg,Anders Hejlsberg,2003-09-11,2001-07-10,2001-07-10,,US20030172196A1,en,https://patents.google.com/patent/US20030172196A1/en,https://patentimages.storage.googleapis.com/b7/57/37/e10fd0833280b7/US20030172196A1.pdf,General,Logistics Context,ALL,logistics customs value,logistics customs value,
patent/US20040122661A1/en,"Method, system, and computer program product for storing, managing and using …","A method, system, and computer program product for storing and managing a knowledge profile are described. The knowledge is stored in knowledge units representative of unconstrained natural language (NL). Any given knowledge unit is associatable with at least one other knowledge unit with the …",Gensym Corporation,Lowell Hawkinson,2004-06-24,2003-07-25,2002-12-23,,US20040122661A1,en,https://patents.google.com/patent/US20040122661A1/en,https://patentimages.storage.googleapis.com/46/7a/d8/d7573bf8f34e6f/US20040122661A1.pdf,General,Logistics Context,ALL,logistics customs value,logistics customs value,
patent/BR112021004248A2/en,ore monitoring,"ore monitoring. Systems and methods are disclosed for estimating the magnitude of an ore load, determining the particle size distribution (psd) of ore, recognizing foreign material in ore images, monitoring ore, and monitoring mineral processing equipment. an image of an ore transport vehicle ( …",Stone Three Digital (Pty) Ltd,Shaun George Irwin,2021-05-18,2019-09-06,2018-09-07,,BR112021004248A2,en,https://patents.google.com/patent/BR112021004248A2/en,https://patentimages.storage.googleapis.com/11/24/fb/954c5975aff356/BR112021004248A2.pdf,General,Logistics Context,ALL,logistics customs value,logistics customs value,
patent/HK1231998A1/en,Systems and methods for probabilistic semantic sensing in a sensory network,Systems and methods for probabilistic semantic sensing in a sensory network are disclosed. The system receives raw sensor data from a plurality of sensors and generates semantic data including sensed events. The system correlates the semantic data based on classifiers to generate aggregations of …,Verizon Patent And Licensing Inc.,彼得·雷蒙德·弗洛朗斯,2017-12-29,2015-03-06,2014-03-06,,HK1231998A1,en,https://patents.google.com/patent/HK1231998A1/en,https://patentimages.storage.googleapis.com/aa/ff/bd/dc85c0e9bf5b85/HK1231998A1.pdf,General,Logistics Context,ALL,logistics customs value,logistics customs value,
patent/EP1286351B1/en,File and content management,"Method of random access to a variable bit rate data stream representative of audio-visual data stored in a file, for reproducing the accessed data, wherein the variable bit rate data stream is encrypted to provide access control, wherein encryption information is located at multiple data positions …",Thomson Licensing,André c/o Canal+ Technologies SA Surcouf,2012-08-08,2002-08-21,2001-08-21,2012-08-08,EP1286351B1,en,https://patents.google.com/patent/EP1286351B1/en,https://patentimages.storage.googleapis.com/7a/95/1f/10fe1dfe28ab04/EP1286351B1.pdf,General,Logistics Context,ALL,logistics customs value,logistics customs value,
patent/AU2005200256A1/en,Coin discrimination apparatus and method,"1. Apparatus usable in a coin handlin device, for coin pickup camprising a hopper for receing a plurality of randomly oriented coins; a disk assembly, adjacent a portion of said hopper, defining at last a portion of a coin pickup padtnwy lying in a substantiall annula reon, at a first angle with …","Coinstar, Llc",Rodrigo Berho,2005-02-17,2005-01-21,1996-06-28,,AU2005200256A1,en,https://patents.google.com/patent/AU2005200256A1/en,https://patentimages.storage.googleapis.com/81/9c/67/1644fda7918b0e/AU2005200256A1.pdf,General,Logistics Context,ALL,logistics customs value,logistics customs value,
patent/WO2022211696A1/en,User equipment reporting of reconnection after link failure,"Embodiments include methods for a user equipment (UE) to report link failures in a wireless network. Such methods include, after a link failure (e.g., radio link failure or handover failure) and a failed connection reestablishment in a first public land mobile network (PLMN), connecting to a first …",Telefonaktiebolaget Lm Ericsson (Publ),Pradeepa Ramachandra,2022-10-06,2022-03-18,2021-03-31,,WO2022211696A1,en,https://patents.google.com/patent/WO2022211696A1/en,https://patentimages.storage.googleapis.com/a3/37/09/0e919e05bd8f3f/WO2022211696A1.pdf,General,Logistics Context,ALL,logistics customs value,logistics customs value,
patent/AU2002334278A1/en,Method and apparatus for a receiver/decoder,"1. A logical device for a receiver/decoder, preferably excluding a software device which corresponds to a single hardware device. 2. A logical device according to Claim 1, comprising means for binding the logical device to a further device. 3. A logical device according to Claim 2, wherein the …",Thomson Licensing,Francois Lecrom,2003-06-05,2002-08-21,2001-08-21,,AU2002334278A1,en,https://patents.google.com/patent/AU2002334278A1/en,,General,Logistics Context,ALL,logistics customs value,logistics customs value,
patent/BR112020025892A2/en,HETEROCYCLEN DERIVATIVES AS PEST CONTROL AGENTS,"the invention relates to the compounds of the formula (i) (i) in which x, r1, r2, r3, ven have the meanings provided above, their use as acaricides and / or insecticides for animal pest control and methods and intermediaries for their preparation.",Bayer Aktiengesellschaft,Matthieu Willot,2021-03-16,2019-06-19,2018-06-26,,BR112020025892A2,en,https://patents.google.com/patent/BR112020025892A2/en,https://patentimages.storage.googleapis.com/22/e7/f6/1bb1414c6c7b15/BR112020025892A2.pdf,General,Logistics Context,ALL,logistics customs value,logistics customs value,
patent/WO2004019613A2/en,System and method for broadcast testing,"1. A service plan editor for creating and editing a service plan relating to a digital transmission system, comprising a) a user interface for receiving user input, the user input comprising data relating to the digital transmission system; b) means for compiling the service plan from the data;",Canal + Technologies,Xavier Arques,2004-03-04,2003-08-19,2002-08-21,,WO2004019613A2,en,https://patents.google.com/patent/WO2004019613A2/en,https://patentimages.storage.googleapis.com/6d/ae/9a/135292ababbb7a/WO2004019613A2.pdf,General,Logistics Context,ALL,logistics customs value,logistics customs value,
patent/MXPA99008545A/en,Access control system,"CLAIMS 1. A method to create a channel of communication between a program and a component of a computer system, the method comprising the steps of: storing associated logical devices with respective components in the computer system, each logical device having an identifier of respective device;",Canal+ Societe Anonyme,Sarfati Jeanclaude,2000-08-01,1999-09-17,1997-03-21,,MXPA99008545A,en,https://patents.google.com/patent/MXPA99008545A/en,,General,Logistics Context,ALL,logistics customs value,logistics customs value,
patent/BR112019023687A2/en,TARGETED PREVENTION OF TRANSMISSION OF VERTICAL INFECTION FROM MOTHER TO FETUS,"the present invention relates to the targeted prevention of vertical transmission of infection between mother and fetus. more particularly, the invention relates to methods for preventing neonatal rc receptor (fcrn) mediated virus transmission, preferably flavivirus, more preferably zika virus ( …",National University Of Singapore,St. John Ashley,2020-06-02,2018-05-10,2017-05-11,,BR112019023687A2,en,https://patents.google.com/patent/BR112019023687A2/en,https://patentimages.storage.googleapis.com/6f/ba/b0/8debd97aac82e2/BR112019023687A2.pdf,General,Logistics Context,ALL,logistics customs value,logistics customs value,
patent/HUP0001481A2/en,"Method for downloading a computer file from a transmitter to a computer, as …","A process of downloading a computer file from a transmitter to a computer through a receiver and decoding device, during which the file or a part of it is broken down into a block consisting of data blocks R, then each data block is further divided into blocks C, and then a block of redundancy …",CANAL + Socíete Anonyme,Jean-Bernard Gérard Maurice Beuque,2000-09-28,1997-04-25,1997-03-21,,HUP0001481A2,en,https://patents.google.com/patent/HUP0001481A2/en,,General,Logistics Context,ALL,logistics customs value,logistics customs value,
patent/US7297113B1/en,Microsensor system and method for measuring data,One embodiment is a microprobe. An example of the microprobe comprises a housing having an aperture. This example of the microprobe also comprises an ISFET attached to the housing. The ISFET may have a gate located proximate the aperture. This example of the microprobe further comprises a …,United States Of America As Represented By The Secretary Of The Navy,Stephen D. Russell,2007-11-20,2004-06-18,2003-04-25,2007-11-20,US7297113B1,en,https://patents.google.com/patent/US7297113B1/en,https://patentimages.storage.googleapis.com/0e/4b/53/2a6a7fe4b1e7bb/US7297113.pdf,General,Logistics Context,ALL,logistics customs value,logistics customs value,
patent/CZ331799A3/en,Access control system,"An access control system and a way to ensure access is described program to at least one computer component system. The method includes the steps of storing a logical device (4060) associated with said or each respective component in said system, wherein said or each the logic device (4060) has a …",Canal+ Societe Anonyme,Jean-Claude Sarfati,2000-06-14,1997-04-25,1997-04-25,,CZ331799A3,en,https://patents.google.com/patent/CZ331799A3/en,https://patentimages.storage.googleapis.com/a3/fd/7e/0fee4db0623d39/CZ331799A3.pdf,General,Logistics Context,ALL,logistics customs value,logistics customs value,
patent/NZ500205A/en,Common interface between applications and computer components,"To enable an application stored in and executable on a receiver/decoder to receive a message concerning a function performed by a component of the receiver/decoder, logical devices representing a function of the receiver/decoder and being separate from the component of the receiver/decoder for …",Canal Plus Sa,Jean-Claude Sarfati,2001-11-30,1997-04-25,1997-03-21,,NZ500205A,en,https://patents.google.com/patent/NZ500205A/en,,General,Logistics Context,ALL,logistics customs value,logistics customs value,
patent/KR20000076405A/en,Acess control system,"Access Control System {ACESS CONTROL SYSTEM} The emergence of digital transmission systems, whose primary use was intended for broadcast television signals, but not exclusively, especially for satellite television systems, has been the use of these digital transmission systems for other purposes.",삐에르 레꾸르,크리스토프 디클레르크,2000-12-26,1997-04-25,1997-03-21,,KR20000076405A,en,https://patents.google.com/patent/KR20000076405A/en,https://patentimages.storage.googleapis.com/9d/e2/31/7ed6f3af8e0c4f/KR20000076405A.pdf,General,Logistics Context,ALL,logistics customs value,logistics customs value,
patent/MXPA00007588A/en,Configuring method and device,"A device for use in a receiver/decoder operable with different conditional access systems, the receiver/decoder including means for manipulating data received by the receiver/decoder according to a manipulation protocol which is configurable in dependence on the conditional access system, and …",Canal+ Societe Anonyme,Christophe Declerck,2001-07-03,2000-08-02,1998-02-04,,MXPA00007588A,en,https://patents.google.com/patent/MXPA00007588A/en,,General,Logistics Context,ALL,logistics customs value,logistics customs value,
patent/US11249082B2/en,Zika virus assay systems,"Provided herein are Zika virus (ZIKV) binding constructs, e.g., antibodies and antigen-binding fragments thereof and antibody mimetics, as well as related conjugates, polypeptides, nucleic acids, expression vectors, host cells, kits, and assay systems. Methods detecting ZIKV infection and/or ZIKV …",University Of Miami,Sylvia Daunert,2022-02-15,2019-06-14,2016-10-29,2022-02-15,US11249082B2,en,https://patents.google.com/patent/US11249082B2/en,https://patentimages.storage.googleapis.com/7e/27/cf/e1a58aac510ef9/US11249082.pdf,General,Logistics Context,ALL,logistics customs value,logistics customs value,
patent/EP4309815A1/en,Method for the application of defined inorganic fine solid particles,"A method for reusing harmless inert inactive inorganic starting materials is presented, for example type I waste materials, which in particular do not react with hydraulic binders and water, comprising the steps: feeding the starting materials to a grinding or pulverization process, setting up the …",Gesellschaft für innovative und nachhaltige Lösungen im Bauwesen UG,,2024-01-24,2023-07-16,2022-07-17,,EP4309815A1,en,https://patents.google.com/patent/EP4309815A1/en,https://patentimages.storage.googleapis.com/8b/6c/4b/5db22b05046c54/EP4309815A1.pdf,General,Logistics Context,ALL,logistics customs value,logistics customs value,
patent/EP1286549A2/en,Receiver/decoder and module for use with a receiver/decoder,"A receiver/decoder (2000) is disclosed comprising a host processor (2002), a co-processor (2004) and a communication channel (2006) for communication between the host processor and the co-processor. By providing two separate processors within the receiver/decoder, greater processing power and …",Canal+ Technologies Société Anonyme,Thierry c/o Canal+ Technologies S.A. Danis,2003-02-26,2002-04-23,2001-08-21,,EP1286549A2,en,https://patents.google.com/patent/EP1286549A2/en,https://patentimages.storage.googleapis.com/e0/4b/db/b19c15e86beea5/EP1286549A2.pdf,General,Logistics Context,ALL,logistics customs value,logistics customs value,
patent/US20250274986A1/en,Communication apparatuses and communication methods for multi-prach …,"The present disclosure provides communication apparatuses and communication methods for multi-PRACH transmissions with limited bandwidth. The communication apparatuses include a communication apparatus comprising: circuitry which, in operation, determines a first uplink (UL) band associated with …",Panasonic Intellectual Property Corporation Of America,Xuan Tuong TRAN,2025-08-28,2023-04-21,2022-04-28,,US20250274986A1,en,https://patents.google.com/patent/US20250274986A1/en,,General,Logistics Context,ALL,logistics customs value,logistics customs value,
patent/DE69912098T2/en,CONFIGURATION METHOD AND DEVICE,"A device for use in a receiver/decoder operable with different conditional access systems, the receiver/decoder including means for manipulating data received by the receiver/decoder according to a manipulation protocol which is configurable in dependence on the conditional access system, and …",Canal + Technologies,Jerome Meric,2004-07-15,1999-02-03,1998-02-04,2004-07-15,DE69912098T2,en,https://patents.google.com/patent/DE69912098T2/en,https://patentimages.storage.googleapis.com/66/f3/09/72e8b634de7a68/DE69912098T2.pdf,General,Logistics Context,ALL,logistics customs value,logistics customs value,
patent/CN119790419A/en,Redirecting dashboard content into interactive data snapshots of a …,"The computing device receives a user selection of a first data element from a first data dashboard displayed on the computing device. The user selection designates the first data element as a first snapshot component of a first snapshot. In response to receiving the user selection, the computing …",硕动力公司,H·金,2025-04-08,2023-08-31,2022-09-01,,CN119790419A,en,https://patents.google.com/patent/CN119790419A/en,https://patentimages.storage.googleapis.com/04/c2/eb/395d673eb91760/CN119790419A.pdf,General,Logistics Context,ALL,logistics customs value,logistics customs value,
patent/WO2024220081A1/en,Dynamic encryption for secure personal identification number entry,"The present disclosure provides various devices, systems, and methods for securely providing a personal identification number (PIN), for securely accepting a PIN, and for authenticating a transaction based on a securely provided PIN. In one aspect, a method for securely providing a user PIN can …",Visa International Service Association,Yuexi Chen,2024-10-24,2023-04-21,2023-04-21,,WO2024220081A1,en,https://patents.google.com/patent/WO2024220081A1/en,https://patentimages.storage.googleapis.com/65/62/ab/d13ec9c687082f/WO2024220081A1.pdf,General,Logistics Context,ALL,logistics customs value,logistics customs value,
patent/EP1328114A1/en,Image resolution management in a receiver/decoder,"A receiver/decoder is disclosed, essentially comprising means for receiving an audiovisual bit stream at a given input resolution, and means for selecting an output resolution to be applied to an output representation of the audiovisual bit stream.",Canal+ Technologies Société Anonyme,Stéphane Canal+ Tech.Societe Anonyme Allizon,2003-07-16,2002-01-10,2002-01-10,,EP1328114A1,en,https://patents.google.com/patent/EP1328114A1/en,https://patentimages.storage.googleapis.com/04/9d/a0/6c310b59953aca/EP1328114A1.pdf,General,Logistics Context,ALL,logistics customs value,logistics customs value,
patent/US20250308323A1/en,Systems and methods for game development utilizing animation-based artificial …,Systems and methods for developing a game of chance. The game of chance being at least partially developed using specialized artificial intelligence (AI) game design systems or specialized artificial intelligence game design system modules or components which may include different types of machine …,Sierra Artificial Neural Networks,David Colvin,2025-10-02,2025-03-17,2023-05-10,,US20250308323A1,en,https://patents.google.com/patent/US20250308323A1/en,,General,Logistics Context,ALL,logistics customs value,logistics customs value,
patent/WO2024196410A1/en,Secure personal identification number entry for transactions using a portable …,"The present disclosure provides various devices, systems, and methods for securely providing a personal identification number (PIN), securely receiving a PIN, and/or authenticating a transaction based on a securely provided PIN. In one aspect, a method for securely providing a PIN can include …",Visa International Service Association,Yuexi Chen,2024-09-26,2023-03-17,2023-03-17,,WO2024196410A1,en,https://patents.google.com/patent/WO2024196410A1/en,https://patentimages.storage.googleapis.com/d3/f8/5b/c91a0f2def2b26/WO2024196410A1.pdf,General,Logistics Context,ALL,logistics customs value,logistics customs value,
patent/HK40006940A/en,Encrypted userdata transit and storage,"1. A method of processing data, comprising: at least one processor accessing a data storage unit providing at least one input data object and at least one transition command to be performed on the at least one input data object; and causing the at least one transition command to act on the at …",Nuts Holdings Llc,鱼允浩,2020-05-29,2017-08-31,2016-09-15,,HK40006940A,en,https://patents.google.com/patent/HK40006940A/en,https://patentimages.storage.googleapis.com/ac/1d/ac/e6c480133b715d/HK40006940A.pdf,General,Logistics Context,ALL,logistics customs value,logistics customs value,
patent/KR20210112130A/en,Treatment video display device,"According to some embodiments of the present invention, a treatment image display device is disclosed. The treatment image display device comprises: a photographing unit which obtains an image including a treatment device and a treatment site of a patient; a control unit which analyzes the image …",(주)이끌레오,이근용,2021-09-14,2020-03-04,2020-03-04,,KR20210112130A,en,https://patents.google.com/patent/KR20210112130A/en,https://patentimages.storage.googleapis.com/56/96/f7/02b41bc8223198/KR20210112130A.pdf,General,Logistics Context,ALL,logistics customs value,logistics customs value,
patent/BR112021024750B1/en,USER TERMINAL EMULATION SERVER AND METHOD FOR PROVIDING COMMUNICATION SERVICES …,"COMPUTER READABLE NON-TRAINING MEDIA, USER TERMINAL EMULATION SERVER AND RELATED METHOD. A user terminal emulation server maintains a database identifying network addresses, UI capabilities, and locations of user I/O devices. Communication sessions are established between the first and second user …",Telefonaktiebolaget Lm Ericsson (Publ),Hans Hannu,2024-05-07,2019-06-20,,,BR112021024750B1,en,https://patents.google.com/patent/BR112021024750B1/en,https://patentimages.storage.googleapis.com/fc/e2/ec/fbdc7c119ce534/BR112021024750B1.pdf,General,Logistics Context,ALL,logistics customs value,logistics customs value,
